province,province_key,year,geographical_region,statistical_region,population,in_migration,out_migration,net_migration,net_migration_rate,active_insured_total,active_insured_share_of_population,education_population_6_plus,illiterate_total,literate_no_diploma_total,lower_secondary_total,upper_secondary_total,university_total,masters_total,doctorate_total,illiterate_rate,upper_secondary_rate,university_rate,postgraduate_rate,higher_education_share,tr_code,academic_year,upper_secondary_gross_enrollment_rate,general_secondary_gross_enrollment_rate,vocational_secondary_gross_enrollment_rate,investigation_files_total_load,investigation_files_carry_in,investigation_files_opened,investigation_files_closed,investigation_files_carry_out,investigation_files_total_load_per_100k,investigation_files_opened_per_100k
Adana,adana,2011,Akdeniz,Akdeniz,,,,,,395819,,,,,,,,,,,,,,,TR621,2010-2011,83.89,53.56,30.32,171394.0,82061.0,89333.0,84244.0,87150.0,,
Adana,adana,2012,Akdeniz,Akdeniz,,,,,,409450,,,,,,,,,,,,,,,TR621,2011-2012,88.57,55.67,32.9,179927.0,87152.0,92775.0,86311.0,93616.0,,
Adana,adana,2013,Akdeniz,Akdeniz,,,,,,431585,,,,,,,,,,,,,,,TR621,2012-2013,91.44,57.3,34.14,193630.0,93615.0,100015.0,93783.0,99847.0,,
Adana,adana,2014,Akdeniz,Akdeniz,,,,,,454816,,,,,,,,,,,,,,,TR621,2013-2014,99.28,58.2,41.09,203390.0,101350.0,102040.0,93951.0,109439.0,,
Adana,adana,2015,Akdeniz,Akdeniz,,,,,,476002,,,,,,,,,,,,,,,TR621,2014-2015,119.1,70.04,49.06,211659.0,109439.0,102220.0,100783.0,110876.0,,
Adana,adana,2016,Akdeniz,Akdeniz,,,,,,496007,,,,,,,,,,,,,,,TR621,2015-2016,106.16,59.59,46.57,218678.0,110877.0,107801.0,95175.0,123503.0,,
Adana,adana,2017,Akdeniz,Akdeniz,,,,,,518239,,,,,,,,,,,,,,,TR621,2016-2017,104.12,59.03,45.08,237840.0,123504.0,114336.0,106004.0,131836.0,,
Adana,adana,2018,Akdeniz,Akdeniz,,,,,,505842,,,,,,,,,,,,,,,TR621,2017-2018,109.87,59.76,50.1,242187.0,131835.0,110352.0,102989.0,139198.0,,
Adana,adana,2019,Akdeniz,Akdeniz,,,,,,492260,,,,,,,,,,,,,,,TR621,2018-2019,109.94,62.99,46.95,241380.0,139198.0,102182.0,110396.0,130984.0,,
Adana,adana,2020,Akdeniz,Akdeniz,,,,,,521356,,,,,,,,,,,,,,,TR621,2019-2020,112.99,68.67,44.32,230176.0,130984.0,99192.0,97261.0,132915.0,,
Adana,adana,2021,Akdeniz,Akdeniz,2263373.0,53649.0,65628.0,-11979.0,-5.278574930184138,548478,0.24232771178237084,2045393.0,59516.0,221690.0,384204.0,459128.0,288827.0,31690.0,4606.0,0.029097586625162,0.2244693318105615,0.1412085599197807,0.0177452450458176,0.1589538049655983,TR621,2020-2021,126.24,77.9,48.34,245731.0,132916.0,112815.0,109810.0,135921.0,10856.849489677574,4984.375089744377
Adıyaman,adiyaman,2011,Güneydoğu Anadolu,Güneydoğu Anadolu,,,,,,81411,,,,,,,,,,,,,,,TRC12,2010-2011,77.11,53.89,23.22,22908.0,5746.0,17162.0,15644.0,7264.0,,
Adıyaman,adiyaman,2012,Güneydoğu Anadolu,Güneydoğu Anadolu,,,,,,82654,,,,,,,,,,,,,,,TRC12,2011-2012,84.26,57.53,26.73,24581.0,7264.0,17317.0,16914.0,7667.0,,
Adıyaman,adiyaman,2013,Güneydoğu Anadolu,Güneydoğu Anadolu,,,,,,82404,,,,,,,,,,,,,,,TRC12,2012-2013,90.82,59.1,31.72,24558.0,7667.0,16891.0,16244.0,8314.0,,
Adıyaman,adiyaman,2014,Güneydoğu Anadolu,Güneydoğu Anadolu,,,,,,85726,,,,,,,,,,,,,,,TRC12,2013-2014,104.15,59.08,45.07,25779.0,8324.0,17455.0,16088.0,9691.0,,
Adıyaman,adiyaman,2015,Güneydoğu Anadolu,Güneydoğu Anadolu,,,,,,92680,,,,,,,,,,,,,,,TRC12,2014-2015,109.53,54.19,55.34,26773.0,9691.0,17082.0,15745.0,11028.0,,
Adıyaman,adiyaman,2016,Güneydoğu Anadolu,Güneydoğu Anadolu,,,,,,98920,,,,,,,,,,,,,,,TRC12,2015-2016,112.68,54.47,58.21,29493.0,11028.0,18465.0,14771.0,14722.0,,
Adıyaman,adiyaman,2017,Güneydoğu Anadolu,Güneydoğu Anadolu,,,,,,108171,,,,,,,,,,,,,,,TRC12,2016-2017,107.14,52.14,55.0,34745.0,14721.0,20024.0,19226.0,15519.0,,
Adıyaman,adiyaman,2018,Güneydoğu Anadolu,Güneydoğu Anadolu,,,,,,108193,,,,,,,,,,,,,,,TRC12,2017-2018,116.74,60.8,55.93,36289.0,15519.0,20770.0,19685.0,16604.0,,
Adıyaman,adiyaman,2019,Güneydoğu Anadolu,Güneydoğu Anadolu,,,,,,107325,,,,,,,,,,,,,,,TRC12,2018-2019,108.08,55.98,52.1,37162.0,16604.0,20558.0,20982.0,16180.0,,
Adıyaman,adiyaman,2020,Güneydoğu Anadolu,Güneydoğu Anadolu,,,,,,115334,,,,,,,,,,,,,,,TRC12,2019-2020,112.32,63.35,48.97,34792.0,16180.0,18612.0,17924.0,16868.0,,
Adıyaman,adiyaman,2021,Güneydoğu Anadolu,Güneydoğu Anadolu,632148.0,17598.0,24860.0,-7262.0,-11.42220803140714,123525,0.1954051899238786,561169.0,28386.0,66093.0,115668.0,114273.0,67126.0,7011.0,870.0,0.0505836922566998,0.203633842924324,0.1196181542458688,0.0140438976493712,0.1336620518952401,TRC12,2020-2021,128.91,71.81,57.1,37040.0,16868.0,20172.0,19355.0,17685.0,5859.387358656517,3191.024886577194
Afyonkarahisar,afyonkarahisar,2011,Ege,Ege,,,,,,143551,,,,,,,,,,,,,,,TR332,2010-2011,73.97,31.47,42.5,40014.0,12086.0,27928.0,27582.0,12432.0,,
Afyonkarahisar,afyonkarahisar,2012,Ege,Ege,,,,,,145548,,,,,,,,,,,,,,,TR332,2011-2012,77.91,32.01,45.9,39718.0,12432.0,27286.0,25836.0,13882.0,,
Afyonkarahisar,afyonkarahisar,2013,Ege,Ege,,,,,,145474,,,,,,,,,,,,,,,TR332,2012-2013,79.53,31.86,47.67,41482.0,13882.0,27600.0,26822.0,14660.0,,
Afyonkarahisar,afyonkarahisar,2014,Ege,Ege,,,,,,152608,,,,,,,,,,,,,,,TR332,2013-2014,91.7,42.4,49.3,44258.0,14660.0,29598.0,28066.0,16192.0,,
Afyonkarahisar,afyonkarahisar,2015,Ege,Ege,,,,,,160345,,,,,,,,,,,,,,,TR332,2014-2015,99.75,47.72,52.04,46159.0,16192.0,29967.0,29956.0,16203.0,,
Afyonkarahisar,afyonkarahisar,2016,Ege,Ege,,,,,,166664,,,,,,,,,,,,,,,TR332,2015-2016,101.85,53.45,48.4,46792.0,16205.0,30587.0,26200.0,20592.0,,
Afyonkarahisar,afyonkarahisar,2017,Ege,Ege,,,,,,175024,,,,,,,,,,,,,,,TR332,2016-2017,100.65,52.93,47.72,58690.0,20592.0,38098.0,34597.0,24093.0,,
Afyonkarahisar,afyonkarahisar,2018,Ege,Ege,,,,,,172200,,,,,,,,,,,,,,,TR332,2017-2018,106.72,58.79,47.93,60964.0,24090.0,36874.0,36547.0,24417.0,,
Afyonkarahisar,afyonkarahisar,2019,Ege,Ege,,,,,,170045,,,,,,,,,,,,,,,TR332,2018-2019,108.11,62.53,45.57,60935.0,24417.0,36518.0,35745.0,25190.0,,
Afyonkarahisar,afyonkarahisar,2020,Ege,Ege,,,,,,181378,,,,,,,,,,,,,,,TR332,2019-2020,109.42,67.81,41.6,61125.0,25191.0,35934.0,33273.0,27852.0,,
Afyonkarahisar,afyonkarahisar,2021,Ege,Ege,744179.0,24643.0,25327.0,-684.0,-0.9187114936986333,188652,0.2535035253615058,673807.0,13759.0,63675.0,125607.0,131685.0,77604.0,8753.0,1482.0,0.0204197937985209,0.1954343009199964,0.1151724455222341,0.0151898095448696,0.13036225506710378,TR332,2020-2021,120.48,77.77,42.72,66428.0,27852.0,38576.0,37324.0,29104.0,8926.34702134836,5183.699083150694
Aksaray,aksaray,2011,İç Anadolu,Orta Anadolu,,,,,,73400,,,,,,,,,,,,,,,TR712,2010-2011,65.43,38.71,26.72,16777.0,5160.0,11617.0,10638.0,6139.0,,
Aksaray,aksaray,2012,İç Anadolu,Orta Anadolu,,,,,,75850,,,,,,,,,,,,,,,TR712,2011-2012,70.72,41.52,29.2,18672.0,6139.0,12533.0,10887.0,7785.0,,
Aksaray,aksaray,2013,İç Anadolu,Orta Anadolu,,,,,,74185,,,,,,,,,,,,,,,TR712,2012-2013,74.97,44.0,30.97,22256.0,7785.0,14471.0,14246.0,8010.0,,
Aksaray,aksaray,2014,İç Anadolu,Orta Anadolu,,,,,,78340,,,,,,,,,,,,,,,TR712,2013-2014,87.55,49.33,38.22,23743.0,8010.0,15733.0,13630.0,10113.0,,
Aksaray,aksaray,2015,İç Anadolu,Orta Anadolu,,,,,,83854,,,,,,,,,,,,,,,TR712,2014-2015,93.15,50.03,43.12,27538.0,10113.0,17425.0,17341.0,10197.0,,
Aksaray,aksaray,2016,İç Anadolu,Orta Anadolu,,,,,,86304,,,,,,,,,,,,,,,TR712,2015-2016,99.92,56.45,43.47,27727.0,10197.0,17530.0,10769.0,16958.0,,
Aksaray,aksaray,2017,İç Anadolu,Orta Anadolu,,,,,,93052,,,,,,,,,,,,,,,TR712,2016-2017,105.25,58.12,47.13,36786.0,16958.0,19828.0,18576.0,18210.0,,
Aksaray,aksaray,2018,İç Anadolu,Orta Anadolu,,,,,,94553,,,,,,,,,,,,,,,TR712,2017-2018,110.08,63.84,46.24,38248.0,18210.0,20038.0,19850.0,18398.0,,
Aksaray,aksaray,2019,İç Anadolu,Orta Anadolu,,,,,,92891,,,,,,,,,,,,,,,TR712,2018-2019,109.43,65.78,43.65,36588.0,18398.0,18190.0,20596.0,15992.0,,
Aksaray,aksaray,2020,İç Anadolu,Orta Anadolu,,,,,,98919,,,,,,,,,,,,,,,TR712,2019-2020,110.29,71.29,39.0,34204.0,15992.0,18212.0,16590.0,17614.0,,
Aksaray,aksaray,2021,İç Anadolu,Orta Anadolu,429069.0,14210.0,15529.0,-1319.0,-3.0693798526278804,105414,0.24568076463226193,375001.0,12342.0,38185.0,75550.0,67253.0,40618.0,4872.0,842.0,0.0329119122349007,0.1793408550910531,0.1083143778283257,0.0152372927005528,0.1235516705288786,TR712,2020-2021,120.94,78.18,42.75,36623.0,17614.0,19009.0,17943.0,18680.0,8535.457001088404,4430.289766913946
Amasya,amasya,2011,Karadeniz,Batı Karadeniz,,,,,,69404,,,,,,,,,,,,,,,TR834,2010-2011,95.59,40.56,55.03,17495.0,4775.0,12720.0,12966.0,4529.0,,
Amasya,amasya,2012,Karadeniz,Batı Karadeniz,,,,,,70507,,,,,,,,,,,,,,,TR834,2011-2012,101.72,43.99,57.73,17585.0,4529.0,13056.0,12788.0,4797.0,,
Amasya,amasya,2013,Karadeniz,Batı Karadeniz,,,,,,70632,,,,,,,,,,,,,,,TR834,2012-2013,103.97,46.18,57.79,18911.0,4797.0,14114.0,13825.0,5086.0,,
Amasya,amasya,2014,Karadeniz,Batı Karadeniz,,,,,,72297,,,,,,,,,,,,,,,TR834,2013-2014,113.06,54.4,58.66,18877.0,5086.0,13791.0,13031.0,5846.0,,
Amasya,amasya,2015,Karadeniz,Batı Karadeniz,,,,,,75699,,,,,,,,,,,,,,,TR834,2014-2015,117.57,55.13,62.44,19278.0,5846.0,13432.0,13469.0,5809.0,,
Amasya,amasya,2016,Karadeniz,Batı Karadeniz,,,,,,77489,,,,,,,,,,,,,,,TR834,2015-2016,120.75,59.1,61.65,19845.0,5809.0,14036.0,12008.0,7837.0,,
Amasya,amasya,2017,Karadeniz,Batı Karadeniz,,,,,,82253,,,,,,,,,,,,,,,TR834,2016-2017,119.19,59.39,59.8,24400.0,7840.0,16560.0,14843.0,9557.0,,
Amasya,amasya,2018,Karadeniz,Batı Karadeniz,,,,,,78933,,,,,,,,,,,,,,,TR834,2017-2018,109.7,51.2,58.51,25484.0,9557.0,15927.0,16716.0,8768.0,,
Amasya,amasya,2019,Karadeniz,Batı Karadeniz,,,,,,76353,,,,,,,,,,,,,,,TR834,2018-2019,109.46,55.42,54.05,25829.0,8768.0,17061.0,17172.0,8657.0,,
Amasya,amasya,2020,Karadeniz,Batı Karadeniz,,,,,,81032,,,,,,,,,,,,,,,TR834,2019-2020,110.48,61.51,48.98,24825.0,8657.0,16168.0,15640.0,9185.0,,
Amasya,amasya,2021,Karadeniz,Batı Karadeniz,335331.0,15244.0,14540.0,704.0,2.101624280925073,85548,0.25511509523426107,309883.0,7533.0,27205.0,50504.0,67395.0,44968.0,4091.0,668.0,0.0243091747530519,0.2174853089714505,0.1451128329079039,0.0153574090866552,0.16047024199455923,TR834,2020-2021,122.13,69.64,52.49,25542.0,9185.0,16357.0,16506.0,9036.0,7616.951609007219,4877.866943408155
Ankara,ankara,2011,İç Anadolu,Batı Anadolu,,,,,,1535797,,,,,,,,,,,,,,,TR510,2010-2011,101.83,61.11,40.71,460601.0,250471.0,210130.0,181228.0,279373.0,,
Ankara,ankara,2012,İç Anadolu,Batı Anadolu,,,,,,1649056,,,,,,,,,,,,,,,TR510,2011-2012,109.88,65.8,44.08,495057.0,279375.0,215682.0,190210.0,304847.0,,
Ankara,ankara,2013,İç Anadolu,Batı Anadolu,,,,,,1700676,,,,,,,,,,,,,,,TR510,2012-2013,108.24,65.22,43.02,538761.0,304847.0,233914.0,206598.0,332163.0,,
Ankara,ankara,2014,İç Anadolu,Batı Anadolu,,,,,,1803065,,,,,,,,,,,,,,,TR510,2013-2014,116.32,64.9,51.42,584508.0,332631.0,251877.0,240072.0,344436.0,,
Ankara,ankara,2015,İç Anadolu,Batı Anadolu,,,,,,1961998,,,,,,,,,,,,,,,TR510,2014-2015,116.79,63.32,53.47,609916.0,344437.0,265479.0,259712.0,350204.0,,
Ankara,ankara,2016,İç Anadolu,Batı Anadolu,,,,,,1850345,,,,,,,,,,,,,,,TR510,2015-2016,120.0,66.97,53.03,625597.0,350204.0,275393.0,241808.0,383789.0,,
Ankara,ankara,2017,İç Anadolu,Batı Anadolu,,,,,,1914046,,,,,,,,,,,,,,,TR510,2016-2017,117.29,65.92,51.37,693886.0,383790.0,310096.0,261250.0,432636.0,,
Ankara,ankara,2018,İç Anadolu,Batı Anadolu,,,,,,1930853,,,,,,,,,,,,,,,TR510,2017-2018,79.93,38.11,41.82,765399.0,432636.0,332763.0,332946.0,432453.0,,
Ankara,ankara,2019,İç Anadolu,Batı Anadolu,,,,,,1944518,,,,,,,,,,,,,,,TR510,2018-2019,82.54,41.78,40.77,736639.0,432454.0,304185.0,317273.0,419366.0,,
Ankara,ankara,2020,İç Anadolu,Batı Anadolu,,,,,,1991691,,,,,,,,,,,,,,,TR510,2019-2020,85.99,48.35,37.63,722065.0,419365.0,302700.0,275473.0,446592.0,,
Ankara,ankara,2021,İç Anadolu,Batı Anadolu,5747325.0,197702.0,165604.0,32098.0,5.600498039180106,2085635,0.36288795222125075,5158955.0,78853.0,392154.0,794379.0,1321201.0,1132120.0,182044.0,37557.0,0.0152846845921315,0.256098570350003,0.2194475431555421,0.0425669539664525,0.26201449712199465,TR510,2020-2021,102.7,59.09,43.61,809514.0,446593.0,362921.0,381335.0,428179.0,14085.056961281989,6314.607230320192
Antalya,antalya,2011,Akdeniz,Akdeniz,,,,,,571760,,,,,,,,,,,,,,,TR611,2010-2011,91.4,55.57,35.83,253481.0,117211.0,136270.0,126306.0,127175.0,,
Antalya,antalya,2012,Akdeniz,Akdeniz,,,,,,606187,,,,,,,,,,,,,,,TR611,2011-2012,96.17,57.13,39.05,264144.0,127175.0,136969.0,122437.0,141707.0,,
Antalya,antalya,2013,Akdeniz,Akdeniz,,,,,,639172,,,,,,,,,,,,,,,TR611,2012-2013,98.92,58.37,40.56,286432.0,141708.0,144724.0,140910.0,145522.0,,
Antalya,antalya,2014,Akdeniz,Akdeniz,,,,,,679320,,,,,,,,,,,,,,,TR611,2013-2014,110.24,65.71,44.53,293085.0,145620.0,147465.0,138600.0,154485.0,,
Antalya,antalya,2015,Akdeniz,Akdeniz,,,,,,697160,,,,,,,,,,,,,,,TR611,2014-2015,113.35,67.22,46.13,305599.0,154485.0,151114.0,146818.0,158781.0,,
Antalya,antalya,2016,Akdeniz,Akdeniz,,,,,,672864,,,,,,,,,,,,,,,TR611,2015-2016,118.32,72.06,46.26,314051.0,158781.0,155270.0,134439.0,179612.0,,
Antalya,antalya,2017,Akdeniz,Akdeniz,,,,,,712828,,,,,,,,,,,,,,,TR611,2016-2017,116.68,72.15,44.53,347773.0,179612.0,168161.0,137569.0,210204.0,,
Antalya,antalya,2018,Akdeniz,Akdeniz,,,,,,732295,,,,,,,,,,,,,,,TR611,2017-2018,90.42,49.02,41.41,395081.0,210205.0,184876.0,187844.0,207237.0,,
Antalya,antalya,2019,Akdeniz,Akdeniz,,,,,,748235,,,,,,,,,,,,,,,TR611,2018-2019,90.73,51.49,39.24,390246.0,207239.0,183007.0,194833.0,195413.0,,
Antalya,antalya,2020,Akdeniz,Akdeniz,,,,,,760751,,,,,,,,,,,,,,,TR611,2019-2020,92.09,55.91,36.18,356898.0,195412.0,161486.0,156948.0,199950.0,,
Antalya,antalya,2021,Akdeniz,Akdeniz,2619832.0,88305.0,80505.0,7800.0,2.981728882860869,830157,0.31687413544074583,2287823.0,21318.0,213117.0,386954.0,544726.0,393369.0,38960.0,6085.0,0.0093180285362984,0.2380979647463986,0.1719403118160802,0.0196890231455842,0.19162933496166443,TR611,2020-2021,107.3,64.92,42.38,375684.0,199950.0,175734.0,179397.0,196287.0,14340.003481139249,6707.834700851046
Ardahan,ardahan,2011,Doğu Anadolu,Kuzeydoğu Anadolu,,,,,,16512,,,,,,,,,,,,,,,TRA24,2010-2011,63.58,35.27,28.31,7382.0,1653.0,5729.0,6205.0,1177.0,,
Ardahan,ardahan,2012,Doğu Anadolu,Kuzeydoğu Anadolu,,,,,,19426,,,,,,,,,,,,,,,TRA24,2011-2012,69.2,35.84,33.36,6260.0,1177.0,5083.0,4817.0,1443.0,,
Ardahan,ardahan,2013,Doğu Anadolu,Kuzeydoğu Anadolu,,,,,,18245,,,,,,,,,,,,,,,TRA24,2012-2013,75.81,38.24,37.57,7018.0,1443.0,5575.0,5215.0,1803.0,,
Ardahan,ardahan,2014,Doğu Anadolu,Kuzeydoğu Anadolu,,,,,,18538,,,,,,,,,,,,,,,TRA24,2013-2014,95.61,44.81,50.8,6941.0,1816.0,5125.0,4795.0,2146.0,,
Ardahan,ardahan,2015,Doğu Anadolu,Kuzeydoğu Anadolu,,,,,,20744,,,,,,,,,,,,,,,TRA24,2014-2015,99.79,38.34,61.45,6815.0,2146.0,4669.0,4511.0,2304.0,,
Ardahan,ardahan,2016,Doğu Anadolu,Kuzeydoğu Anadolu,,,,,,19935,,,,,,,,,,,,,,,TRA24,2015-2016,102.78,42.79,59.99,7107.0,2304.0,4803.0,3467.0,3640.0,,
Ardahan,ardahan,2017,Doğu Anadolu,Kuzeydoğu Anadolu,,,,,,25100,,,,,,,,,,,,,,,TRA24,2016-2017,100.14,44.39,55.76,9409.0,3639.0,5770.0,4971.0,4438.0,,
Ardahan,ardahan,2018,Doğu Anadolu,Kuzeydoğu Anadolu,,,,,,24461,,,,,,,,,,,,,,,TRA24,2017-2018,104.44,57.22,47.21,10004.0,4439.0,5565.0,5907.0,4097.0,,
Ardahan,ardahan,2019,Doğu Anadolu,Kuzeydoğu Anadolu,,,,,,20586,,,,,,,,,,,,,,,TRA24,2018-2019,105.77,59.18,46.59,9328.0,4097.0,5231.0,5923.0,3405.0,,
Ardahan,ardahan,2020,Doğu Anadolu,Kuzeydoğu Anadolu,,,,,,21075,,,,,,,,,,,,,,,TRA24,2019-2020,108.47,65.22,43.25,8266.0,3406.0,4860.0,4639.0,3627.0,,
Ardahan,ardahan,2021,Doğu Anadolu,Kuzeydoğu Anadolu,94932.0,4750.0,6445.0,-1695.0,-17.69689756158677,21899,0.23068090843972527,87479.0,4414.0,7947.0,17632.0,17020.0,9710.0,1120.0,206.0,0.0504578241635135,0.1945609803495696,0.1109980681077744,0.0151579236159535,0.126155991723728,TRA24,2020-2021,121.03,73.77,47.26,9149.0,3627.0,5522.0,5175.0,3974.0,9637.42468293094,5816.79517970758
Artvin,artvin,2011,Karadeniz,Doğu Karadeniz,,,,,,38126,,,,,,,,,,,,,,,TR905,2010-2011,99.66,43.55,56.11,9196.0,2784.0,6412.0,6778.0,2418.0,,
Artvin,artvin,2012,Karadeniz,Doğu Karadeniz,,,,,,39842,,,,,,,,,,,,,,,TR905,2011-2012,103.11,46.07,57.05,8626.0,2418.0,6208.0,6113.0,2513.0,,
Artvin,artvin,2013,Karadeniz,Doğu Karadeniz,,,,,,40566,,,,,,,,,,,,,,,TR905,2012-2013,107.43,50.22,57.21,9488.0,2514.0,6974.0,6608.0,2880.0,,
Artvin,artvin,2014,Karadeniz,Doğu Karadeniz,,,,,,39260,,,,,,,,,,,,,,,TR905,2013-2014,121.11,68.25,52.86,9865.0,2882.0,6983.0,6645.0,3220.0,,
Artvin,artvin,2015,Karadeniz,Doğu Karadeniz,,,,,,41431,,,,,,,,,,,,,,,TR905,2014-2015,121.08,64.23,56.85,10274.0,3220.0,7054.0,6493.0,3781.0,,
Artvin,artvin,2016,Karadeniz,Doğu Karadeniz,,,,,,40787,,,,,,,,,,,,,,,TR905,2015-2016,123.07,67.56,55.52,11308.0,3781.0,7527.0,6158.0,5150.0,,
Artvin,artvin,2017,Karadeniz,Doğu Karadeniz,,,,,,44397,,,,,,,,,,,,,,,TR905,2016-2017,121.15,68.18,52.98,13524.0,5150.0,8374.0,7006.0,6518.0,,
Artvin,artvin,2018,Karadeniz,Doğu Karadeniz,,,,,,43529,,,,,,,,,,,,,,,TR905,2017-2018,106.18,59.53,46.65,16107.0,6518.0,9589.0,9553.0,6554.0,,
Artvin,artvin,2019,Karadeniz,Doğu Karadeniz,,,,,,43900,,,,,,,,,,,,,,,TR905,2018-2019,107.73,62.77,44.96,16271.0,6555.0,9716.0,10581.0,5690.0,,
Artvin,artvin,2020,Karadeniz,Doğu Karadeniz,,,,,,47325,,,,,,,,,,,,,,,TR905,2019-2020,108.4,67.7,40.7,13727.0,5690.0,8037.0,8143.0,5584.0,,
Artvin,artvin,2021,Karadeniz,Doğu Karadeniz,169543.0,8238.0,8224.0,14.0,0.0825783314458286,48119,0.2838159051096182,158363.0,4326.0,12721.0,24585.0,42198.0,25232.0,2193.0,420.0,0.0273169869224503,0.2664637573170501,0.1593301465620125,0.0165000663033663,0.17583021286537892,TR905,2020-2021,120.24,79.77,40.47,14089.0,5584.0,8505.0,8165.0,5924.0,8309.986257173696,5016.426511268528
Aydın,aydin,2011,Ege,Ege,,,,,,218553,,,,,,,,,,,,,,,TR321,2010-2011,84.92,46.12,38.8,97266.0,39349.0,57917.0,54693.0,42573.0,,
Aydın,aydin,2012,Ege,Ege,,,,,,226758,,,,,,,,,,,,,,,TR321,2011-2012,89.24,47.57,41.68,100918.0,42573.0,58345.0,51931.0,48987.0,,
Aydın,aydin,2013,Ege,Ege,,,,,,231154,,,,,,,,,,,,,,,TR321,2012-2013,90.64,48.54,42.1,109658.0,48987.0,60671.0,56500.0,53158.0,,
Aydın,aydin,2014,Ege,Ege,,,,,,242508,,,,,,,,,,,,,,,TR321,2013-2014,100.37,56.98,43.38,114453.0,53162.0,61291.0,58098.0,56355.0,,
Aydın,aydin,2015,Ege,Ege,,,,,,256930,,,,,,,,,,,,,,,TR321,2014-2015,106.32,59.46,46.86,119636.0,56355.0,63281.0,61216.0,58420.0,,
Aydın,aydin,2016,Ege,Ege,,,,,,269524,,,,,,,,,,,,,,,TR321,2015-2016,108.63,65.63,43.0,125825.0,58420.0,67405.0,57403.0,68422.0,,
Aydın,aydin,2017,Ege,Ege,,,,,,283394,,,,,,,,,,,,,,,TR321,2016-2017,106.63,64.13,42.51,149776.0,68420.0,81356.0,70570.0,79206.0,,
Aydın,aydin,2018,Ege,Ege,,,,,,268044,,,,,,,,,,,,,,,TR321,2017-2018,118.45,57.56,60.9,161311.0,79206.0,82105.0,77710.0,83601.0,,
Aydın,aydin,2019,Ege,Ege,,,,,,262725,,,,,,,,,,,,,,,TR321,2018-2019,118.77,60.42,58.34,167058.0,83601.0,83457.0,81331.0,85727.0,,
Aydın,aydin,2020,Ege,Ege,,,,,,274682,,,,,,,,,,,,,,,TR321,2019-2020,121.05,65.77,55.27,163357.0,85727.0,77630.0,71087.0,92270.0,,
Aydın,aydin,2021,Ege,Ege,1134031.0,46485.0,37246.0,9239.0,8.18036650060673,292669,0.25807848286334323,1042855.0,16073.0,94932.0,173606.0,217681.0,158770.0,15488.0,2567.0,0.0154124974229399,0.2087356343882898,0.1522455183127088,0.0173130492733889,0.16955856758609777,TR321,2020-2021,134.7,75.63,59.07,179808.0,92270.0,87538.0,85850.0,93958.0,15855.651212356628,7719.189334330366
Ağrı,agri,2011,Doğu Anadolu,Kuzeydoğu Anadolu,,,,,,45420,,,,,,,,,,,,,,,TRA21,2010-2011,38.8,26.11,12.69,23537.0,7780.0,15757.0,15877.0,7660.0,,
Ağrı,agri,2012,Doğu Anadolu,Kuzeydoğu Anadolu,,,,,,49179,,,,,,,,,,,,,,,TRA21,2011-2012,43.57,28.31,15.26,20452.0,7660.0,12792.0,12366.0,8086.0,,
Ağrı,agri,2013,Doğu Anadolu,Kuzeydoğu Anadolu,,,,,,45970,,,,,,,,,,,,,,,TRA21,2012-2013,47.64,29.23,18.41,21405.0,8086.0,13319.0,12064.0,9341.0,,
Ağrı,agri,2014,Doğu Anadolu,Kuzeydoğu Anadolu,,,,,,48154,,,,,,,,,,,,,,,TRA21,2013-2014,60.35,33.37,26.98,25375.0,9353.0,16022.0,13395.0,11980.0,,
Ağrı,agri,2015,Doğu Anadolu,Kuzeydoğu Anadolu,,,,,,53217,,,,,,,,,,,,,,,TRA21,2014-2015,69.72,34.83,34.89,27659.0,11980.0,15679.0,15137.0,12522.0,,
Ağrı,agri,2016,Doğu Anadolu,Kuzeydoğu Anadolu,,,,,,53414,,,,,,,,,,,,,,,TRA21,2015-2016,68.77,37.21,31.56,30174.0,12522.0,17652.0,13619.0,16555.0,,
Ağrı,agri,2017,Doğu Anadolu,Kuzeydoğu Anadolu,,,,,,60593,,,,,,,,,,,,,,,TRA21,2016-2017,66.19,37.16,29.03,38376.0,16555.0,21821.0,18280.0,20096.0,,
Ağrı,agri,2018,Doğu Anadolu,Kuzeydoğu Anadolu,,,,,,62360,,,,,,,,,,,,,,,TRA21,2017-2018,115.7,52.96,62.73,43560.0,20096.0,23464.0,23513.0,20047.0,,
Ağrı,agri,2019,Doğu Anadolu,Kuzeydoğu Anadolu,,,,,,62617,,,,,,,,,,,,,,,TRA21,2018-2019,115.24,54.95,60.29,41322.0,20049.0,21273.0,18813.0,22509.0,,
Ağrı,agri,2020,Doğu Anadolu,Kuzeydoğu Anadolu,,,,,,68428,,,,,,,,,,,,,,,TRA21,2019-2020,118.41,64.02,54.39,40362.0,22509.0,17853.0,19767.0,20595.0,,
Ağrı,agri,2021,Doğu Anadolu,Kuzeydoğu Anadolu,524644.0,14858.0,34800.0,-19942.0,-37.301609569503285,70373,0.13413476566967314,453326.0,27267.0,79162.0,103864.0,65372.0,35245.0,4025.0,414.0,0.0601487671124091,0.1442052739088426,0.0777475812108725,0.0097920701658409,0.08753965137671345,TRA21,2020-2021,128.92,75.38,53.54,40752.0,20595.0,20157.0,19335.0,21417.0,7767.552854888267,3842.0338362775524
Balıkesir,balikesir,2011,Marmara,Batı Marmara,,,,,,265026,,,,,,,,,,,,,,,TR221,2010-2011,90.21,48.68,41.54,84533.0,32269.0,52264.0,51487.0,33046.0,,
Balıkesir,balikesir,2012,Marmara,Batı Marmara,,,,,,264845,,,,,,,,,,,,,,,TR221,2011-2012,92.54,48.36,44.18,87517.0,33046.0,54471.0,49291.0,38226.0,,
Balıkesir,balikesir,2013,Marmara,Batı Marmara,,,,,,267482,,,,,,,,,,,,,,,TR221,2012-2013,94.7,47.87,46.84,94599.0,38226.0,56373.0,54409.0,40190.0,,
Balıkesir,balikesir,2014,Marmara,Batı Marmara,,,,,,278382,,,,,,,,,,,,,,,TR221,2013-2014,104.16,53.82,50.34,96693.0,40190.0,56503.0,55378.0,41315.0,,
Balıkesir,balikesir,2015,Marmara,Batı Marmara,,,,,,289430,,,,,,,,,,,,,,,TR221,2014-2015,107.41,55.06,52.35,99862.0,41315.0,58547.0,56868.0,42994.0,,
Balıkesir,balikesir,2016,Marmara,Batı Marmara,,,,,,298831,,,,,,,,,,,,,,,TR221,2015-2016,111.69,60.45,51.24,102670.0,42994.0,59676.0,47470.0,55200.0,,
Balıkesir,balikesir,2017,Marmara,Batı Marmara,,,,,,314231,,,,,,,,,,,,,,,TR221,2016-2017,109.5,59.54,49.96,124121.0,55200.0,68921.0,58874.0,65247.0,,
Balıkesir,balikesir,2018,Marmara,Batı Marmara,,,,,,313572,,,,,,,,,,,,,,,TR221,2017-2018,111.7,64.68,47.02,134478.0,65247.0,69231.0,68266.0,66212.0,,
Balıkesir,balikesir,2019,Marmara,Batı Marmara,,,,,,306033,,,,,,,,,,,,,,,TR221,2018-2019,111.01,67.29,43.71,133056.0,66213.0,66843.0,69815.0,63241.0,,
Balıkesir,balikesir,2020,Marmara,Batı Marmara,,,,,,328812,,,,,,,,,,,,,,,TR221,2019-2020,112.1,73.0,39.11,125662.0,63242.0,62420.0,59614.0,66048.0,,
Balıkesir,balikesir,2021,Marmara,Batı Marmara,1250610.0,50218.0,40287.0,9931.0,7.972579656555302,346938,0.27741502146952285,1164009.0,19419.0,92624.0,180633.0,255585.0,185523.0,16983.0,2542.0,0.0166828606995306,0.2195730445383154,0.1593827882774102,0.0167739252875192,0.17615671356492948,TR221,2020-2021,122.68,79.48,43.2,139589.0,66047.0,73542.0,74267.0,65322.0,11161.67310352548,5880.490320723487
Bartın,bartin,2011,Karadeniz,Batı Karadeniz,,,,,,39319,,,,,,,,,,,,,,,TR813,2010-2011,83.11,31.99,51.12,11104.0,2169.0,8935.0,8380.0,2724.0,,
Bartın,bartin,2012,Karadeniz,Batı Karadeniz,,,,,,40810,,,,,,,,,,,,,,,TR813,2011-2012,88.12,33.6,54.52,10772.0,2724.0,8048.0,8227.0,2545.0,,
Bartın,bartin,2013,Karadeniz,Batı Karadeniz,,,,,,41892,,,,,,,,,,,,,,,TR813,2012-2013,93.64,35.18,58.46,11232.0,2545.0,8687.0,8702.0,2530.0,,
Bartın,bartin,2014,Karadeniz,Batı Karadeniz,,,,,,41994,,,,,,,,,,,,,,,TR813,2013-2014,108.79,45.58,63.21,11211.0,2530.0,8681.0,8078.0,3133.0,,
Bartın,bartin,2015,Karadeniz,Batı Karadeniz,,,,,,44239,,,,,,,,,,,,,,,TR813,2014-2015,111.81,46.58,65.23,12390.0,3133.0,9257.0,9066.0,3324.0,,
Bartın,bartin,2016,Karadeniz,Batı Karadeniz,,,,,,45302,,,,,,,,,,,,,,,TR813,2015-2016,116.73,52.06,64.67,12728.0,3324.0,9404.0,7770.0,4958.0,,
Bartın,bartin,2017,Karadeniz,Batı Karadeniz,,,,,,49486,,,,,,,,,,,,,,,TR813,2016-2017,113.3,50.02,63.28,15835.0,4958.0,10877.0,9566.0,6269.0,,
Bartın,bartin,2018,Karadeniz,Batı Karadeniz,,,,,,46079,,,,,,,,,,,,,,,TR813,2017-2018,120.72,53.04,67.68,16645.0,6269.0,10376.0,10652.0,5993.0,,
Bartın,bartin,2019,Karadeniz,Batı Karadeniz,,,,,,45424,,,,,,,,,,,,,,,TR813,2018-2019,114.97,55.6,59.37,15976.0,5993.0,9983.0,11303.0,4673.0,,
Bartın,bartin,2020,Karadeniz,Batı Karadeniz,,,,,,47086,,,,,,,,,,,,,,,TR813,2019-2020,116.18,57.96,58.22,13845.0,4673.0,9172.0,7362.0,6483.0,,
Bartın,bartin,2021,Karadeniz,Batı Karadeniz,201711.0,10907.0,8794.0,2113.0,10.530538811738586,49697,0.24637724268879735,188131.0,6270.0,18526.0,29814.0,39141.0,22179.0,2175.0,462.0,0.0333278407067415,0.2080518362205059,0.1178912566243734,0.0140168286991511,0.13190808532352458,TR813,2020-2021,126.11,64.32,61.79,16706.0,6483.0,10223.0,10309.0,6397.0,8282.146238925989,5068.142044806679
Batman,batman,2011,Güneydoğu Anadolu,Güneydoğu Anadolu,,,,,,59969,,,,,,,,,,,,,,,TRC32,2010-2011,71.88,57.12,14.76,25292.0,10051.0,15241.0,14728.0,10564.0,,
Batman,batman,2012,Güneydoğu Anadolu,Güneydoğu Anadolu,,,,,,65736,,,,,,,,,,,,,,,TRC32,2011-2012,79.85,63.57,16.27,25505.0,10564.0,14941.0,13653.0,11852.0,,
Batman,batman,2013,Güneydoğu Anadolu,Güneydoğu Anadolu,,,,,,64734,,,,,,,,,,,,,,,TRC32,2012-2013,83.61,65.18,18.42,30717.0,11852.0,18865.0,14027.0,16690.0,,
Batman,batman,2014,Güneydoğu Anadolu,Güneydoğu Anadolu,,,,,,73527,,,,,,,,,,,,,,,TRC32,2013-2014,95.04,63.67,31.37,38041.0,16690.0,21351.0,17765.0,20276.0,,
Batman,batman,2015,Güneydoğu Anadolu,Güneydoğu Anadolu,,,,,,78936,,,,,,,,,,,,,,,TRC32,2014-2015,102.31,61.7,40.61,44491.0,20276.0,24215.0,23257.0,21234.0,,
Batman,batman,2016,Güneydoğu Anadolu,Güneydoğu Anadolu,,,,,,84081,,,,,,,,,,,,,,,TRC32,2015-2016,105.92,64.64,41.28,45760.0,21234.0,24526.0,18969.0,26791.0,,
Batman,batman,2017,Güneydoğu Anadolu,Güneydoğu Anadolu,,,,,,96797,,,,,,,,,,,,,,,TRC32,2016-2017,99.53,61.94,37.6,59437.0,26791.0,32646.0,23869.0,35568.0,,
Batman,batman,2018,Güneydoğu Anadolu,Güneydoğu Anadolu,,,,,,101087,,,,,,,,,,,,,,,TRC32,2017-2018,119.38,59.1,60.28,62354.0,35568.0,26786.0,30680.0,31674.0,,
Batman,batman,2019,Güneydoğu Anadolu,Güneydoğu Anadolu,,,,,,107502,,,,,,,,,,,,,,,TRC32,2018-2019,116.84,60.61,56.23,57358.0,31674.0,25684.0,27971.0,29387.0,,
Batman,batman,2020,Güneydoğu Anadolu,Güneydoğu Anadolu,,,,,,123985,,,,,,,,,,,,,,,TRC32,2019-2020,120.07,68.21,51.87,52317.0,29387.0,22930.0,21508.0,30809.0,,
Batman,batman,2021,Güneydoğu Anadolu,Güneydoğu Anadolu,626319.0,19002.0,24411.0,-5409.0,-8.599042802057475,136056,0.21723115536970777,544620.0,23943.0,78318.0,128543.0,111169.0,59465.0,6489.0,537.0,0.0439627630274319,0.2041221402078513,0.1091862215856927,0.0129007381293378,0.12208695971503067,TRC32,2020-2021,134.91,77.67,57.24,56093.0,30809.0,25284.0,23335.0,32758.0,8955.979301282574,4036.92048301265
Bayburt,bayburt,2011,Karadeniz,Kuzeydoğu Anadolu,,,,,,14861,,,,,,,,,,,,,,,TRA13,2010-2011,79.4,41.38,38.02,,,,,,,
Bayburt,bayburt,2012,Karadeniz,Kuzeydoğu Anadolu,,,,,,16593,,,,,,,,,,,,,,,TRA13,2011-2012,87.9,47.08,40.83,,,,,,,
Bayburt,bayburt,2013,Karadeniz,Kuzeydoğu Anadolu,,,,,,15274,,,,,,,,,,,,,,,TRA13,2012-2013,93.0,50.2,42.8,,,,,,,
Bayburt,bayburt,2014,Karadeniz,Kuzeydoğu Anadolu,,,,,,15697,,,,,,,,,,,,,,,TRA13,2013-2014,113.0,61.87,51.12,3565.0,2800.0,2561.0,1004.0,,,
Bayburt,bayburt,2015,Karadeniz,Kuzeydoğu Anadolu,,,,,,17865,,,,,,,,,,,,,,,TRA13,2014-2015,110.49,59.32,51.17,3952.0,1004.0,2948.0,3023.0,,,
Bayburt,bayburt,2016,Karadeniz,Kuzeydoğu Anadolu,,,,,,15383,,,,,,,,,,,,,,,TRA13,2015-2016,111.71,57.25,54.46,4254.0,3325.0,2553.0,1701.0,,,
Bayburt,bayburt,2017,Karadeniz,Kuzeydoğu Anadolu,,,,,,18647,,,,,,,,,,,,,,,TRA13,2016-2017,96.59,48.07,48.52,5476.0,1701.0,3775.0,3274.0,2202.0,,
Bayburt,bayburt,2018,Karadeniz,Kuzeydoğu Anadolu,,,,,,18566,,,,,,,,,,,,,,,TRA13,2017-2018,106.71,53.61,53.1,5863.0,2202.0,3661.0,3494.0,2369.0,,
Bayburt,bayburt,2019,Karadeniz,Kuzeydoğu Anadolu,,,,,,18367,,,,,,,,,,,,,,,TRA13,2018-2019,107.52,58.42,49.1,4969.0,2369.0,2600.0,3227.0,1742.0,,
Bayburt,bayburt,2020,Karadeniz,Kuzeydoğu Anadolu,,,,,,19291,,,,,,,,,,,,,,,TRA13,2019-2020,106.9,62.0,44.9,4249.0,1742.0,2507.0,2413.0,1836.0,,
Bayburt,bayburt,2021,Karadeniz,Kuzeydoğu Anadolu,85042.0,9019.0,6382.0,2637.0,31.496533231410535,19796,0.2327790973871734,78238.0,2756.0,6682.0,12765.0,20536.0,11192.0,1216.0,313.0,0.0352258493315268,0.2624811472685907,0.1430506914798435,0.0195429331015619,0.16259362458140544,TRA13,2020-2021,118.34,69.17,49.17,4813.0,1836.0,2977.0,2900.0,1913.0,5659.556454457797,3500.62322146704
Bilecik,bilecik,2011,Marmara,Doğu Marmara,,,,,,54888,,,,,,,,,,,,,,,TR413,2010-2011,105.65,43.64,62.01,15244.0,4968.0,10276.0,10768.0,4476.0,,
Bilecik,bilecik,2012,Marmara,Doğu Marmara,,,,,,56592,,,,,,,,,,,,,,,TR413,2011-2012,110.11,45.28,64.84,14811.0,4476.0,10335.0,9778.0,5033.0,,
Bilecik,bilecik,2013,Marmara,Doğu Marmara,,,,,,58306,,,,,,,,,,,,,,,TR413,2012-2013,109.57,46.77,62.8,15784.0,5033.0,10751.0,10502.0,5282.0,,
Bilecik,bilecik,2014,Marmara,Doğu Marmara,,,,,,58358,,,,,,,,,,,,,,,TR413,2013-2014,113.91,53.34,60.57,16097.0,5284.0,10813.0,10722.0,5375.0,,
Bilecik,bilecik,2015,Marmara,Doğu Marmara,,,,,,60436,,,,,,,,,,,,,,,TR413,2014-2015,113.28,53.44,59.84,16870.0,5375.0,11495.0,11785.0,5085.0,,
Bilecik,bilecik,2016,Marmara,Doğu Marmara,,,,,,61617,,,,,,,,,,,,,,,TR413,2015-2016,115.54,54.03,61.5,17899.0,5086.0,12813.0,11162.0,6737.0,,
Bilecik,bilecik,2017,Marmara,Doğu Marmara,,,,,,67362,,,,,,,,,,,,,,,TR413,2016-2017,119.28,54.32,64.96,21971.0,6737.0,15234.0,15024.0,6947.0,,
Bilecik,bilecik,2018,Marmara,Doğu Marmara,,,,,,67068,,,,,,,,,,,,,,,TR413,2017-2018,115.91,56.75,59.16,22557.0,6947.0,15610.0,14957.0,7600.0,,
Bilecik,bilecik,2019,Marmara,Doğu Marmara,,,,,,65987,,,,,,,,,,,,,,,TR413,2018-2019,108.12,54.8,53.32,21971.0,7600.0,14371.0,14510.0,7461.0,,
Bilecik,bilecik,2020,Marmara,Doğu Marmara,,,,,,70411,,,,,,,,,,,,,,,TR413,2019-2020,115.44,65.77,49.67,21993.0,7461.0,14532.0,14049.0,7944.0,,
Bilecik,bilecik,2021,Marmara,Doğu Marmara,228334.0,11974.0,8855.0,3119.0,13.753750972882754,74267,0.3252559846540594,209217.0,3110.0,14372.0,34237.0,53598.0,33094.0,2863.0,466.0,0.0148649488330298,0.2561837709172773,0.1581802625981636,0.0159117088955486,0.17409197149371228,TR413,2020-2021,129.58,74.53,55.05,24853.0,7943.0,16910.0,15139.0,9714.0,10884.493767901407,7405.817793232721
Bingöl,bingol,2011,Doğu Anadolu,Ortadoğu Anadolu,,,,,,31763,,,,,,,,,,,,,,,TRB13,2010-2011,63.55,38.79,24.76,8621.0,2005.0,6616.0,5403.0,3218.0,,
Bingöl,bingol,2012,Doğu Anadolu,Ortadoğu Anadolu,,,,,,34383,,,,,,,,,,,,,,,TRB13,2011-2012,74.92,44.9,30.02,10164.0,3218.0,6946.0,6649.0,3515.0,,
Bingöl,bingol,2013,Doğu Anadolu,Ortadoğu Anadolu,,,,,,36823,,,,,,,,,,,,,,,TRB13,2012-2013,84.6,50.29,34.31,11494.0,3515.0,7979.0,7536.0,3958.0,,
Bingöl,bingol,2014,Doğu Anadolu,Ortadoğu Anadolu,,,,,,38985,,,,,,,,,,,,,,,TRB13,2013-2014,100.55,56.61,43.94,13856.0,3958.0,9898.0,7751.0,6105.0,,
Bingöl,bingol,2015,Doğu Anadolu,Ortadoğu Anadolu,,,,,,45226,,,,,,,,,,,,,,,TRB13,2014-2015,105.79,58.42,47.36,14576.0,6106.0,8470.0,7910.0,6666.0,,
Bingöl,bingol,2016,Doğu Anadolu,Ortadoğu Anadolu,,,,,,43766,,,,,,,,,,,,,,,TRB13,2015-2016,109.17,61.69,47.48,15863.0,6666.0,9197.0,7486.0,8377.0,,
Bingöl,bingol,2017,Doğu Anadolu,Ortadoğu Anadolu,,,,,,51167,,,,,,,,,,,,,,,TRB13,2016-2017,100.63,56.43,44.2,19259.0,8377.0,10882.0,10124.0,9135.0,,
Bingöl,bingol,2018,Doğu Anadolu,Ortadoğu Anadolu,,,,,,51392,,,,,,,,,,,,,,,TRB13,2017-2018,111.79,59.15,52.64,19812.0,9134.0,10678.0,10312.0,9500.0,,
Bingöl,bingol,2019,Doğu Anadolu,Ortadoğu Anadolu,,,,,,50074,,,,,,,,,,,,,,,TRB13,2018-2019,112.96,61.0,51.96,19603.0,9500.0,10103.0,10568.0,9035.0,,
Bingöl,bingol,2020,Doğu Anadolu,Ortadoğu Anadolu,,,,,,56233,,,,,,,,,,,,,,,TRB13,2019-2020,116.92,70.59,46.34,18885.0,9035.0,9850.0,9109.0,9776.0,,
Bingöl,bingol,2021,Doğu Anadolu,Ortadoğu Anadolu,283112.0,12027.0,13376.0,-1349.0,-4.753573549129364,58097,0.20520853937664246,252959.0,12737.0,29715.0,49398.0,64252.0,30476.0,3392.0,497.0,0.0503520333334651,0.2540016366288608,0.1204780221300685,0.0153740329460505,0.13585205507611905,TRB13,2020-2021,134.92,82.78,52.14,20860.0,9776.0,11084.0,11096.0,9764.0,7368.108734352482,3915.0583514651444
Bitlis,bitlis,2011,Doğu Anadolu,Ortadoğu Anadolu,,,,,,38513,,,,,,,,,,,,,,,TRB23,2010-2011,48.85,28.68,20.16,13608.0,3370.0,10238.0,10063.0,3545.0,,
Bitlis,bitlis,2012,Doğu Anadolu,Ortadoğu Anadolu,,,,,,40235,,,,,,,,,,,,,,,TRB23,2011-2012,55.2,33.27,21.93,11872.0,3545.0,8327.0,8119.0,3753.0,,
Bitlis,bitlis,2013,Doğu Anadolu,Ortadoğu Anadolu,,,,,,41342,,,,,,,,,,,,,,,TRB23,2012-2013,61.74,36.94,24.8,12054.0,3753.0,8301.0,7627.0,4427.0,,
Bitlis,bitlis,2014,Doğu Anadolu,Ortadoğu Anadolu,,,,,,43090,,,,,,,,,,,,,,,TRB23,2013-2014,77.72,44.53,33.18,14263.0,4434.0,9829.0,8119.0,6144.0,,
Bitlis,bitlis,2015,Doğu Anadolu,Ortadoğu Anadolu,,,,,,47672,,,,,,,,,,,,,,,TRB23,2014-2015,84.37,48.46,35.92,16147.0,6144.0,10003.0,8674.0,7473.0,,
Bitlis,bitlis,2016,Doğu Anadolu,Ortadoğu Anadolu,,,,,,46103,,,,,,,,,,,,,,,TRB23,2015-2016,86.25,50.1,36.15,19579.0,7473.0,12106.0,9039.0,10540.0,,
Bitlis,bitlis,2017,Doğu Anadolu,Ortadoğu Anadolu,,,,,,53769,,,,,,,,,,,,,,,TRB23,2016-2017,81.3,46.75,34.55,25405.0,10540.0,14865.0,12729.0,12676.0,,
Bitlis,bitlis,2018,Doğu Anadolu,Ortadoğu Anadolu,,,,,,57091,,,,,,,,,,,,,,,TRB23,2017-2018,118.56,51.62,66.94,26904.0,12676.0,14228.0,13525.0,13379.0,,
Bitlis,bitlis,2019,Doğu Anadolu,Ortadoğu Anadolu,,,,,,54745,,,,,,,,,,,,,,,TRB23,2018-2019,116.29,52.1,64.19,25446.0,13379.0,12067.0,13338.0,12108.0,,
Bitlis,bitlis,2020,Doğu Anadolu,Ortadoğu Anadolu,,,,,,61552,,,,,,,,,,,,,,,TRB23,2019-2020,121.32,60.58,60.74,23277.0,12108.0,11169.0,10503.0,12774.0,,
Bitlis,bitlis,2021,Doğu Anadolu,Ortadoğu Anadolu,352277.0,14158.0,18814.0,-4656.0,-13.130102508424867,65468,0.18584239107293407,307283.0,14085.0,44895.0,72529.0,58113.0,31339.0,3428.0,389.0,0.0458372249685143,0.1891188253173784,0.1019874187638105,0.0124217740649499,0.11440919282876046,TRB23,2020-2021,132.42,68.24,64.18,25423.0,12775.0,12648.0,13202.0,12221.0,7216.764080538894,3590.35645245077
Bolu,bolu,2011,Karadeniz,Doğu Marmara,,,,,,76430,,,,,,,,,,,,,,,TR424,2010-2011,106.05,40.84,65.2,18560.0,5026.0,13534.0,13074.0,5486.0,,
Bolu,bolu,2012,Karadeniz,Doğu Marmara,,,,,,76995,,,,,,,,,,,,,,,TR424,2011-2012,107.38,43.48,63.9,19763.0,5486.0,14277.0,13376.0,6387.0,,
Bolu,bolu,2013,Karadeniz,Doğu Marmara,,,,,,79439,,,,,,,,,,,,,,,TR424,2012-2013,110.04,46.39,63.65,20948.0,6388.0,14560.0,14257.0,6691.0,,
Bolu,bolu,2014,Karadeniz,Doğu Marmara,,,,,,84635,,,,,,,,,,,,,,,TR424,2013-2014,118.57,55.76,62.81,21086.0,6691.0,14395.0,13714.0,7372.0,,
Bolu,bolu,2015,Karadeniz,Doğu Marmara,,,,,,86828,,,,,,,,,,,,,,,TR424,2014-2015,119.59,56.5,63.08,22746.0,7372.0,15374.0,14885.0,7861.0,,
Bolu,bolu,2016,Karadeniz,Doğu Marmara,,,,,,86622,,,,,,,,,,,,,,,TR424,2015-2016,122.15,59.47,62.68,23264.0,7861.0,15403.0,13995.0,9269.0,,
Bolu,bolu,2017,Karadeniz,Doğu Marmara,,,,,,91651,,,,,,,,,,,,,,,TR424,2016-2017,125.16,58.72,66.44,24596.0,9269.0,15327.0,14972.0,9624.0,,
Bolu,bolu,2018,Karadeniz,Doğu Marmara,,,,,,90979,,,,,,,,,,,,,,,TR424,2017-2018,78.3,44.23,34.07,25167.0,9624.0,15543.0,15283.0,9884.0,,
Bolu,bolu,2019,Karadeniz,Doğu Marmara,,,,,,90660,,,,,,,,,,,,,,,TR424,2018-2019,80.42,45.78,34.64,26757.0,9884.0,16873.0,16265.0,10492.0,,
Bolu,bolu,2020,Karadeniz,Doğu Marmara,,,,,,96669,,,,,,,,,,,,,,,TR424,2019-2020,83.9,52.69,31.21,28092.0,10493.0,17599.0,17009.0,11083.0,,
Bolu,bolu,2021,Karadeniz,Doğu Marmara,320014.0,18470.0,14162.0,4308.0,13.553136601019316,99799,0.3118582312023849,289119.0,7171.0,21867.0,40767.0,72396.0,45068.0,5027.0,1219.0,0.0248029358153563,0.2504020835711247,0.1558804506103023,0.0216035611633963,0.1774840117736987,TR424,2020-2021,98.81,61.46,37.36,30421.0,11083.0,19338.0,18883.0,11538.0,9506.146606085984,6042.8606248476635
Burdur,burdur,2011,Akdeniz,Akdeniz,,,,,,62181,,,,,,,,,,,,,,,TR613,2010-2011,89.46,46.84,42.61,19224.0,6209.0,13015.0,13227.0,5997.0,,
Burdur,burdur,2012,Akdeniz,Akdeniz,,,,,,64222,,,,,,,,,,,,,,,TR613,2011-2012,94.06,48.76,45.3,18228.0,5997.0,12231.0,11705.0,6523.0,,
Burdur,burdur,2013,Akdeniz,Akdeniz,,,,,,65618,,,,,,,,,,,,,,,TR613,2012-2013,96.53,50.98,45.55,18935.0,6523.0,12412.0,12600.0,6335.0,,
Burdur,burdur,2014,Akdeniz,Akdeniz,,,,,,65964,,,,,,,,,,,,,,,TR613,2013-2014,105.42,56.06,49.36,18890.0,6335.0,12555.0,12225.0,6665.0,,
Burdur,burdur,2015,Akdeniz,Akdeniz,,,,,,68572,,,,,,,,,,,,,,,TR613,2014-2015,106.47,57.61,48.87,20115.0,6665.0,13450.0,13273.0,6842.0,,
Burdur,burdur,2016,Akdeniz,Akdeniz,,,,,,67626,,,,,,,,,,,,,,,TR613,2015-2016,111.26,62.51,48.74,21163.0,6842.0,14321.0,11165.0,9998.0,,
Burdur,burdur,2017,Akdeniz,Akdeniz,,,,,,71985,,,,,,,,,,,,,,,TR613,2016-2017,112.81,66.32,46.49,26092.0,9998.0,16094.0,14013.0,12079.0,,
Burdur,burdur,2018,Akdeniz,Akdeniz,,,,,,69247,,,,,,,,,,,,,,,TR613,2017-2018,118.52,59.27,59.25,27780.0,12079.0,15701.0,15599.0,12181.0,,
Burdur,burdur,2019,Akdeniz,Akdeniz,,,,,,67971,,,,,,,,,,,,,,,TR613,2018-2019,120.15,66.13,54.02,28203.0,12181.0,16022.0,15432.0,12771.0,,
Burdur,burdur,2020,Akdeniz,Akdeniz,,,,,,68144,,,,,,,,,,,,,,,TR613,2019-2020,121.32,71.14,50.18,27916.0,12771.0,15145.0,15840.0,12076.0,,
Burdur,burdur,2021,Akdeniz,Akdeniz,273716.0,15859.0,11489.0,4370.0,16.093926660307663,72915,0.26638925017171083,252330.0,4923.0,19837.0,39556.0,54670.0,38098.0,4189.0,802.0,0.0195101652597788,0.2166607220703047,0.1509848214639559,0.0197796536281853,0.17076447509214124,TR613,2020-2021,136.12,83.72,52.4,28572.0,12076.0,16496.0,17482.0,11090.0,10438.55675225416,6026.6845927896065
Bursa,bursa,2011,Marmara,Doğu Marmara,,,,,,741872,,,,,,,,,,,,,,,TR411,2010-2011,94.74,41.52,53.22,198551.0,80103.0,118448.0,111862.0,86689.0,,
Bursa,bursa,2012,Marmara,Doğu Marmara,,,,,,773039,,,,,,,,,,,,,,,TR411,2011-2012,99.43,43.53,55.9,207197.0,86689.0,120508.0,109755.0,97442.0,,
Bursa,bursa,2013,Marmara,Doğu Marmara,,,,,,797153,,,,,,,,,,,,,,,TR411,2012-2013,100.92,44.89,56.03,223352.0,97445.0,125907.0,113399.0,109953.0,,
Bursa,bursa,2014,Marmara,Doğu Marmara,,,,,,830760,,,,,,,,,,,,,,,TR411,2013-2014,108.18,46.05,62.13,241488.0,110029.0,131459.0,124163.0,117325.0,,
Bursa,bursa,2015,Marmara,Doğu Marmara,,,,,,865984,,,,,,,,,,,,,,,TR411,2014-2015,110.7,47.23,63.47,251028.0,117326.0,133702.0,129448.0,121580.0,,
Bursa,bursa,2016,Marmara,Doğu Marmara,,,,,,914973,,,,,,,,,,,,,,,TR411,2015-2016,113.85,51.29,62.56,264839.0,121583.0,143256.0,122077.0,142762.0,,
Bursa,bursa,2017,Marmara,Doğu Marmara,,,,,,953470,,,,,,,,,,,,,,,TR411,2016-2017,112.03,51.69,60.34,300965.0,142762.0,158203.0,138191.0,162774.0,,
Bursa,bursa,2018,Marmara,Doğu Marmara,,,,,,941916,,,,,,,,,,,,,,,TR411,2017-2018,112.55,57.47,55.08,325335.0,162776.0,162559.0,155452.0,169883.0,,
Bursa,bursa,2019,Marmara,Doğu Marmara,,,,,,931480,,,,,,,,,,,,,,,TR411,2018-2019,112.95,60.68,52.27,334885.0,169880.0,165005.0,164631.0,170254.0,,
Bursa,bursa,2020,Marmara,Doğu Marmara,,,,,,983510,,,,,,,,,,,,,,,TR411,2019-2020,115.06,66.98,48.09,326944.0,170256.0,156688.0,144515.0,182429.0,,
Bursa,bursa,2021,Marmara,Doğu Marmara,3147818.0,92019.0,76678.0,15341.0,4.885439298631672,1045956,0.3322796934257317,2843315.0,54019.0,238381.0,501253.0,667284.0,447631.0,43280.0,5685.0,0.0189985984669303,0.2346852177827641,0.1574327853227658,0.0172210957983902,0.17465388112115612,TR411,2020-2021,128.11,76.39,51.72,368609.0,182428.0,186181.0,175307.0,193302.0,11709.984503551348,5914.604973985154
Denizli,denizli,2011,Ege,Ege,,,,,,258216,,,,,,,,,,,,,,,TR322,2010-2011,87.22,45.13,42.08,88806.0,41012.0,47794.0,46885.0,41921.0,,
Denizli,denizli,2012,Ege,Ege,,,,,,267694,,,,,,,,,,,,,,,TR322,2011-2012,95.04,46.06,48.98,87828.0,41921.0,45907.0,47176.0,40652.0,,
Denizli,denizli,2013,Ege,Ege,,,,,,277649,,,,,,,,,,,,,,,TR322,2012-2013,92.76,47.7,45.06,85600.0,40652.0,44948.0,43578.0,42022.0,,
Denizli,denizli,2014,Ege,Ege,,,,,,282179,,,,,,,,,,,,,,,TR322,2013-2014,101.03,53.57,47.46,88862.0,42034.0,46828.0,42900.0,45962.0,,
Denizli,denizli,2015,Ege,Ege,,,,,,290899,,,,,,,,,,,,,,,TR322,2014-2015,106.37,54.51,51.86,95154.0,45962.0,49192.0,49270.0,45884.0,,
Denizli,denizli,2016,Ege,Ege,,,,,,300354,,,,,,,,,,,,,,,TR322,2015-2016,108.5,57.98,50.53,96287.0,45884.0,50403.0,46654.0,49633.0,,
Denizli,denizli,2017,Ege,Ege,,,,,,317222,,,,,,,,,,,,,,,TR322,2016-2017,107.68,58.17,49.5,106883.0,49633.0,57250.0,58259.0,48624.0,,
Denizli,denizli,2018,Ege,Ege,,,,,,305400,,,,,,,,,,,,,,,TR322,2017-2018,118.15,67.12,51.03,109592.0,48624.0,60968.0,61974.0,47618.0,,
Denizli,denizli,2019,Ege,Ege,,,,,,302524,,,,,,,,,,,,,,,TR322,2018-2019,119.98,73.22,46.76,107162.0,47618.0,59544.0,60223.0,46939.0,,
Denizli,denizli,2020,Ege,Ege,,,,,,315483,,,,,,,,,,,,,,,TR322,2019-2020,121.56,78.89,42.67,104271.0,46939.0,57332.0,55514.0,48757.0,,
Denizli,denizli,2021,Ege,Ege,1051056.0,30589.0,27480.0,3109.0,2.9623587960569853,332365,0.3162200681980789,960475.0,11620.0,86845.0,160408.0,212453.0,141862.0,14156.0,2528.0,0.01209818058773,0.2211957625133397,0.1476998360186366,0.0173705718524688,0.16507040787110544,TR322,2020-2021,135.51,91.69,43.81,108234.0,48757.0,59477.0,61448.0,46786.0,10297.643512809975,5658.785069492016
Diyarbakır,diyarbakir,2011,Güneydoğu Anadolu,Güneydoğu Anadolu,,,,,,183220,,,,,,,,,,,,,,,TRC22,2010-2011,64.87,49.06,15.82,107963.0,56767.0,51196.0,36819.0,71144.0,,
Diyarbakır,diyarbakir,2012,Güneydoğu Anadolu,Güneydoğu Anadolu,,,,,,190457,,,,,,,,,,,,,,,TRC22,2011-2012,71.24,53.85,17.4,118633.0,71144.0,47489.0,42809.0,75824.0,,
Diyarbakır,diyarbakir,2013,Güneydoğu Anadolu,Güneydoğu Anadolu,,,,,,189890,,,,,,,,,,,,,,,TRC22,2012-2013,76.24,55.45,20.8,125019.0,75824.0,49195.0,46540.0,78479.0,,
Diyarbakır,diyarbakir,2014,Güneydoğu Anadolu,Güneydoğu Anadolu,,,,,,209059,,,,,,,,,,,,,,,TRC22,2013-2014,90.1,55.22,34.88,143454.0,90233.0,53221.0,59803.0,83651.0,,
Diyarbakır,diyarbakir,2015,Güneydoğu Anadolu,Güneydoğu Anadolu,,,,,,222941,,,,,,,,,,,,,,,TRC22,2014-2015,94.34,49.01,45.33,144677.0,83651.0,61026.0,49269.0,95408.0,,
Diyarbakır,diyarbakir,2016,Güneydoğu Anadolu,Güneydoğu Anadolu,,,,,,244498,,,,,,,,,,,,,,,TRC22,2015-2016,96.13,48.89,47.24,155495.0,95408.0,60087.0,44200.0,111295.0,,
Diyarbakır,diyarbakir,2017,Güneydoğu Anadolu,Güneydoğu Anadolu,,,,,,270853,,,,,,,,,,,,,,,TRC22,2016-2017,92.21,47.21,45.0,196953.0,111289.0,85664.0,74436.0,122517.0,,
Diyarbakır,diyarbakir,2018,Güneydoğu Anadolu,Güneydoğu Anadolu,,,,,,274435,,,,,,,,,,,,,,,TRC22,2017-2018,114.24,65.16,49.08,223692.0,122518.0,101174.0,96621.0,127071.0,,
Diyarbakır,diyarbakir,2019,Güneydoğu Anadolu,Güneydoğu Anadolu,,,,,,271427,,,,,,,,,,,,,,,TRC22,2018-2019,114.39,67.4,46.99,225199.0,127070.0,98129.0,95387.0,129812.0,,
Diyarbakır,diyarbakir,2020,Güneydoğu Anadolu,Güneydoğu Anadolu,,,,,,301711,,,,,,,,,,,,,,,TRC22,2019-2020,118.91,72.98,45.93,215653.0,129813.0,85840.0,75938.0,139715.0,,
Diyarbakır,diyarbakir,2021,Güneydoğu Anadolu,Güneydoğu Anadolu,1791373.0,40414.0,60761.0,-20347.0,-11.294185301350812,325722,0.1818281284802216,1555527.0,84017.0,256318.0,358652.0,284102.0,169860.0,19682.0,2101.0,0.0540119200759613,0.182640352755047,0.1091977188438387,0.0140036142092036,0.12320133305304247,TRC22,2020-2021,132.66,79.97,52.69,229126.0,139715.0,89411.0,94095.0,135031.0,12790.524363156082,4991.199487767204
Düzce,duzce,2011,Karadeniz,Doğu Marmara,,,,,,89047,,,,,,,,,,,,,,,TR423,2010-2011,93.8,41.55,52.25,27236.0,8434.0,18802.0,19094.0,8142.0,,
Düzce,duzce,2012,Karadeniz,Doğu Marmara,,,,,,93341,,,,,,,,,,,,,,,TR423,2011-2012,99.75,42.68,57.07,28294.0,8141.0,20153.0,19734.0,8560.0,,
Düzce,duzce,2013,Karadeniz,Doğu Marmara,,,,,,92974,,,,,,,,,,,,,,,TR423,2012-2013,101.75,43.19,58.56,29024.0,8560.0,20464.0,19713.0,9311.0,,
Düzce,duzce,2014,Karadeniz,Doğu Marmara,,,,,,97330,,,,,,,,,,,,,,,TR423,2013-2014,109.84,49.0,60.84,28528.0,9311.0,19217.0,18217.0,10311.0,,
Düzce,duzce,2015,Karadeniz,Doğu Marmara,,,,,,100002,,,,,,,,,,,,,,,TR423,2014-2015,116.88,50.56,66.32,27927.0,10312.0,17615.0,17366.0,10561.0,,
Düzce,duzce,2016,Karadeniz,Doğu Marmara,,,,,,102075,,,,,,,,,,,,,,,TR423,2015-2016,115.88,52.35,63.53,29174.0,10560.0,18614.0,14140.0,15034.0,,
Düzce,duzce,2017,Karadeniz,Doğu Marmara,,,,,,105892,,,,,,,,,,,,,,,TR423,2016-2017,110.74,50.21,60.52,34317.0,15034.0,19283.0,14917.0,19400.0,,
Düzce,duzce,2018,Karadeniz,Doğu Marmara,,,,,,105361,,,,,,,,,,,,,,,TR423,2017-2018,101.72,54.8,46.92,39413.0,19400.0,20013.0,18797.0,20616.0,,
Düzce,duzce,2019,Karadeniz,Doğu Marmara,,,,,,104458,,,,,,,,,,,,,,,TR423,2018-2019,102.55,55.92,46.62,39172.0,20616.0,18556.0,19279.0,19893.0,,
Düzce,duzce,2020,Karadeniz,Doğu Marmara,,,,,,112960,,,,,,,,,,,,,,,TR423,2019-2020,105.9,63.3,42.61,36973.0,19893.0,17080.0,17456.0,19517.0,,
Düzce,duzce,2021,Karadeniz,Doğu Marmara,400976.0,16828.0,14191.0,2637.0,6.598149665651214,120562,0.3006713618770201,363392.0,8643.0,32575.0,61062.0,84133.0,50986.0,5198.0,1010.0,0.023784233004579,0.2315213323353293,0.1403057854878478,0.0170834800986262,0.15738926558647412,TR423,2020-2021,122.88,74.34,48.53,39639.0,19517.0,20122.0,18992.0,20647.0,9885.6290650812,5018.255456685687
Edirne,edirne,2011,Marmara,Batı Marmara,,,,,,93675,,,,,,,,,,,,,,,TR212,2010-2011,92.38,43.95,48.43,29731.0,9213.0,20518.0,19371.0,10360.0,,
Edirne,edirne,2012,Marmara,Batı Marmara,,,,,,97351,,,,,,,,,,,,,,,TR212,2011-2012,95.49,46.49,49.0,33784.0,10360.0,23424.0,21271.0,12513.0,,
Edirne,edirne,2013,Marmara,Batı Marmara,,,,,,96897,,,,,,,,,,,,,,,TR212,2012-2013,97.78,48.98,48.8,36412.0,12513.0,23899.0,21374.0,15038.0,,
Edirne,edirne,2014,Marmara,Batı Marmara,,,,,,100886,,,,,,,,,,,,,,,TR212,2013-2014,109.53,57.07,52.46,39447.0,15038.0,24409.0,23818.0,15629.0,,
Edirne,edirne,2015,Marmara,Batı Marmara,,,,,,103449,,,,,,,,,,,,,,,TR212,2014-2015,107.9,59.53,48.36,37897.0,15629.0,22268.0,21429.0,16468.0,,
Edirne,edirne,2016,Marmara,Batı Marmara,,,,,,102149,,,,,,,,,,,,,,,TR212,2015-2016,106.07,62.39,43.68,39054.0,16468.0,22586.0,20238.0,18816.0,,
Edirne,edirne,2017,Marmara,Batı Marmara,,,,,,106414,,,,,,,,,,,,,,,TR212,2016-2017,105.74,62.87,42.87,45599.0,18816.0,26783.0,23062.0,22537.0,,
Edirne,edirne,2018,Marmara,Batı Marmara,,,,,,107363,,,,,,,,,,,,,,,TR212,2017-2018,113.17,61.07,52.1,49969.0,22536.0,27433.0,25798.0,24171.0,,
Edirne,edirne,2019,Marmara,Batı Marmara,,,,,,106133,,,,,,,,,,,,,,,TR212,2018-2019,113.75,63.77,49.98,51183.0,24171.0,27012.0,27693.0,23490.0,,
Edirne,edirne,2020,Marmara,Batı Marmara,,,,,,109468,,,,,,,,,,,,,,,TR212,2019-2020,114.06,68.92,45.14,48209.0,23490.0,24719.0,23321.0,24888.0,,
Edirne,edirne,2021,Marmara,Batı Marmara,412115.0,19443.0,15822.0,3621.0,8.825153026593664,114109,0.27688630600681846,383259.0,7639.0,27896.0,57132.0,90174.0,57489.0,6460.0,1658.0,0.0199316911018397,0.2352821460161405,0.1500003913802415,0.0211814986732209,0.17118189005346254,TR212,2020-2021,125.58,76.15,49.43,50363.0,24888.0,25475.0,27064.0,23299.0,12220.618031374737,6181.527000958471
Elazığ,elazig,2011,Doğu Anadolu,Ortadoğu Anadolu,,,,,,100765,,,,,,,,,,,,,,,TRB12,2010-2011,95.15,64.65,30.5,30259.0,8636.0,21623.0,21382.0,8877.0,,
Elazığ,elazig,2012,Doğu Anadolu,Ortadoğu Anadolu,,,,,,103323,,,,,,,,,,,,,,,TRB12,2011-2012,104.16,71.83,32.32,30597.0,8877.0,21720.0,20075.0,10522.0,,
Elazığ,elazig,2013,Doğu Anadolu,Ortadoğu Anadolu,,,,,,102105,,,,,,,,,,,,,,,TRB12,2012-2013,106.08,71.44,34.64,32991.0,10521.0,22470.0,20571.0,12420.0,,
Elazığ,elazig,2014,Doğu Anadolu,Ortadoğu Anadolu,,,,,,104840,,,,,,,,,,,,,,,TRB12,2013-2014,113.26,68.12,45.14,38046.0,12428.0,25618.0,23612.0,14434.0,,
Elazığ,elazig,2015,Doğu Anadolu,Ortadoğu Anadolu,,,,,,109920,,,,,,,,,,,,,,,TRB12,2014-2015,116.92,64.09,52.83,39163.0,14435.0,24728.0,23591.0,15572.0,,
Elazığ,elazig,2016,Doğu Anadolu,Ortadoğu Anadolu,,,,,,114475,,,,,,,,,,,,,,,TRB12,2015-2016,119.54,66.85,52.69,40155.0,15571.0,24584.0,22095.0,18060.0,,
Elazığ,elazig,2017,Doğu Anadolu,Ortadoğu Anadolu,,,,,,128997,,,,,,,,,,,,,,,TRB12,2016-2017,112.59,63.57,49.03,46067.0,18060.0,28007.0,26548.0,19519.0,,
Elazığ,elazig,2018,Doğu Anadolu,Ortadoğu Anadolu,,,,,,124652,,,,,,,,,,,,,,,TRB12,2017-2018,115.8,58.15,57.65,48325.0,19519.0,28806.0,28289.0,20036.0,,
Elazığ,elazig,2019,Doğu Anadolu,Ortadoğu Anadolu,,,,,,121616,,,,,,,,,,,,,,,TRB12,2018-2019,116.06,62.02,54.04,43317.0,20036.0,23281.0,23310.0,20007.0,,
Elazığ,elazig,2020,Doğu Anadolu,Ortadoğu Anadolu,,,,,,149148,,,,,,,,,,,,,,,TRB12,2019-2020,116.86,67.12,49.74,41740.0,20007.0,21733.0,21885.0,19855.0,,
Elazığ,elazig,2021,Doğu Anadolu,Ortadoğu Anadolu,588088.0,20800.0,22429.0,-1629.0,-2.766162480206825,142030,0.2415114744732081,538821.0,17771.0,63932.0,102371.0,123318.0,78428.0,9873.0,2037.0,0.0329812683618492,0.228866358215437,0.1455548317530311,0.0221038155528459,0.1676586473058771,TRB12,2020-2021,127.61,75.92,51.69,45732.0,19855.0,25877.0,25310.0,20422.0,7776.387207356722,4400.1918080287305
Erzincan,erzincan,2011,Doğu Anadolu,Kuzeydoğu Anadolu,,,,,,48193,,,,,,,,,,,,,,,TRA12,2010-2011,99.24,52.24,47.0,14453.0,5217.0,9236.0,9999.0,4454.0,,
Erzincan,erzincan,2012,Doğu Anadolu,Kuzeydoğu Anadolu,,,,,,50276,,,,,,,,,,,,,,,TRA12,2011-2012,101.43,54.71,46.73,13769.0,4454.0,9315.0,9090.0,4679.0,,
Erzincan,erzincan,2013,Doğu Anadolu,Kuzeydoğu Anadolu,,,,,,50475,,,,,,,,,,,,,,,TRA12,2012-2013,105.77,57.17,48.6,14326.0,4679.0,9647.0,9589.0,4737.0,,
Erzincan,erzincan,2014,Doğu Anadolu,Kuzeydoğu Anadolu,,,,,,49470,,,,,,,,,,,,,,,TRA12,2013-2014,114.87,62.11,52.76,14481.0,4739.0,9742.0,9320.0,5161.0,,
Erzincan,erzincan,2015,Doğu Anadolu,Kuzeydoğu Anadolu,,,,,,52210,,,,,,,,,,,,,,,TRA12,2014-2015,117.84,60.73,57.11,15690.0,5161.0,10529.0,10224.0,5466.0,,
Erzincan,erzincan,2016,Doğu Anadolu,Kuzeydoğu Anadolu,,,,,,52919,,,,,,,,,,,,,,,TRA12,2015-2016,120.22,62.35,57.88,16116.0,5466.0,10650.0,8553.0,7563.0,,
Erzincan,erzincan,2017,Doğu Anadolu,Kuzeydoğu Anadolu,,,,,,61662,,,,,,,,,,,,,,,TRA12,2016-2017,114.66,59.21,55.45,19386.0,7563.0,11823.0,10674.0,8712.0,,
Erzincan,erzincan,2018,Doğu Anadolu,Kuzeydoğu Anadolu,,,,,,57078,,,,,,,,,,,,,,,TRA12,2017-2018,101.19,46.36,54.83,21026.0,8712.0,12314.0,13201.0,7825.0,,
Erzincan,erzincan,2019,Doğu Anadolu,Kuzeydoğu Anadolu,,,,,,54432,,,,,,,,,,,,,,,TRA12,2018-2019,101.77,49.25,52.53,19227.0,7825.0,11402.0,12921.0,6306.0,,
Erzincan,erzincan,2020,Doğu Anadolu,Kuzeydoğu Anadolu,,,,,,57995,,,,,,,,,,,,,,,TRA12,2019-2020,105.06,59.81,45.25,16230.0,6306.0,9924.0,9641.0,6589.0,,
Erzincan,erzincan,2021,Doğu Anadolu,Kuzeydoğu Anadolu,237351.0,16049.0,13564.0,2485.0,10.524822274505151,61481,0.25902987558510393,216509.0,8430.0,18997.0,34085.0,54906.0,35106.0,3561.0,803.0,0.0389360257541256,0.2535968481679745,0.1621456844750102,0.0201562059775806,0.18230189045259088,TRA12,2020-2021,119.08,71.34,47.75,18625.0,6589.0,12036.0,10852.0,7773.0,7847.028240875328,5070.970840653716
Erzurum,erzurum,2011,Doğu Anadolu,Kuzeydoğu Anadolu,,,,,,124119,,,,,,,,,,,,,,,TRA11,2010-2011,67.21,39.0,28.2,41703.0,15637.0,26066.0,27827.0,13876.0,,
Erzurum,erzurum,2012,Doğu Anadolu,Kuzeydoğu Anadolu,,,,,,132054,,,,,,,,,,,,,,,TRA11,2011-2012,72.62,42.87,29.75,39592.0,13876.0,25716.0,24746.0,14846.0,,
Erzurum,erzurum,2013,Doğu Anadolu,Kuzeydoğu Anadolu,,,,,,128992,,,,,,,,,,,,,,,TRA11,2012-2013,77.58,45.95,31.63,40156.0,14846.0,25310.0,25265.0,14891.0,,
Erzurum,erzurum,2014,Doğu Anadolu,Kuzeydoğu Anadolu,,,,,,133570,,,,,,,,,,,,,,,TRA11,2013-2014,90.75,52.56,38.19,42314.0,16177.0,26137.0,26038.0,16276.0,,
Erzurum,erzurum,2015,Doğu Anadolu,Kuzeydoğu Anadolu,,,,,,139789,,,,,,,,,,,,,,,TRA11,2014-2015,95.46,52.58,42.89,43464.0,16276.0,27188.0,26180.0,17284.0,,
Erzurum,erzurum,2016,Doğu Anadolu,Kuzeydoğu Anadolu,,,,,,142616,,,,,,,,,,,,,,,TRA11,2015-2016,97.79,55.94,41.85,44168.0,17284.0,26884.0,21677.0,22491.0,,
Erzurum,erzurum,2017,Doğu Anadolu,Kuzeydoğu Anadolu,,,,,,151679,,,,,,,,,,,,,,,TRA11,2016-2017,95.47,53.77,41.7,59525.0,22490.0,37035.0,33426.0,26099.0,,
Erzurum,erzurum,2018,Doğu Anadolu,Kuzeydoğu Anadolu,,,,,,149220,,,,,,,,,,,,,,,TRA11,2017-2018,100.87,53.17,47.71,59337.0,26099.0,33238.0,35584.0,23753.0,,
Erzurum,erzurum,2019,Doğu Anadolu,Kuzeydoğu Anadolu,,,,,,144184,,,,,,,,,,,,,,,TRA11,2018-2019,101.88,57.16,44.73,51062.0,23752.0,27310.0,30197.0,20865.0,,
Erzurum,erzurum,2020,Doğu Anadolu,Kuzeydoğu Anadolu,,,,,,154937,,,,,,,,,,,,,,,TRA11,2019-2020,104.42,64.01,40.42,45336.0,20865.0,24471.0,26152.0,19184.0,,
Erzurum,erzurum,2021,Doğu Anadolu,Kuzeydoğu Anadolu,756893.0,28554.0,36798.0,-8244.0,-10.832900796961953,163646,0.21620757491481624,679307.0,30759.0,76770.0,129677.0,145741.0,86906.0,11773.0,2884.0,0.0452799691450257,0.2145436452149028,0.1279333202808155,0.0215764006553737,0.1495097209361894,TRA11,2020-2021,115.33,73.18,42.15,46470.0,19184.0,27286.0,26279.0,20191.0,6139.573228976883,3605.0009710751715
Eskişehir,eskisehir,2011,İç Anadolu,Doğu Marmara,,,,,,209792,,,,,,,,,,,,,,,TR412,2010-2011,103.19,51.56,51.63,70895.0,33614.0,37281.0,32875.0,38020.0,,
Eskişehir,eskisehir,2012,İç Anadolu,Doğu Marmara,,,,,,218238,,,,,,,,,,,,,,,TR412,2011-2012,106.49,53.18,53.31,76395.0,38020.0,38375.0,33770.0,42625.0,,
Eskişehir,eskisehir,2013,İç Anadolu,Doğu Marmara,,,,,,224189,,,,,,,,,,,,,,,TR412,2012-2013,107.18,54.77,52.41,85440.0,42625.0,42815.0,37655.0,47785.0,,
Eskişehir,eskisehir,2014,İç Anadolu,Doğu Marmara,,,,,,236749,,,,,,,,,,,,,,,TR412,2013-2014,113.69,60.21,53.48,93405.0,47785.0,45620.0,46394.0,47011.0,,
Eskişehir,eskisehir,2015,İç Anadolu,Doğu Marmara,,,,,,243555,,,,,,,,,,,,,,,TR412,2014-2015,115.69,61.56,54.13,93328.0,47011.0,46317.0,43316.0,50012.0,,
Eskişehir,eskisehir,2016,İç Anadolu,Doğu Marmara,,,,,,250129,,,,,,,,,,,,,,,TR412,2015-2016,118.62,67.5,51.12,98116.0,50012.0,48104.0,45568.0,52548.0,,
Eskişehir,eskisehir,2017,İç Anadolu,Doğu Marmara,,,,,,261429,,,,,,,,,,,,,,,TR412,2016-2017,117.33,69.38,47.95,103069.0,52548.0,50521.0,49402.0,53667.0,,
Eskişehir,eskisehir,2018,İç Anadolu,Doğu Marmara,,,,,,252233,,,,,,,,,,,,,,,TR412,2017-2018,117.4,58.83,58.57,111540.0,53667.0,57873.0,57514.0,54026.0,,
Eskişehir,eskisehir,2019,İç Anadolu,Doğu Marmara,,,,,,253996,,,,,,,,,,,,,,,TR412,2018-2019,116.75,60.63,56.13,116713.0,54026.0,62687.0,62901.0,53812.0,,
Eskişehir,eskisehir,2020,İç Anadolu,Doğu Marmara,,,,,,267051,,,,,,,,,,,,,,,TR412,2019-2020,118.68,68.15,50.52,110457.0,53812.0,56645.0,56344.0,54113.0,,
Eskişehir,eskisehir,2021,İç Anadolu,Doğu Marmara,898369.0,36776.0,31532.0,5244.0,5.854331636053484,279449,0.31106260345136577,815496.0,11920.0,54863.0,120706.0,215940.0,152602.0,18762.0,4692.0,0.0146168712047637,0.2647959033520703,0.1871278338581673,0.0287604108419906,0.21588824470015794,TR412,2020-2021,129.91,76.27,53.65,116221.0,54113.0,62108.0,62989.0,53232.0,12936.888962107998,6913.4175377823585
Gaziantep,gaziantep,2011,Güneydoğu Anadolu,Güneydoğu Anadolu,,,,,,302822,,,,,,,,,,,,,,,TRC11,2010-2011,69.83,50.25,19.58,119006.0,54566.0,64440.0,63895.0,55111.0,,
Gaziantep,gaziantep,2012,Güneydoğu Anadolu,Güneydoğu Anadolu,,,,,,342884,,,,,,,,,,,,,,,TRC11,2011-2012,75.35,53.68,21.66,137831.0,55111.0,82720.0,72844.0,64987.0,,
Gaziantep,gaziantep,2013,Güneydoğu Anadolu,Güneydoğu Anadolu,,,,,,365913,,,,,,,,,,,,,,,TRC11,2012-2013,78.05,56.0,22.05,148455.0,64988.0,83467.0,77509.0,70946.0,,
Gaziantep,gaziantep,2014,Güneydoğu Anadolu,Güneydoğu Anadolu,,,,,,387539,,,,,,,,,,,,,,,TRC11,2013-2014,87.03,51.56,35.47,150946.0,70946.0,80000.0,74034.0,76912.0,,
Gaziantep,gaziantep,2015,Güneydoğu Anadolu,Güneydoğu Anadolu,,,,,,397494,,,,,,,,,,,,,,,TRC11,2014-2015,92.85,50.42,42.43,168320.0,76912.0,91408.0,73557.0,94763.0,,
Gaziantep,gaziantep,2016,Güneydoğu Anadolu,Güneydoğu Anadolu,,,,,,412187,,,,,,,,,,,,,,,TRC11,2015-2016,96.38,53.87,42.51,195690.0,94764.0,100926.0,65944.0,129746.0,,
Gaziantep,gaziantep,2017,Güneydoğu Anadolu,Güneydoğu Anadolu,,,,,,449207,,,,,,,,,,,,,,,TRC11,2016-2017,95.46,54.94,40.51,247830.0,129749.0,118081.0,76407.0,171423.0,,
Gaziantep,gaziantep,2018,Güneydoğu Anadolu,Güneydoğu Anadolu,,,,,,449128,,,,,,,,,,,,,,,TRC11,2017-2018,108.97,53.78,55.19,288040.0,171423.0,116617.0,96719.0,191321.0,,
Gaziantep,gaziantep,2019,Güneydoğu Anadolu,Güneydoğu Anadolu,,,,,,454118,,,,,,,,,,,,,,,TRC11,2018-2019,94.85,48.31,46.53,304822.0,191319.0,113503.0,105491.0,199331.0,,
Gaziantep,gaziantep,2020,Güneydoğu Anadolu,Güneydoğu Anadolu,,,,,,505877,,,,,,,,,,,,,,,TRC11,2019-2020,111.79,63.86,47.93,311024.0,199331.0,111693.0,89504.0,221520.0,,
Gaziantep,gaziantep,2021,Güneydoğu Anadolu,Güneydoğu Anadolu,2130432.0,50203.0,57475.0,-7272.0,-3.4075765158373583,546411,0.25647896764599853,1853829.0,51398.0,244259.0,409805.0,315598.0,195862.0,22870.0,2811.0,0.0277253187861447,0.1702411603227697,0.1056526788608873,0.0138529497596596,0.11950562862054699,TRC11,2020-2021,125.75,74.34,51.4,348570.0,221520.0,127050.0,114228.0,234342.0,16361.470349675557,5963.579217736121
Giresun,giresun,2011,Karadeniz,Doğu Karadeniz,,,,,,86012,,,,,,,,,,,,,,,TR903,2010-2011,92.32,37.01,55.32,24215.0,7225.0,16990.0,16899.0,7316.0,,
Giresun,giresun,2012,Karadeniz,Doğu Karadeniz,,,,,,85967,,,,,,,,,,,,,,,TR903,2011-2012,98.99,40.35,58.64,24374.0,7316.0,17058.0,16428.0,7946.0,,
Giresun,giresun,2013,Karadeniz,Doğu Karadeniz,,,,,,85477,,,,,,,,,,,,,,,TR903,2012-2013,102.63,42.99,59.64,26443.0,7945.0,18498.0,18512.0,7931.0,,
Giresun,giresun,2014,Karadeniz,Doğu Karadeniz,,,,,,85892,,,,,,,,,,,,,,,TR903,2013-2014,114.2,54.76,59.44,26610.0,7931.0,18679.0,18640.0,7970.0,,
Giresun,giresun,2015,Karadeniz,Doğu Karadeniz,,,,,,90599,,,,,,,,,,,,,,,TR903,2014-2015,114.33,52.83,61.5,26361.0,7970.0,18391.0,18930.0,7431.0,,
Giresun,giresun,2016,Karadeniz,Doğu Karadeniz,,,,,,97399,,,,,,,,,,,,,,,TR903,2015-2016,116.73,56.61,60.12,26727.0,7430.0,19297.0,16859.0,9868.0,,
Giresun,giresun,2017,Karadeniz,Doğu Karadeniz,,,,,,103562,,,,,,,,,,,,,,,TR903,2016-2017,108.24,52.08,56.16,31191.0,9868.0,21323.0,19026.0,12165.0,,
Giresun,giresun,2018,Karadeniz,Doğu Karadeniz,,,,,,99874,,,,,,,,,,,,,,,TR903,2017-2018,122.74,67.14,55.59,34145.0,12165.0,21980.0,21179.0,12966.0,,
Giresun,giresun,2019,Karadeniz,Doğu Karadeniz,,,,,,100418,,,,,,,,,,,,,,,TR903,2018-2019,120.26,69.18,51.09,33263.0,12966.0,20297.0,22616.0,10647.0,,
Giresun,giresun,2020,Karadeniz,Doğu Karadeniz,,,,,,103178,,,,,,,,,,,,,,,TR903,2019-2020,119.25,73.99,45.26,28392.0,10648.0,17744.0,17003.0,11389.0,,
Giresun,giresun,2021,Karadeniz,Doğu Karadeniz,450154.0,21392.0,19575.0,1817.0,4.044559155294822,108767,0.2416217561101312,418847.0,17102.0,46465.0,65206.0,91817.0,60266.0,5489.0,1051.0,0.0408311388167994,0.2192136985581847,0.1438854760807645,0.0156142935248432,0.15949976960560777,TR903,2020-2021,130.15,81.98,48.17,31991.0,11390.0,20601.0,19330.0,12661.0,7106.679047614817,4576.433842640518
Gümüşhane,gumushane,2011,Karadeniz,Doğu Karadeniz,,,,,,26414,,,,,,,,,,,,,,,TR906,2010-2011,75.32,34.34,40.98,,,,,,,
Gümüşhane,gumushane,2012,Karadeniz,Doğu Karadeniz,,,,,,27454,,,,,,,,,,,,,,,TR906,2011-2012,83.54,36.81,46.73,6239.0,5265.0,5194.0,1045.0,,,
Gümüşhane,gumushane,2013,Karadeniz,Doğu Karadeniz,,,,,,27065,,,,,,,,,,,,,,,TR906,2012-2013,87.54,39.85,47.69,6067.0,1045.0,5022.0,4879.0,1188.0,,
Gümüşhane,gumushane,2014,Karadeniz,Doğu Karadeniz,,,,,,26147,,,,,,,,,,,,,,,TR906,2013-2014,97.64,49.87,47.77,5874.0,1188.0,4686.0,4399.0,1475.0,,
Gümüşhane,gumushane,2015,Karadeniz,Doğu Karadeniz,,,,,,28282,,,,,,,,,,,,,,,TR906,2014-2015,92.35,47.24,45.11,6125.0,1475.0,4650.0,4484.0,1641.0,,
Gümüşhane,gumushane,2016,Karadeniz,Doğu Karadeniz,,,,,,27522,,,,,,,,,,,,,,,TR906,2015-2016,89.64,47.03,42.61,7251.0,1641.0,5610.0,4880.0,2371.0,,
Gümüşhane,gumushane,2017,Karadeniz,Doğu Karadeniz,,,,,,29693,,,,,,,,,,,,,,,TR906,2016-2017,74.13,40.02,34.12,8888.0,2371.0,6517.0,6176.0,2712.0,,
Gümüşhane,gumushane,2018,Karadeniz,Doğu Karadeniz,,,,,,28496,,,,,,,,,,,,,,,TR906,2017-2018,107.41,57.84,49.58,9331.0,2712.0,6619.0,6795.0,2536.0,,
Gümüşhane,gumushane,2019,Karadeniz,Doğu Karadeniz,,,,,,28299,,,,,,,,,,,,,,,TR906,2018-2019,108.59,62.23,46.36,8312.0,2536.0,5776.0,5607.0,2705.0,,
Gümüşhane,gumushane,2020,Karadeniz,Doğu Karadeniz,,,,,,28565,,,,,,,,,,,,,,,TR906,2019-2020,110.7,67.96,42.75,7870.0,2705.0,5165.0,4489.0,3381.0,,
Gümüşhane,gumushane,2021,Karadeniz,Doğu Karadeniz,150119.0,14114.0,11611.0,2503.0,16.813609417770834,28253,0.18820402480698645,138032.0,4498.0,14652.0,19038.0,33339.0,19308.0,2002.0,410.0,0.0325866465747073,0.2415309493450794,0.1398806073953865,0.0174742088791005,0.15735481627448708,TR906,2020-2021,120.8,75.22,45.58,9131.0,3381.0,5750.0,5825.0,3306.0,6082.50787708418,3830.294632924547
Hakkari,hakkari,2011,Doğu Anadolu,Ortadoğu Anadolu,,,,,,28342,,,,,,,,,,,,,,,TRB24,2010-2011,74.7,53.11,21.59,9562.0,3131.0,6431.0,5789.0,3773.0,,
Hakkari,hakkari,2012,Doğu Anadolu,Ortadoğu Anadolu,,,,,,31140,,,,,,,,,,,,,,,TRB24,2011-2012,79.34,54.55,24.8,10633.0,3773.0,6860.0,6089.0,4544.0,,
Hakkari,hakkari,2013,Doğu Anadolu,Ortadoğu Anadolu,,,,,,34205,,,,,,,,,,,,,,,TRB24,2012-2013,87.63,58.41,29.23,11605.0,4544.0,7061.0,6688.0,4917.0,,
Hakkari,hakkari,2014,Doğu Anadolu,Ortadoğu Anadolu,,,,,,36534,,,,,,,,,,,,,,,TRB24,2013-2014,95.67,59.0,36.68,16376.0,4918.0,11458.0,7904.0,8472.0,,
Hakkari,hakkari,2015,Doğu Anadolu,Ortadoğu Anadolu,,,,,,44644,,,,,,,,,,,,,,,TRB24,2014-2015,96.44,48.16,48.28,16239.0,8472.0,7767.0,7108.0,9131.0,,
Hakkari,hakkari,2016,Doğu Anadolu,Ortadoğu Anadolu,,,,,,48474,,,,,,,,,,,,,,,TRB24,2015-2016,98.09,44.69,53.4,18643.0,9131.0,9512.0,5934.0,12709.0,,
Hakkari,hakkari,2017,Doğu Anadolu,Ortadoğu Anadolu,,,,,,53429,,,,,,,,,,,,,,,TRB24,2016-2017,92.32,42.74,49.57,26949.0,12709.0,14240.0,12740.0,14209.0,,
Hakkari,hakkari,2018,Doğu Anadolu,Ortadoğu Anadolu,,,,,,59672,,,,,,,,,,,,,,,TRB24,2017-2018,118.96,55.93,63.03,27803.0,14209.0,13594.0,13671.0,14132.0,,
Hakkari,hakkari,2019,Doğu Anadolu,Ortadoğu Anadolu,,,,,,57854,,,,,,,,,,,,,,,TRB24,2018-2019,115.73,57.81,57.92,26933.0,14132.0,12801.0,13667.0,13266.0,,
Hakkari,hakkari,2020,Doğu Anadolu,Ortadoğu Anadolu,,,,,,62611,,,,,,,,,,,,,,,TRB24,2019-2020,119.08,68.14,50.94,24571.0,13266.0,11305.0,10800.0,13771.0,,
Hakkari,hakkari,2021,Doğu Anadolu,Ortadoğu Anadolu,278218.0,7886.0,13088.0,-5202.0,-18.524387594856474,65074,0.23389572205967982,246664.0,9042.0,31278.0,62769.0,65539.0,26931.0,2257.0,170.0,0.0366571530503032,0.2657015210975254,0.1091809100638925,0.009839295559952,0.11902020562384458,TRB24,2020-2021,131.86,76.19,55.67,27173.0,13771.0,13402.0,12744.0,14429.0,9766.80157286732,4817.085882293741
Hatay,hatay,2011,Akdeniz,Akdeniz,,,,,,242246,,,,,,,,,,,,,,,TR631,2010-2011,77.0,48.41,28.6,78874.0,29799.0,49075.0,45129.0,33745.0,,
Hatay,hatay,2012,Akdeniz,Akdeniz,,,,,,251551,,,,,,,,,,,,,,,TR631,2011-2012,81.08,48.95,32.13,87082.0,33745.0,53337.0,46798.0,40284.0,,
Hatay,hatay,2013,Akdeniz,Akdeniz,,,,,,261450,,,,,,,,,,,,,,,TR631,2012-2013,83.8,45.79,38.01,102027.0,40284.0,61743.0,53189.0,48838.0,,
Hatay,hatay,2014,Akdeniz,Akdeniz,,,,,,268062,,,,,,,,,,,,,,,TR631,2013-2014,95.72,48.94,46.79,116428.0,48839.0,67589.0,60754.0,55674.0,,
Hatay,hatay,2015,Akdeniz,Akdeniz,,,,,,282492,,,,,,,,,,,,,,,TR631,2014-2015,102.54,50.12,52.43,121512.0,55675.0,65837.0,62184.0,59328.0,,
Hatay,hatay,2016,Akdeniz,Akdeniz,,,,,,300676,,,,,,,,,,,,,,,TR631,2015-2016,102.12,53.06,49.05,126984.0,59328.0,67656.0,55980.0,71004.0,,
Hatay,hatay,2017,Akdeniz,Akdeniz,,,,,,316850,,,,,,,,,,,,,,,TR631,2016-2017,99.12,52.21,46.91,144529.0,71004.0,73525.0,63931.0,80598.0,,
Hatay,hatay,2018,Akdeniz,Akdeniz,,,,,,315069,,,,,,,,,,,,,,,TR631,2017-2018,109.77,65.13,44.64,155705.0,80598.0,75107.0,70938.0,84767.0,,
Hatay,hatay,2019,Akdeniz,Akdeniz,,,,,,310710,,,,,,,,,,,,,,,TR631,2018-2019,110.7,68.1,42.6,157419.0,84768.0,72651.0,69641.0,87778.0,,
Hatay,hatay,2020,Akdeniz,Akdeniz,,,,,,332425,,,,,,,,,,,,,,,TR631,2019-2020,111.33,72.01,39.33,158496.0,87778.0,70718.0,65115.0,93381.0,,
Hatay,hatay,2021,Akdeniz,Akdeniz,1670712.0,35929.0,49001.0,-13072.0,-7.793719235318808,356543,0.2134078165476755,1496691.0,25828.0,193661.0,292240.0,276208.0,183260.0,17676.0,2120.0,0.0172567350241298,0.1845457746455347,0.1224434435698484,0.013226511016636,0.13566995458648445,TR631,2020-2021,120.88,77.47,43.4,174680.0,93380.0,81300.0,79516.0,95164.0,10455.42259826948,4866.18878657722
Isparta,isparta,2011,Akdeniz,Akdeniz,,,,,,94031,,,,,,,,,,,,,,,TR612,2010-2011,100.69,49.06,51.64,28109.0,7321.0,20788.0,19935.0,8174.0,,
Isparta,isparta,2012,Akdeniz,Akdeniz,,,,,,93280,,,,,,,,,,,,,,,TR612,2011-2012,104.03,50.31,53.73,29402.0,8174.0,21228.0,20117.0,9285.0,,
Isparta,isparta,2013,Akdeniz,Akdeniz,,,,,,96812,,,,,,,,,,,,,,,TR612,2012-2013,108.04,52.21,55.83,30316.0,9291.0,21025.0,20453.0,9863.0,,
Isparta,isparta,2014,Akdeniz,Akdeniz,,,,,,100435,,,,,,,,,,,,,,,TR612,2013-2014,115.5,56.81,58.69,31643.0,9863.0,21780.0,20778.0,10865.0,,
Isparta,isparta,2015,Akdeniz,Akdeniz,,,,,,108992,,,,,,,,,,,,,,,TR612,2014-2015,118.65,59.62,59.03,32707.0,10865.0,21842.0,21674.0,11033.0,,
Isparta,isparta,2016,Akdeniz,Akdeniz,,,,,,111649,,,,,,,,,,,,,,,TR612,2015-2016,121.97,63.6,58.37,34887.0,11033.0,23854.0,20064.0,14823.0,,
Isparta,isparta,2017,Akdeniz,Akdeniz,,,,,,122429,,,,,,,,,,,,,,,TR612,2016-2017,118.88,64.99,53.89,42250.0,14823.0,27427.0,23853.0,18397.0,,
Isparta,isparta,2018,Akdeniz,Akdeniz,,,,,,126475,,,,,,,,,,,,,,,TR612,2017-2018,108.39,56.62,51.77,44646.0,18397.0,26249.0,27269.0,17377.0,,
Isparta,isparta,2019,Akdeniz,Akdeniz,,,,,,125441,,,,,,,,,,,,,,,TR612,2018-2019,108.88,60.4,48.48,44022.0,17377.0,26645.0,26816.0,17206.0,,
Isparta,isparta,2020,Akdeniz,Akdeniz,,,,,,124158,,,,,,,,,,,,,,,TR612,2019-2020,110.63,66.04,44.59,42039.0,17206.0,24833.0,24976.0,17063.0,,
Isparta,isparta,2021,Akdeniz,Akdeniz,445678.0,22632.0,19998.0,2634.0,5.9276129093237255,128406,0.2881138400369774,406770.0,8258.0,31394.0,60583.0,101274.0,67539.0,8189.0,2350.0,0.0203013988248887,0.2489711630651228,0.1660373183863116,0.0259089903385205,0.1919463087248322,TR612,2020-2021,124.11,76.08,48.03,43496.0,17064.0,26432.0,26905.0,16591.0,9759.512473130826,5930.739233258092
Iğdır,igdir,2011,Doğu Anadolu,Kuzeydoğu Anadolu,,,,,,23909,,,,,,,,,,,,,,,TRA23,2010-2011,67.56,45.76,21.8,10696.0,2330.0,8366.0,7567.0,3129.0,,
Iğdır,igdir,2012,Doğu Anadolu,Kuzeydoğu Anadolu,,,,,,25748,,,,,,,,,,,,,,,TRA23,2011-2012,69.94,46.93,23.01,11229.0,3129.0,8100.0,8350.0,2879.0,,
Iğdır,igdir,2013,Doğu Anadolu,Kuzeydoğu Anadolu,,,,,,25692,,,,,,,,,,,,,,,TRA23,2012-2013,72.61,46.25,26.36,11763.0,2879.0,8884.0,8198.0,3565.0,,
Iğdır,igdir,2014,Doğu Anadolu,Kuzeydoğu Anadolu,,,,,,26868,,,,,,,,,,,,,,,TRA23,2013-2014,84.72,50.69,34.03,12892.0,3575.0,9317.0,8328.0,4564.0,,
Iğdır,igdir,2015,Doğu Anadolu,Kuzeydoğu Anadolu,,,,,,28664,,,,,,,,,,,,,,,TRA23,2014-2015,89.51,52.89,36.62,12952.0,4564.0,8388.0,8280.0,4672.0,,
Iğdır,igdir,2016,Doğu Anadolu,Kuzeydoğu Anadolu,,,,,,29691,,,,,,,,,,,,,,,TRA23,2015-2016,94.11,57.77,36.34,13111.0,4672.0,8439.0,6607.0,6504.0,,
Iğdır,igdir,2017,Doğu Anadolu,Kuzeydoğu Anadolu,,,,,,32460,,,,,,,,,,,,,,,TRA23,2016-2017,91.27,55.78,35.5,16485.0,6504.0,9981.0,8032.0,8453.0,,
Iğdır,igdir,2018,Doğu Anadolu,Kuzeydoğu Anadolu,,,,,,32023,,,,,,,,,,,,,,,TRA23,2017-2018,98.77,54.75,44.01,17943.0,8454.0,9489.0,10038.0,7905.0,,
Iğdır,igdir,2019,Doğu Anadolu,Kuzeydoğu Anadolu,,,,,,31653,,,,,,,,,,,,,,,TRA23,2018-2019,97.2,53.51,43.69,17117.0,7905.0,9212.0,9129.0,7988.0,,
Iğdır,igdir,2020,Doğu Anadolu,Kuzeydoğu Anadolu,,,,,,34500,,,,,,,,,,,,,,,TRA23,2019-2020,100.06,61.98,38.08,17114.0,7990.0,9124.0,8196.0,8918.0,,
Iğdır,igdir,2021,Doğu Anadolu,Kuzeydoğu Anadolu,203159.0,7563.0,10173.0,-2610.0,-12.76508333985445,37041,0.1823251738785877,179601.0,10220.0,25440.0,38509.0,31764.0,19425.0,2142.0,337.0,0.0569039147888931,0.1768587034593348,0.1081564133829989,0.0138028184698303,0.12195923185282932,TRA23,2020-2021,116.02,69.33,46.69,20017.0,8918.0,11099.0,10648.0,9369.0,9852.873857422019,5463.208619849477
Kahramanmaraş,kahramanmaras,2011,Akdeniz,Akdeniz,,,,,,178400,,,,,,,,,,,,,,,TR632,2010-2011,72.96,39.68,33.28,49786.0,18806.0,30980.0,29140.0,20646.0,,
Kahramanmaraş,kahramanmaras,2012,Akdeniz,Akdeniz,,,,,,191514,,,,,,,,,,,,,,,TR632,2011-2012,76.17,41.9,34.27,53408.0,20646.0,32762.0,31344.0,22064.0,,
Kahramanmaraş,kahramanmaras,2013,Akdeniz,Akdeniz,,,,,,195335,,,,,,,,,,,,,,,TR632,2012-2013,80.15,43.88,36.28,56754.0,22064.0,34690.0,32834.0,23920.0,,
Kahramanmaraş,kahramanmaras,2014,Akdeniz,Akdeniz,,,,,,204125,,,,,,,,,,,,,,,TR632,2013-2014,90.5,46.09,44.41,59037.0,23925.0,35112.0,32324.0,26713.0,,
Kahramanmaraş,kahramanmaras,2015,Akdeniz,Akdeniz,,,,,,216064,,,,,,,,,,,,,,,TR632,2014-2015,95.06,43.07,51.99,64363.0,26713.0,37650.0,38687.0,25676.0,,
Kahramanmaraş,kahramanmaras,2016,Akdeniz,Akdeniz,,,,,,227888,,,,,,,,,,,,,,,TR632,2015-2016,98.71,46.29,52.41,63159.0,25677.0,37482.0,33332.0,29827.0,,
Kahramanmaraş,kahramanmaras,2017,Akdeniz,Akdeniz,,,,,,240989,,,,,,,,,,,,,,,TR632,2016-2017,97.83,46.55,51.28,76437.0,29827.0,46610.0,40099.0,36338.0,,
Kahramanmaraş,kahramanmaras,2018,Akdeniz,Akdeniz,,,,,,236855,,,,,,,,,,,,,,,TR632,2017-2018,113.81,59.45,54.36,86153.0,36338.0,49815.0,44489.0,41664.0,,
Kahramanmaraş,kahramanmaras,2019,Akdeniz,Akdeniz,,,,,,238175,,,,,,,,,,,,,,,TR632,2018-2019,114.26,62.19,52.08,87198.0,41664.0,45534.0,45919.0,41279.0,,
Kahramanmaraş,kahramanmaras,2020,Akdeniz,Akdeniz,,,,,,256940,,,,,,,,,,,,,,,TR632,2019-2020,114.1,67.14,46.96,85947.0,41280.0,44667.0,41739.0,44208.0,,
Kahramanmaraş,kahramanmaras,2021,Akdeniz,Akdeniz,1171298.0,27246.0,35647.0,-8401.0,-7.146755185140602,275590,0.23528598187651648,1052370.0,42437.0,122140.0,215605.0,200031.0,119665.0,13354.0,1722.0,0.040325170804945,0.1900766840559879,0.1137100069367237,0.0143257599513479,0.1280357668880717,TR632,2020-2021,125.58,73.97,51.62,94460.0,44209.0,50251.0,53210.0,41250.0,8064.557439695108,4290.197712281588
Karabük,karabuk,2011,Karadeniz,Batı Karadeniz,,,,,,50436,,,,,,,,,,,,,,,TR812,2010-2011,103.09,53.95,49.14,12980.0,2697.0,10283.0,9060.0,3920.0,,
Karabük,karabuk,2012,Karadeniz,Batı Karadeniz,,,,,,52253,,,,,,,,,,,,,,,TR812,2011-2012,106.63,54.39,52.23,14543.0,3920.0,10623.0,9569.0,4974.0,,
Karabük,karabuk,2013,Karadeniz,Batı Karadeniz,,,,,,55183,,,,,,,,,,,,,,,TR812,2012-2013,110.15,57.61,52.54,15911.0,4974.0,10937.0,11097.0,4814.0,,
Karabük,karabuk,2014,Karadeniz,Batı Karadeniz,,,,,,55720,,,,,,,,,,,,,,,TR812,2013-2014,115.78,63.69,52.09,17193.0,4814.0,12379.0,12727.0,4466.0,,
Karabük,karabuk,2015,Karadeniz,Batı Karadeniz,,,,,,59295,,,,,,,,,,,,,,,TR812,2014-2015,120.06,64.65,55.41,18213.0,4466.0,13747.0,13687.0,4526.0,,
Karabük,karabuk,2016,Karadeniz,Batı Karadeniz,,,,,,61024,,,,,,,,,,,,,,,TR812,2015-2016,120.65,67.43,53.22,17892.0,4526.0,13366.0,11308.0,6584.0,,
Karabük,karabuk,2017,Karadeniz,Batı Karadeniz,,,,,,63729,,,,,,,,,,,,,,,TR812,2016-2017,120.84,67.33,53.51,20625.0,6584.0,14041.0,13766.0,6859.0,,
Karabük,karabuk,2018,Karadeniz,Batı Karadeniz,,,,,,64297,,,,,,,,,,,,,,,TR812,2017-2018,119.21,71.44,47.77,20613.0,6859.0,13754.0,13820.0,6793.0,,
Karabük,karabuk,2019,Karadeniz,Batı Karadeniz,,,,,,63106,,,,,,,,,,,,,,,TR812,2018-2019,119.86,74.96,44.9,19599.0,6793.0,12806.0,12216.0,7383.0,,
Karabük,karabuk,2020,Karadeniz,Batı Karadeniz,,,,,,61683,,,,,,,,,,,,,,,TR812,2019-2020,121.48,79.34,42.14,19195.0,7383.0,11812.0,11952.0,7243.0,,
Karabük,karabuk,2021,Karadeniz,Batı Karadeniz,249287.0,16168.0,11598.0,4570.0,18.50187447874916,62874,0.25221531808718467,224633.0,8251.0,16859.0,33100.0,55041.0,38005.0,3818.0,833.0,0.0367310234916508,0.2450263318390441,0.1691870740274136,0.0207048830759505,0.18989195710336415,TR812,2020-2021,131.27,86.97,44.3,20808.0,7243.0,13565.0,13561.0,7247.0,8347.005660142728,5441.519212794891
Karaman,karaman,2011,İç Anadolu,Batı Anadolu,,,,,,56134,,,,,,,,,,,,,,,TR522,2010-2011,82.03,50.98,31.05,15025.0,3911.0,11114.0,10858.0,4167.0,,
Karaman,karaman,2012,İç Anadolu,Batı Anadolu,,,,,,60301,,,,,,,,,,,,,,,TR522,2011-2012,88.64,54.86,33.78,15862.0,4167.0,11695.0,11267.0,4595.0,,
Karaman,karaman,2013,İç Anadolu,Batı Anadolu,,,,,,61574,,,,,,,,,,,,,,,TR522,2012-2013,91.91,55.87,36.05,17769.0,4595.0,13174.0,12392.0,5377.0,,
Karaman,karaman,2014,İç Anadolu,Batı Anadolu,,,,,,64215,,,,,,,,,,,,,,,TR522,2013-2014,108.21,66.59,41.62,19645.0,5377.0,14268.0,14659.0,4986.0,,
Karaman,karaman,2015,İç Anadolu,Batı Anadolu,,,,,,67318,,,,,,,,,,,,,,,TR522,2014-2015,114.4,63.07,51.32,17858.0,4986.0,12872.0,13063.0,4795.0,,
Karaman,karaman,2016,İç Anadolu,Batı Anadolu,,,,,,67941,,,,,,,,,,,,,,,TR522,2015-2016,118.03,70.52,47.52,17555.0,4795.0,12760.0,10193.0,7362.0,,
Karaman,karaman,2017,İç Anadolu,Batı Anadolu,,,,,,72393,,,,,,,,,,,,,,,TR522,2016-2017,113.93,69.72,44.22,21046.0,7362.0,13684.0,10815.0,10231.0,,
Karaman,karaman,2018,İç Anadolu,Batı Anadolu,,,,,,66703,,,,,,,,,,,,,,,TR522,2017-2018,84.92,44.9,40.02,25055.0,10231.0,14824.0,12764.0,12291.0,,
Karaman,karaman,2019,İç Anadolu,Batı Anadolu,,,,,,65728,,,,,,,,,,,,,,,TR522,2018-2019,85.17,48.17,37.0,26985.0,12291.0,14694.0,16443.0,10542.0,,
Karaman,karaman,2020,İç Anadolu,Batı Anadolu,,,,,,70144,,,,,,,,,,,,,,,TR522,2019-2020,86.06,52.0,34.06,24896.0,10542.0,14354.0,14336.0,10560.0,,
Karaman,karaman,2021,İç Anadolu,Batı Anadolu,258838.0,12420.0,10885.0,1535.0,5.947987081049558,72653,0.28068907965600104,234943.0,4142.0,20408.0,42401.0,46557.0,31143.0,3277.0,587.0,0.017629808081109,0.1981629586750828,0.1325555560284835,0.016446542352826,0.1490020983813095,TR522,2020-2021,101.48,62.01,39.47,25707.0,10560.0,15147.0,16032.0,9675.0,9931.694727976572,5851.922824314823
Kars,kars,2011,Doğu Anadolu,Kuzeydoğu Anadolu,,,,,,37747,,,,,,,,,,,,,,,TRA22,2010-2011,53.8,37.46,16.34,14862.0,3992.0,10870.0,11787.0,3075.0,,
Kars,kars,2012,Doğu Anadolu,Kuzeydoğu Anadolu,,,,,,42967,,,,,,,,,,,,,,,TRA22,2011-2012,60.35,41.51,18.84,13944.0,3075.0,10869.0,10411.0,3533.0,,
Kars,kars,2013,Doğu Anadolu,Kuzeydoğu Anadolu,,,,,,42529,,,,,,,,,,,,,,,TRA22,2012-2013,64.31,43.6,20.71,14288.0,3533.0,10755.0,10055.0,4233.0,,
Kars,kars,2014,Doğu Anadolu,Kuzeydoğu Anadolu,,,,,,43355,,,,,,,,,,,,,,,TRA22,2013-2014,78.06,46.37,31.69,15317.0,4268.0,11049.0,10731.0,4586.0,,
Kars,kars,2015,Doğu Anadolu,Kuzeydoğu Anadolu,,,,,,46761,,,,,,,,,,,,,,,TRA22,2014-2015,83.25,45.16,38.08,14846.0,4586.0,10260.0,10267.0,4579.0,,
Kars,kars,2016,Doğu Anadolu,Kuzeydoğu Anadolu,,,,,,47793,,,,,,,,,,,,,,,TRA22,2015-2016,84.79,47.88,36.91,14318.0,4579.0,9739.0,7745.0,6573.0,,
Kars,kars,2017,Doğu Anadolu,Kuzeydoğu Anadolu,,,,,,51297,,,,,,,,,,,,,,,TRA22,2016-2017,84.36,47.8,36.56,19962.0,6573.0,13389.0,11592.0,8370.0,,
Kars,kars,2018,Doğu Anadolu,Kuzeydoğu Anadolu,,,,,,49896,,,,,,,,,,,,,,,TRA22,2017-2018,105.97,55.03,50.94,22454.0,8370.0,14084.0,14539.0,7915.0,,
Kars,kars,2019,Doğu Anadolu,Kuzeydoğu Anadolu,,,,,,48361,,,,,,,,,,,,,,,TRA22,2018-2019,105.84,55.32,50.52,21271.0,7915.0,13356.0,14712.0,6559.0,,
Kars,kars,2020,Doğu Anadolu,Kuzeydoğu Anadolu,,,,,,50557,,,,,,,,,,,,,,,TRA22,2019-2020,103.79,60.33,43.46,18691.0,6559.0,12132.0,10942.0,7749.0,,
Kars,kars,2021,Doğu Anadolu,Kuzeydoğu Anadolu,281077.0,11259.0,16471.0,-5212.0,-18.37262014290599,52066,0.18523749719827662,251829.0,12623.0,28326.0,54269.0,46745.0,27051.0,3263.0,667.0,0.050125283426452,0.1856219895246377,0.1074181289684667,0.015605827764078,0.12302395673254471,TRA22,2020-2021,121.3,67.68,53.62,21018.0,7749.0,13269.0,14217.0,6801.0,7477.6662622697695,4720.770465032713
Kastamonu,kastamonu,2011,Karadeniz,Batı Karadeniz,,,,,,81170,,,,,,,,,,,,,,,TR821,2010-2011,86.88,39.54,47.35,18439.0,5163.0,13276.0,14059.0,4380.0,,
Kastamonu,kastamonu,2012,Karadeniz,Batı Karadeniz,,,,,,82751,,,,,,,,,,,,,,,TR821,2011-2012,92.96,43.16,49.8,17408.0,4318.0,13090.0,12694.0,4714.0,,
Kastamonu,kastamonu,2013,Karadeniz,Batı Karadeniz,,,,,,81721,,,,,,,,,,,,,,,TR821,2012-2013,96.52,45.22,51.3,18488.0,4710.0,13778.0,12700.0,5788.0,,
Kastamonu,kastamonu,2014,Karadeniz,Batı Karadeniz,,,,,,83457,,,,,,,,,,,,,,,TR821,2013-2014,108.56,54.74,53.82,19984.0,5788.0,14196.0,13934.0,6050.0,,
Kastamonu,kastamonu,2015,Karadeniz,Batı Karadeniz,,,,,,86949,,,,,,,,,,,,,,,TR821,2014-2015,114.65,55.44,59.21,20985.0,6054.0,14931.0,14543.0,6442.0,,
Kastamonu,kastamonu,2016,Karadeniz,Batı Karadeniz,,,,,,86682,,,,,,,,,,,,,,,TR821,2015-2016,118.96,59.87,59.09,22775.0,6438.0,16337.0,12993.0,9782.0,,
Kastamonu,kastamonu,2017,Karadeniz,Batı Karadeniz,,,,,,95641,,,,,,,,,,,,,,,TR821,2016-2017,117.29,57.43,59.86,25340.0,9782.0,15558.0,14277.0,11063.0,,
Kastamonu,kastamonu,2018,Karadeniz,Batı Karadeniz,,,,,,95832,,,,,,,,,,,,,,,TR821,2017-2018,122.27,60.64,61.63,29560.0,11063.0,18497.0,18225.0,11335.0,,
Kastamonu,kastamonu,2019,Karadeniz,Batı Karadeniz,,,,,,93565,,,,,,,,,,,,,,,TR821,2018-2019,122.3,63.69,58.61,28237.0,11335.0,16902.0,17881.0,10356.0,,
Kastamonu,kastamonu,2020,Karadeniz,Batı Karadeniz,,,,,,95541,,,,,,,,,,,,,,,TR821,2019-2020,124.4,68.45,55.96,27044.0,10356.0,16688.0,15614.0,11430.0,,
Kastamonu,kastamonu,2021,Karadeniz,Batı Karadeniz,375592.0,18463.0,17241.0,1222.0,3.258831780810228,99651,0.2653171526550086,349305.0,15374.0,33212.0,53124.0,67828.0,43268.0,4500.0,850.0,0.0440131117504759,0.1941798714590401,0.1238688252386882,0.0153161277393681,0.13918495297805641,TR821,2020-2021,138.39,78.73,59.65,30401.0,11430.0,18971.0,18725.0,11676.0,8094.155360071567,5050.959551854139
Kayseri,kayseri,2011,İç Anadolu,Orta Anadolu,,,,,,278802,,,,,,,,,,,,,,,TR721,2010-2011,90.26,53.1,37.17,78362.0,30417.0,47945.0,44583.0,33779.0,,
Kayseri,kayseri,2012,İç Anadolu,Orta Anadolu,,,,,,290101,,,,,,,,,,,,,,,TR721,2011-2012,94.77,54.97,39.8,85880.0,33779.0,52101.0,47718.0,38162.0,,
Kayseri,kayseri,2013,İç Anadolu,Orta Anadolu,,,,,,304039,,,,,,,,,,,,,,,TR721,2012-2013,96.62,54.97,41.65,92203.0,38164.0,54039.0,54969.0,37234.0,,
Kayseri,kayseri,2014,İç Anadolu,Orta Anadolu,,,,,,316366,,,,,,,,,,,,,,,TR721,2013-2014,106.38,57.98,48.4,94949.0,37234.0,57715.0,55930.0,39019.0,,
Kayseri,kayseri,2015,İç Anadolu,Orta Anadolu,,,,,,326625,,,,,,,,,,,,,,,TR721,2014-2015,111.46,57.39,54.07,101108.0,39020.0,62088.0,61552.0,39556.0,,
Kayseri,kayseri,2016,İç Anadolu,Orta Anadolu,,,,,,333006,,,,,,,,,,,,,,,TR721,2015-2016,115.88,60.99,54.89,106448.0,39556.0,66892.0,58834.0,47614.0,,
Kayseri,kayseri,2017,İç Anadolu,Orta Anadolu,,,,,,346660,,,,,,,,,,,,,,,TR721,2016-2017,112.77,57.69,55.08,121518.0,47614.0,73904.0,64008.0,57510.0,,
Kayseri,kayseri,2018,İç Anadolu,Orta Anadolu,,,,,,343480,,,,,,,,,,,,,,,TR721,2017-2018,103.23,52.23,51.0,135364.0,57510.0,77854.0,69559.0,65805.0,,
Kayseri,kayseri,2019,İç Anadolu,Orta Anadolu,,,,,,343959,,,,,,,,,,,,,,,TR721,2018-2019,102.24,53.39,48.86,141109.0,65805.0,75304.0,70603.0,70506.0,,
Kayseri,kayseri,2020,İç Anadolu,Orta Anadolu,,,,,,372580,,,,,,,,,,,,,,,TR721,2019-2020,105.12,58.54,46.58,139676.0,70506.0,69170.0,59869.0,79807.0,,
Kayseri,kayseri,2021,İç Anadolu,Orta Anadolu,1434357.0,40628.0,39915.0,713.0,0.4972104263561971,393302,0.27420091371952726,1295089.0,26854.0,124055.0,239468.0,290208.0,190944.0,20800.0,3526.0,0.0207352544883015,0.2240834413696665,0.1474369715131546,0.0187832650883452,0.16622023660149998,TR721,2020-2021,118.38,65.64,52.74,166472.0,79807.0,86665.0,79031.0,87441.0,11606.036711920393,6042.08017948112
Kilis,kilis,2011,Güneydoğu Anadolu,Güneydoğu Anadolu,,,,,,19891,,,,,,,,,,,,,,,TRC13,2010-2011,79.66,34.07,45.58,6992.0,2191.0,4801.0,4609.0,2383.0,,
Kilis,kilis,2012,Güneydoğu Anadolu,Güneydoğu Anadolu,,,,,,21753,,,,,,,,,,,,,,,TRC13,2011-2012,86.65,37.97,48.68,9401.0,2383.0,7018.0,5493.0,3908.0,,
Kilis,kilis,2013,Güneydoğu Anadolu,Güneydoğu Anadolu,,,,,,22827,,,,,,,,,,,,,,,TRC13,2012-2013,92.08,43.39,48.69,13198.0,3908.0,9290.0,8642.0,4556.0,,
Kilis,kilis,2014,Güneydoğu Anadolu,Güneydoğu Anadolu,,,,,,23908,,,,,,,,,,,,,,,TRC13,2013-2014,101.71,52.67,49.04,14953.0,4556.0,10397.0,8968.0,5985.0,,
Kilis,kilis,2015,Güneydoğu Anadolu,Güneydoğu Anadolu,,,,,,26768,,,,,,,,,,,,,,,TRC13,2014-2015,101.48,49.35,52.13,16377.0,5985.0,10392.0,9274.0,7103.0,,
Kilis,kilis,2016,Güneydoğu Anadolu,Güneydoğu Anadolu,,,,,,28986,,,,,,,,,,,,,,,TRC13,2015-2016,102.6,47.78,54.82,15025.0,7103.0,7922.0,6681.0,8344.0,,
Kilis,kilis,2017,Güneydoğu Anadolu,Güneydoğu Anadolu,,,,,,30946,,,,,,,,,,,,,,,TRC13,2016-2017,97.13,45.88,51.25,16839.0,8344.0,8495.0,6729.0,10110.0,,
Kilis,kilis,2018,Güneydoğu Anadolu,Güneydoğu Anadolu,,,,,,32416,,,,,,,,,,,,,,,TRC13,2017-2018,113.38,61.35,52.03,18241.0,10110.0,8131.0,7789.0,10452.0,,
Kilis,kilis,2019,Güneydoğu Anadolu,Güneydoğu Anadolu,,,,,,33012,,,,,,,,,,,,,,,TRC13,2018-2019,114.29,64.39,49.9,18411.0,10452.0,7959.0,8516.0,9895.0,,
Kilis,kilis,2020,Güneydoğu Anadolu,Güneydoğu Anadolu,,,,,,34968,,,,,,,,,,,,,,,TRC13,2019-2020,117.32,69.61,47.7,18356.0,9895.0,8461.0,8842.0,9514.0,,
Kilis,kilis,2021,Güneydoğu Anadolu,Güneydoğu Anadolu,145826.0,7474.0,7262.0,212.0,1.4548449080428218,38521,0.2641572833376764,127449.0,3160.0,14477.0,29718.0,25966.0,15375.0,1650.0,243.0,0.0247942314180574,0.203736396519392,0.1206364898900736,0.0148530000235388,0.1354894899136125,TRC13,2020-2021,130.97,78.57,52.4,20560.0,9514.0,11046.0,9915.0,10645.0,14098.994692304528,7574.780903268279
Kocaeli,kocaeli,2011,Marmara,Doğu Marmara,,,,,,469913,,,,,,,,,,,,,,,TR421,2010-2011,101.84,50.15,51.69,123117.0,57380.0,65737.0,58753.0,64364.0,,
Kocaeli,kocaeli,2012,Marmara,Doğu Marmara,,,,,,499638,,,,,,,,,,,,,,,TR421,2011-2012,108.46,52.66,55.8,130638.0,64364.0,66274.0,56787.0,73851.0,,
Kocaeli,kocaeli,2013,Marmara,Doğu Marmara,,,,,,522644,,,,,,,,,,,,,,,TR421,2012-2013,111.96,55.21,56.75,140462.0,73851.0,66611.0,59812.0,80650.0,,
Kocaeli,kocaeli,2014,Marmara,Doğu Marmara,,,,,,559351,,,,,,,,,,,,,,,TR421,2013-2014,119.52,57.69,61.83,149250.0,80650.0,68600.0,62862.0,86388.0,,
Kocaeli,kocaeli,2015,Marmara,Doğu Marmara,,,,,,580412,,,,,,,,,,,,,,,TR421,2014-2015,120.58,57.34,63.24,154391.0,86388.0,68003.0,68752.0,85639.0,,
Kocaeli,kocaeli,2016,Marmara,Doğu Marmara,,,,,,615322,,,,,,,,,,,,,,,TR421,2015-2016,122.69,60.95,61.74,153412.0,85639.0,67773.0,57895.0,95517.0,,
Kocaeli,kocaeli,2017,Marmara,Doğu Marmara,,,,,,648663,,,,,,,,,,,,,,,TR421,2016-2017,120.16,60.23,59.93,175942.0,95516.0,80426.0,69449.0,106493.0,,
Kocaeli,kocaeli,2018,Marmara,Doğu Marmara,,,,,,648641,,,,,,,,,,,,,,,TR421,2017-2018,112.85,58.99,53.86,194426.0,106493.0,87933.0,80441.0,113985.0,,
Kocaeli,kocaeli,2019,Marmara,Doğu Marmara,,,,,,644356,,,,,,,,,,,,,,,TR421,2018-2019,113.43,61.6,51.83,198489.0,113986.0,84503.0,90971.0,107518.0,,
Kocaeli,kocaeli,2020,Marmara,Doğu Marmara,,,,,,718849,,,,,,,,,,,,,,,TR421,2019-2020,116.02,67.38,48.65,184041.0,107517.0,76524.0,76544.0,107497.0,,
Kocaeli,kocaeli,2021,Marmara,Doğu Marmara,2033441.0,83959.0,66332.0,17627.0,8.706292885975321,759829,0.3736666074894723,1835080.0,29279.0,164734.0,333972.0,460405.0,302539.0,31132.0,3956.0,0.0159551627177016,0.2508909693310373,0.1648642021056302,0.0191206922858948,0.18398489439152516,TR421,2020-2021,130.11,76.34,53.77,194126.0,107497.0,86629.0,89200.0,104926.0,9546.674823611798,4260.21704096652
Konya,konya,2011,İç Anadolu,Batı Anadolu,,,,,,419620,,,,,,,,,,,,,,,TR521,2010-2011,77.67,38.89,38.77,120422.0,31986.0,88436.0,78840.0,41582.0,,
Konya,konya,2012,İç Anadolu,Batı Anadolu,,,,,,446286,,,,,,,,,,,,,,,TR521,2011-2012,82.45,40.23,42.22,134654.0,41584.0,93070.0,81741.0,52913.0,,
Konya,konya,2013,İç Anadolu,Batı Anadolu,,,,,,455335,,,,,,,,,,,,,,,TR521,2012-2013,85.77,41.02,44.74,147928.0,52913.0,95015.0,89567.0,58361.0,,
Konya,konya,2014,İç Anadolu,Batı Anadolu,,,,,,475984,,,,,,,,,,,,,,,TR521,2013-2014,97.84,45.27,52.57,155570.0,58361.0,97209.0,88112.0,67458.0,,
Konya,konya,2015,İç Anadolu,Batı Anadolu,,,,,,499531,,,,,,,,,,,,,,,TR521,2014-2015,103.1,47.2,55.91,170446.0,67458.0,102988.0,96113.0,74333.0,,
Konya,konya,2016,İç Anadolu,Batı Anadolu,,,,,,515192,,,,,,,,,,,,,,,TR521,2015-2016,109.41,52.86,56.55,174956.0,74334.0,100622.0,85379.0,89577.0,,
Konya,konya,2017,İç Anadolu,Batı Anadolu,,,,,,545340,,,,,,,,,,,,,,,TR521,2016-2017,106.75,51.8,54.95,200174.0,89577.0,110597.0,99492.0,100682.0,,
Konya,konya,2018,İç Anadolu,Batı Anadolu,,,,,,531578,,,,,,,,,,,,,,,TR521,2017-2018,100.6,54.05,46.55,214114.0,100682.0,113432.0,103046.0,111068.0,,
Konya,konya,2019,İç Anadolu,Batı Anadolu,,,,,,531792,,,,,,,,,,,,,,,TR521,2018-2019,101.18,58.18,43.0,219862.0,111068.0,108794.0,107723.0,112139.0,,
Konya,konya,2020,İç Anadolu,Batı Anadolu,,,,,,561763,,,,,,,,,,,,,,,TR521,2019-2020,103.21,64.91,38.3,215126.0,112139.0,102987.0,100454.0,114672.0,,
Konya,konya,2021,İç Anadolu,Batı Anadolu,2277017.0,64254.0,58865.0,5389.0,2.369496850160872,593774,0.2607683649265684,2049104.0,36513.0,200432.0,379010.0,391638.0,269370.0,34349.0,6226.0,0.0178190077223996,0.1911264630784967,0.1314574565273407,0.0198013375602214,0.15125879408756218,TR521,2020-2021,116.15,75.3,40.85,233131.0,114670.0,118461.0,116530.0,116601.0,10238.439150871513,5202.464452395393
Kütahya,kutahya,2011,Ege,Ege,,,,,,124925,,,,,,,,,,,,,,,TR333,2010-2011,92.2,41.33,50.87,28349.0,7481.0,20868.0,20063.0,8286.0,,
Kütahya,kutahya,2012,Ege,Ege,,,,,,127391,,,,,,,,,,,,,,,TR333,2011-2012,99.47,44.07,55.4,28931.0,8287.0,20644.0,20361.0,8570.0,,
Kütahya,kutahya,2013,Ege,Ege,,,,,,126577,,,,,,,,,,,,,,,TR333,2012-2013,105.77,45.84,59.93,29486.0,8570.0,20916.0,20104.0,9382.0,,
Kütahya,kutahya,2014,Ege,Ege,,,,,,126963,,,,,,,,,,,,,,,TR333,2013-2014,116.83,55.62,61.22,31177.0,9382.0,21795.0,21289.0,9888.0,,
Kütahya,kutahya,2015,Ege,Ege,,,,,,129748,,,,,,,,,,,,,,,TR333,2014-2015,120.41,57.45,62.96,32467.0,9888.0,22579.0,22704.0,9763.0,,
Kütahya,kutahya,2016,Ege,Ege,,,,,,136148,,,,,,,,,,,,,,,TR333,2015-2016,120.86,63.27,57.59,33258.0,9763.0,23495.0,18818.0,14440.0,,
Kütahya,kutahya,2017,Ege,Ege,,,,,,141921,,,,,,,,,,,,,,,TR333,2016-2017,118.16,62.89,55.27,39476.0,14440.0,25036.0,19314.0,20162.0,,
Kütahya,kutahya,2018,Ege,Ege,,,,,,137214,,,,,,,,,,,,,,,TR333,2017-2018,101.93,50.78,51.15,45825.0,20162.0,25663.0,25748.0,20077.0,,
Kütahya,kutahya,2019,Ege,Ege,,,,,,135073,,,,,,,,,,,,,,,TR333,2018-2019,102.74,54.51,48.24,45623.0,20077.0,25546.0,27714.0,17909.0,,
Kütahya,kutahya,2020,Ege,Ege,,,,,,143236,,,,,,,,,,,,,,,TR333,2019-2020,105.05,62.18,42.86,42047.0,17909.0,24138.0,24268.0,17779.0,,
Kütahya,kutahya,2021,Ege,Ege,578640.0,21913.0,21052.0,861.0,1.4890796501959929,151495,0.26181218028480574,532248.0,8675.0,48091.0,81462.0,116817.0,73428.0,7945.0,1319.0,0.0162987930438442,0.2194785137755332,0.1379582450286332,0.0174054200297605,0.15536366505839383,TR333,2020-2021,117.14,71.88,45.26,43732.0,17779.0,25953.0,24659.0,19073.0,7557.721553988663,4485.172127747823
Kırklareli,kirklareli,2011,Marmara,Batı Marmara,,,,,,83251,,,,,,,,,,,,,,,TR213,2010-2011,97.86,48.5,49.36,21058.0,6830.0,14228.0,14500.0,6558.0,,
Kırklareli,kirklareli,2012,Marmara,Batı Marmara,,,,,,85354,,,,,,,,,,,,,,,TR213,2011-2012,99.95,47.1,52.84,21997.0,6558.0,15439.0,14453.0,7544.0,,
Kırklareli,kirklareli,2013,Marmara,Batı Marmara,,,,,,88405,,,,,,,,,,,,,,,TR213,2012-2013,100.64,47.22,53.42,23594.0,7544.0,16050.0,15981.0,7613.0,,
Kırklareli,kirklareli,2014,Marmara,Batı Marmara,,,,,,92259,,,,,,,,,,,,,,,TR213,2013-2014,106.32,52.94,53.37,23833.0,7613.0,16220.0,16253.0,7580.0,,
Kırklareli,kirklareli,2015,Marmara,Batı Marmara,,,,,,97601,,,,,,,,,,,,,,,TR213,2014-2015,107.73,55.03,52.69,23504.0,7580.0,15924.0,16278.0,7226.0,,
Kırklareli,kirklareli,2016,Marmara,Batı Marmara,,,,,,98601,,,,,,,,,,,,,,,TR213,2015-2016,110.97,61.81,49.16,23303.0,7226.0,16077.0,12432.0,10871.0,,
Kırklareli,kirklareli,2017,Marmara,Batı Marmara,,,,,,102849,,,,,,,,,,,,,,,TR213,2016-2017,107.96,64.43,43.53,29393.0,10871.0,18522.0,16079.0,13314.0,,
Kırklareli,kirklareli,2018,Marmara,Batı Marmara,,,,,,101349,,,,,,,,,,,,,,,TR213,2017-2018,118.96,65.18,53.78,32142.0,13314.0,18828.0,19124.0,13018.0,,
Kırklareli,kirklareli,2019,Marmara,Batı Marmara,,,,,,104407,,,,,,,,,,,,,,,TR213,2018-2019,119.17,69.24,49.93,31793.0,13018.0,18775.0,20013.0,11780.0,,
Kırklareli,kirklareli,2020,Marmara,Batı Marmara,,,,,,109761,,,,,,,,,,,,,,,TR213,2019-2020,120.95,75.18,45.77,28844.0,11780.0,17064.0,16112.0,12732.0,,
Kırklareli,kirklareli,2021,Marmara,Batı Marmara,366363.0,17846.0,13855.0,3991.0,10.95322716762609,114024,0.31123230238861455,341754.0,4902.0,22195.0,52061.0,86047.0,52771.0,4828.0,734.0,0.0143436506961147,0.2517805204913476,0.1544122380425686,0.0162748643761302,0.17068710241869883,TR213,2020-2021,133.37,85.99,47.38,31716.0,12732.0,18984.0,18939.0,12777.0,8656.987741666053,5181.745973256033
Kırıkkale,kirikkale,2011,İç Anadolu,Orta Anadolu,,,,,,54474,,,,,,,,,,,,,,,TR711,2010-2011,98.01,49.07,48.95,18833.0,5679.0,13154.0,12879.0,5954.0,,
Kırıkkale,kirikkale,2012,İç Anadolu,Orta Anadolu,,,,,,55726,,,,,,,,,,,,,,,TR711,2011-2012,104.48,50.47,54.0,18112.0,5954.0,12158.0,11531.0,6581.0,,
Kırıkkale,kirikkale,2013,İç Anadolu,Orta Anadolu,,,,,,57088,,,,,,,,,,,,,,,TR711,2012-2013,106.32,51.22,55.1,19292.0,6581.0,12711.0,12866.0,6426.0,,
Kırıkkale,kirikkale,2014,İç Anadolu,Orta Anadolu,,,,,,61091,,,,,,,,,,,,,,,TR711,2013-2014,109.79,50.6,59.19,19321.0,6426.0,12895.0,12542.0,6779.0,,
Kırıkkale,kirikkale,2015,İç Anadolu,Orta Anadolu,,,,,,66123,,,,,,,,,,,,,,,TR711,2014-2015,112.68,51.12,61.56,20279.0,6779.0,13500.0,13252.0,7027.0,,
Kırıkkale,kirikkale,2016,İç Anadolu,Orta Anadolu,,,,,,69111,,,,,,,,,,,,,,,TR711,2015-2016,116.6,52.66,63.94,20801.0,7027.0,13774.0,12540.0,8261.0,,
Kırıkkale,kirikkale,2017,İç Anadolu,Orta Anadolu,,,,,,69646,,,,,,,,,,,,,,,TR711,2016-2017,115.71,52.67,63.04,24297.0,8261.0,16036.0,14629.0,9668.0,,
Kırıkkale,kirikkale,2018,İç Anadolu,Orta Anadolu,,,,,,65468,,,,,,,,,,,,,,,TR711,2017-2018,118.96,65.18,53.78,25637.0,9668.0,15969.0,15984.0,9653.0,,
Kırıkkale,kirikkale,2019,İç Anadolu,Orta Anadolu,,,,,,63335,,,,,,,,,,,,,,,TR711,2018-2019,119.17,69.24,49.93,24549.0,9654.0,14895.0,14286.0,10263.0,,
Kırıkkale,kirikkale,2020,İç Anadolu,Orta Anadolu,,,,,,68865,,,,,,,,,,,,,,,TR711,2019-2020,120.95,75.18,45.77,23803.0,10263.0,13540.0,12532.0,11271.0,,
Kırıkkale,kirikkale,2021,İç Anadolu,Orta Anadolu,275968.0,13449.0,16187.0,-2738.0,-9.87246562845924,70488,0.2554209183673469,250460.0,6817.0,19691.0,44297.0,70496.0,35799.0,3929.0,524.0,0.0272179190289866,0.2814661023716361,0.1429330032739758,0.017779286113551,0.16071228938752696,TR711,2020-2021,133.37,85.99,47.38,26882.0,11272.0,15610.0,14261.0,12621.0,9740.984461966606,5656.452922077922
Kırşehir,kirsehir,2011,İç Anadolu,Orta Anadolu,,,,,,46119,,,,,,,,,,,,,,,TR715,2010-2011,90.5,52.16,38.34,11757.0,3749.0,8008.0,7426.0,4331.0,,
Kırşehir,kirsehir,2012,İç Anadolu,Orta Anadolu,,,,,,46346,,,,,,,,,,,,,,,TR715,2011-2012,94.55,52.29,42.26,12445.0,4188.0,8257.0,8470.0,3975.0,,
Kırşehir,kirsehir,2013,İç Anadolu,Orta Anadolu,,,,,,46573,,,,,,,,,,,,,,,TR715,2012-2013,100.45,54.42,46.03,12818.0,3975.0,8843.0,8651.0,4167.0,,
Kırşehir,kirsehir,2014,İç Anadolu,Orta Anadolu,,,,,,47760,,,,,,,,,,,,,,,TR715,2013-2014,105.74,57.3,48.44,13327.0,4167.0,9160.0,9229.0,4098.0,,
Kırşehir,kirsehir,2015,İç Anadolu,Orta Anadolu,,,,,,50692,,,,,,,,,,,,,,,TR715,2014-2015,107.79,57.25,50.54,13514.0,4098.0,9416.0,9663.0,3851.0,,
Kırşehir,kirsehir,2016,İç Anadolu,Orta Anadolu,,,,,,51585,,,,,,,,,,,,,,,TR715,2015-2016,112.52,59.86,52.66,14200.0,3851.0,10349.0,8537.0,5663.0,,
Kırşehir,kirsehir,2017,İç Anadolu,Orta Anadolu,,,,,,55195,,,,,,,,,,,,,,,TR715,2016-2017,110.2,58.12,52.08,16940.0,5663.0,11277.0,11118.0,5822.0,,
Kırşehir,kirsehir,2018,İç Anadolu,Orta Anadolu,,,,,,53005,,,,,,,,,,,,,,,TR715,2017-2018,109.19,51.44,57.75,17166.0,5822.0,11344.0,11561.0,5605.0,,
Kırşehir,kirsehir,2019,İç Anadolu,Orta Anadolu,,,,,,49621,,,,,,,,,,,,,,,TR715,2018-2019,108.12,53.49,54.63,17150.0,5605.0,11545.0,12347.0,4803.0,,
Kırşehir,kirsehir,2020,İç Anadolu,Orta Anadolu,,,,,,51727,,,,,,,,,,,,,,,TR715,2019-2020,109.86,57.68,52.18,15388.0,4804.0,10584.0,9153.0,6235.0,,
Kırşehir,kirsehir,2021,İç Anadolu,Orta Anadolu,242944.0,11676.0,13193.0,-1517.0,-6.224802782080611,55202,0.2272210879873551,213694.0,5915.0,18886.0,34613.0,50714.0,31859.0,3226.0,704.0,0.0276797663949385,0.2373206547680328,0.1490870122698812,0.0183907830823514,0.16747779535223264,TR715,2020-2021,122.1,64.06,58.04,17823.0,6234.0,11589.0,10981.0,6842.0,7336.2585616438355,4770.235115911486
Malatya,malatya,2011,Doğu Anadolu,Ortadoğu Anadolu,,,,,,151974,,,,,,,,,,,,,,,TRB11,2010-2011,100.09,64.88,35.21,43786.0,13912.0,29874.0,28166.0,15620.0,,
Malatya,malatya,2012,Doğu Anadolu,Ortadoğu Anadolu,,,,,,157724,,,,,,,,,,,,,,,TRB11,2011-2012,106.03,68.37,37.65,46477.0,15620.0,30857.0,28174.0,18303.0,,
Malatya,malatya,2013,Doğu Anadolu,Ortadoğu Anadolu,,,,,,158524,,,,,,,,,,,,,,,TRB11,2012-2013,109.49,70.47,39.03,47420.0,18303.0,29117.0,30406.0,17014.0,,
Malatya,malatya,2014,Doğu Anadolu,Ortadoğu Anadolu,,,,,,165250,,,,,,,,,,,,,,,TRB11,2013-2014,117.83,70.25,47.59,48497.0,18634.0,29863.0,30509.0,17988.0,,
Malatya,malatya,2015,Doğu Anadolu,Ortadoğu Anadolu,,,,,,168676,,,,,,,,,,,,,,,TRB11,2014-2015,119.73,64.53,55.2,51306.0,17988.0,33318.0,30419.0,20887.0,,
Malatya,malatya,2016,Doğu Anadolu,Ortadoğu Anadolu,,,,,,179832,,,,,,,,,,,,,,,TRB11,2015-2016,120.96,63.07,57.89,53225.0,20887.0,32338.0,30668.0,22557.0,,
Malatya,malatya,2017,Doğu Anadolu,Ortadoğu Anadolu,,,,,,192755,,,,,,,,,,,,,,,TRB11,2016-2017,119.37,61.18,58.2,59105.0,22557.0,36548.0,32998.0,26107.0,,
Malatya,malatya,2018,Doğu Anadolu,Ortadoğu Anadolu,,,,,,191037,,,,,,,,,,,,,,,TRB11,2017-2018,113.72,59.86,53.86,63535.0,26107.0,37428.0,36062.0,27473.0,,
Malatya,malatya,2019,Doğu Anadolu,Ortadoğu Anadolu,,,,,,184601,,,,,,,,,,,,,,,TRB11,2018-2019,112.58,62.46,50.12,64035.0,27473.0,36562.0,35934.0,28101.0,,
Malatya,malatya,2020,Doğu Anadolu,Ortadoğu Anadolu,,,,,,195761,,,,,,,,,,,,,,,TRB11,2019-2020,115.85,68.3,47.56,64356.0,28101.0,36255.0,38795.0,25561.0,,
Malatya,malatya,2021,Doğu Anadolu,Ortadoğu Anadolu,808692.0,28521.0,31737.0,-3216.0,-3.9689004072565712,205023,0.25352420946417176,739252.0,33951.0,70950.0,132189.0,170098.0,112966.0,12457.0,2074.0,0.0459261523810554,0.2300947444173299,0.1528112199899357,0.0196563553429682,0.17246757533290408,TRB11,2020-2021,126.69,77.0,49.68,66264.0,25561.0,40703.0,38990.0,27274.0,8193.972488908015,5033.189397199428
Manisa,manisa,2011,Ege,Ege,,,,,,311185,,,,,,,,,,,,,,,TR331,2010-2011,82.12,38.11,44.01,101563.0,43435.0,58128.0,55392.0,46171.0,,
Manisa,manisa,2012,Ege,Ege,,,,,,328577,,,,,,,,,,,,,,,TR331,2011-2012,87.44,40.0,47.44,108296.0,46171.0,62125.0,56167.0,52129.0,,
Manisa,manisa,2013,Ege,Ege,,,,,,334620,,,,,,,,,,,,,,,TR331,2012-2013,89.05,41.11,47.94,114331.0,52129.0,62202.0,60405.0,53926.0,,
Manisa,manisa,2014,Ege,Ege,,,,,,344076,,,,,,,,,,,,,,,TR331,2013-2014,99.65,49.37,50.29,115524.0,53931.0,61593.0,60969.0,54555.0,,
Manisa,manisa,2015,Ege,Ege,,,,,,357945,,,,,,,,,,,,,,,TR331,2014-2015,103.47,51.2,52.27,115989.0,54554.0,61435.0,61391.0,54598.0,,
Manisa,manisa,2016,Ege,Ege,,,,,,381731,,,,,,,,,,,,,,,TR331,2015-2016,106.78,54.01,52.78,117655.0,54598.0,63057.0,56003.0,61652.0,,
Manisa,manisa,2017,Ege,Ege,,,,,,406514,,,,,,,,,,,,,,,TR331,2016-2017,105.2,52.49,52.7,133442.0,61652.0,71790.0,63822.0,69620.0,,
Manisa,manisa,2018,Ege,Ege,,,,,,397762,,,,,,,,,,,,,,,TR331,2017-2018,119.57,70.89,48.68,145556.0,69620.0,75936.0,73597.0,71959.0,,
Manisa,manisa,2019,Ege,Ege,,,,,,387185,,,,,,,,,,,,,,,TR331,2018-2019,118.72,73.27,45.45,142702.0,71958.0,70744.0,76811.0,65891.0,,
Manisa,manisa,2020,Ege,Ege,,,,,,412953,,,,,,,,,,,,,,,TR331,2019-2020,119.39,77.47,41.92,130668.0,65891.0,64777.0,61151.0,69517.0,,
Manisa,manisa,2021,Ege,Ege,1456626.0,43325.0,40605.0,2720.0,1.86907410741404,433850,0.2978458437512443,1338526.0,24316.0,128054.0,230597.0,258415.0,170174.0,15329.0,1849.0,0.0181662515334031,0.1930593802436411,0.1271353712964858,0.0128335198569172,0.13996889115340308,TR331,2020-2021,130.25,86.14,44.1,145620.0,69517.0,76103.0,75321.0,70299.0,9997.075433227199,5224.608101187264
Mardin,mardin,2011,Güneydoğu Anadolu,Güneydoğu Anadolu,,,,,,83346,,,,,,,,,,,,,,,TRC31,2010-2011,59.72,45.21,14.5,30844.0,10055.0,20789.0,20347.0,10497.0,,
Mardin,mardin,2012,Güneydoğu Anadolu,Güneydoğu Anadolu,,,,,,94965,,,,,,,,,,,,,,,TRC31,2011-2012,67.47,49.31,18.17,31790.0,10497.0,21293.0,22436.0,9354.0,,
Mardin,mardin,2013,Güneydoğu Anadolu,Güneydoğu Anadolu,,,,,,95482,,,,,,,,,,,,,,,TRC31,2012-2013,73.52,51.99,21.54,30734.0,9354.0,21380.0,19654.0,11080.0,,
Mardin,mardin,2014,Güneydoğu Anadolu,Güneydoğu Anadolu,,,,,,102702,,,,,,,,,,,,,,,TRC31,2013-2014,87.33,55.84,31.49,34183.0,11080.0,23103.0,19526.0,14657.0,,
Mardin,mardin,2015,Güneydoğu Anadolu,Güneydoğu Anadolu,,,,,,111328,,,,,,,,,,,,,,,TRC31,2014-2015,91.55,51.96,39.59,38477.0,14657.0,23820.0,21586.0,16891.0,,
Mardin,mardin,2016,Güneydoğu Anadolu,Güneydoğu Anadolu,,,,,,114801,,,,,,,,,,,,,,,TRC31,2015-2016,94.42,55.5,38.92,43140.0,16891.0,26249.0,21337.0,21803.0,,
Mardin,mardin,2017,Güneydoğu Anadolu,Güneydoğu Anadolu,,,,,,139302,,,,,,,,,,,,,,,TRC31,2016-2017,87.3,49.99,37.3,55241.0,21803.0,33438.0,30482.0,24759.0,,
Mardin,mardin,2018,Güneydoğu Anadolu,Güneydoğu Anadolu,,,,,,137126,,,,,,,,,,,,,,,TRC31,2017-2018,119.89,59.24,60.64,64708.0,24759.0,39949.0,38189.0,26519.0,,
Mardin,mardin,2019,Güneydoğu Anadolu,Güneydoğu Anadolu,,,,,,140755,,,,,,,,,,,,,,,TRC31,2018-2019,118.98,61.16,57.82,60854.0,26519.0,34335.0,36289.0,24565.0,,
Mardin,mardin,2020,Güneydoğu Anadolu,Güneydoğu Anadolu,,,,,,161764,,,,,,,,,,,,,,,TRC31,2019-2020,121.6,68.66,52.94,55788.0,24563.0,31225.0,28023.0,27765.0,,
Mardin,mardin,2021,Güneydoğu Anadolu,Güneydoğu Anadolu,862757.0,28641.0,35957.0,-7316.0,-8.443990466462376,172141,0.19952431565319087,744317.0,49170.0,113149.0,170116.0,133711.0,70850.0,7950.0,503.0,0.0660605629053212,0.1796425447759489,0.095187937397641,0.0113567203221208,0.10654465771976188,TRC31,2020-2021,135.41,75.4,60.01,63275.0,27764.0,35511.0,35478.0,27797.0,7334.046550766902,4115.990945306732
Mersin,mersin,2011,Akdeniz,Akdeniz,,,,,,337603,,,,,,,,,,,,,,,TR622,2010-2011,85.14,52.81,32.33,150456.0,66028.0,84428.0,74759.0,75697.0,,
Mersin,mersin,2012,Akdeniz,Akdeniz,,,,,,353488,,,,,,,,,,,,,,,TR622,2011-2012,88.69,53.65,35.04,163318.0,75697.0,87621.0,77893.0,85425.0,,
Mersin,mersin,2013,Akdeniz,Akdeniz,,,,,,351286,,,,,,,,,,,,,,,TR622,2012-2013,91.13,52.54,38.59,180898.0,85425.0,95473.0,89130.0,91768.0,,
Mersin,mersin,2014,Akdeniz,Akdeniz,,,,,,368427,,,,,,,,,,,,,,,TR622,2013-2014,99.86,54.28,45.58,181235.0,91768.0,89467.0,84575.0,96660.0,,
Mersin,mersin,2015,Akdeniz,Akdeniz,,,,,,391237,,,,,,,,,,,,,,,TR622,2014-2015,103.77,53.87,49.89,191698.0,96660.0,95038.0,87490.0,104208.0,,
Mersin,mersin,2016,Akdeniz,Akdeniz,,,,,,422356,,,,,,,,,,,,,,,TR622,2015-2016,107.48,56.91,50.58,202522.0,104208.0,98314.0,78709.0,123813.0,,
Mersin,mersin,2017,Akdeniz,Akdeniz,,,,,,447315,,,,,,,,,,,,,,,TR622,2016-2017,106.17,56.81,49.37,233871.0,123814.0,110057.0,96997.0,136874.0,,
Mersin,mersin,2018,Akdeniz,Akdeniz,,,,,,429730,,,,,,,,,,,,,,,TR622,2017-2018,104.98,63.35,41.63,246467.0,136875.0,109592.0,102996.0,143471.0,,
Mersin,mersin,2019,Akdeniz,Akdeniz,,,,,,430481,,,,,,,,,,,,,,,TR622,2018-2019,106.7,65.52,41.18,252490.0,143471.0,109019.0,111484.0,141006.0,,
Mersin,mersin,2020,Akdeniz,Akdeniz,,,,,,463732,,,,,,,,,,,,,,,TR622,2019-2020,107.04,69.05,37.99,244320.0,141008.0,103312.0,91471.0,152849.0,,
Mersin,mersin,2021,Akdeniz,Akdeniz,1891145.0,57213.0,57930.0,-717.0,-0.3790635333215085,505602,0.2673523183045192,1696538.0,30298.0,184910.0,309431.0,362876.0,251284.0,23717.0,3187.0,0.0178587217026674,0.2138920554682535,0.1481157510176606,0.0158581770641152,0.16397392808177594,TR622,2020-2021,114.98,73.35,41.63,278329.0,152848.0,125481.0,116787.0,161542.0,14717.485967495883,6635.186619746239
Muğla,mugla,2011,Ege,Ege,,,,,,226714,,,,,,,,,,,,,,,TR323,2010-2011,89.87,52.25,37.62,80241.0,29464.0,50777.0,47932.0,32309.0,,
Muğla,mugla,2012,Ege,Ege,,,,,,234890,,,,,,,,,,,,,,,TR323,2011-2012,94.61,53.74,40.87,86313.0,32309.0,54004.0,48432.0,37881.0,,
Muğla,mugla,2013,Ege,Ege,,,,,,241338,,,,,,,,,,,,,,,TR323,2012-2013,96.24,55.05,41.19,97030.0,37881.0,59149.0,54916.0,42114.0,,
Muğla,mugla,2014,Ege,Ege,,,,,,251432,,,,,,,,,,,,,,,TR323,2013-2014,109.13,64.94,44.19,101001.0,42116.0,58885.0,54764.0,46237.0,,
Muğla,mugla,2015,Ege,Ege,,,,,,264534,,,,,,,,,,,,,,,TR323,2014-2015,111.13,66.1,45.03,104377.0,46237.0,58140.0,57924.0,46453.0,,
Muğla,mugla,2016,Ege,Ege,,,,,,274424,,,,,,,,,,,,,,,TR323,2015-2016,114.44,70.95,43.5,109486.0,46453.0,63033.0,60653.0,48833.0,,
Muğla,mugla,2017,Ege,Ege,,,,,,292856,,,,,,,,,,,,,,,TR323,2016-2017,112.78,70.95,41.83,118271.0,48833.0,69438.0,61632.0,56639.0,,
Muğla,mugla,2018,Ege,Ege,,,,,,291129,,,,,,,,,,,,,,,TR323,2017-2018,110.72,53.08,57.63,128080.0,56640.0,71440.0,65595.0,62485.0,,
Muğla,mugla,2019,Ege,Ege,,,,,,291319,,,,,,,,,,,,,,,TR323,2018-2019,110.26,56.76,53.5,138881.0,62485.0,76396.0,78636.0,60245.0,,
Muğla,mugla,2020,Ege,Ege,,,,,,309780,,,,,,,,,,,,,,,TR323,2019-2020,111.42,63.2,48.21,128231.0,60246.0,67985.0,64451.0,63780.0,,
Muğla,mugla,2021,Ege,Ege,1021141.0,49545.0,35133.0,14412.0,14.2139289007678,335866,0.3289124616482934,932920.0,11398.0,68749.0,142796.0,216486.0,172364.0,17104.0,3061.0,0.0122175534879732,0.2320520516228615,0.1847575354799983,0.0216149294687647,0.20637246494876302,TR323,2020-2021,123.17,71.13,52.04,146909.0,63779.0,83130.0,78778.0,68131.0,14386.749724083158,8140.893373197237
Muş,mus,2011,Doğu Anadolu,Ortadoğu Anadolu,,,,,,37129,,,,,,,,,,,,,,,TRB22,2010-2011,41.22,17.92,23.3,12288.0,3158.0,9130.0,8707.0,3581.0,,
Muş,mus,2012,Doğu Anadolu,Ortadoğu Anadolu,,,,,,40498,,,,,,,,,,,,,,,TRB22,2011-2012,46.33,19.33,27.0,12052.0,3581.0,8471.0,7719.0,4333.0,,
Muş,mus,2013,Doğu Anadolu,Ortadoğu Anadolu,,,,,,41379,,,,,,,,,,,,,,,TRB22,2012-2013,53.29,20.93,32.35,14176.0,4333.0,9843.0,9134.0,5042.0,,
Muş,mus,2014,Doğu Anadolu,Ortadoğu Anadolu,,,,,,41467,,,,,,,,,,,,,,,TRB22,2013-2014,62.94,27.77,35.18,14954.0,5042.0,9912.0,8344.0,6610.0,,
Muş,mus,2015,Doğu Anadolu,Ortadoğu Anadolu,,,,,,46307,,,,,,,,,,,,,,,TRB22,2014-2015,71.23,31.75,39.49,16623.0,6610.0,10013.0,9308.0,7315.0,,
Muş,mus,2016,Doğu Anadolu,Ortadoğu Anadolu,,,,,,45996,,,,,,,,,,,,,,,TRB22,2015-2016,68.89,31.42,37.47,17434.0,7315.0,10119.0,6906.0,10528.0,,
Muş,mus,2017,Doğu Anadolu,Ortadoğu Anadolu,,,,,,52750,,,,,,,,,,,,,,,TRB22,2016-2017,66.86,29.72,37.14,22727.0,10528.0,12199.0,10771.0,11956.0,,
Muş,mus,2018,Doğu Anadolu,Ortadoğu Anadolu,,,,,,54159,,,,,,,,,,,,,,,TRB22,2017-2018,123.1,68.05,55.04,24138.0,11957.0,12181.0,11393.0,12745.0,,
Muş,mus,2019,Doğu Anadolu,Ortadoğu Anadolu,,,,,,55545,,,,,,,,,,,,,,,TRB22,2018-2019,122.75,68.76,53.99,27681.0,12745.0,14936.0,14516.0,13165.0,,
Muş,mus,2020,Doğu Anadolu,Ortadoğu Anadolu,,,,,,61005,,,,,,,,,,,,,,,TRB22,2019-2020,124.04,76.29,47.75,25840.0,13165.0,12675.0,13282.0,12558.0,,
Muş,mus,2021,Doğu Anadolu,Ortadoğu Anadolu,405228.0,12190.0,24243.0,-12053.0,-29.307885992736857,62089,0.15321991570177776,351351.0,19866.0,55915.0,85438.0,59528.0,28842.0,3378.0,440.0,0.0565417488494411,0.1694260155798617,0.0820888513196205,0.0108666262512416,0.09295547757086219,TRB22,2020-2021,134.84,83.98,50.86,25919.0,12558.0,13361.0,14468.0,11451.0,6396.152289575252,3297.156168872832
Nevşehir,nevsehir,2011,İç Anadolu,Orta Anadolu,,,,,,67815,,,,,,,,,,,,,,,TR714,2010-2011,78.8,40.08,38.72,18077.0,5126.0,12951.0,12127.0,5950.0,,
Nevşehir,nevsehir,2012,İç Anadolu,Orta Anadolu,,,,,,68847,,,,,,,,,,,,,,,TR714,2011-2012,81.1,40.68,40.42,20661.0,5950.0,14711.0,14323.0,6338.0,,
Nevşehir,nevsehir,2013,İç Anadolu,Orta Anadolu,,,,,,69001,,,,,,,,,,,,,,,TR714,2012-2013,81.87,42.05,39.82,20245.0,6338.0,13907.0,13383.0,6862.0,,
Nevşehir,nevsehir,2014,İç Anadolu,Orta Anadolu,,,,,,71217,,,,,,,,,,,,,,,TR714,2013-2014,93.32,49.31,44.01,21017.0,6863.0,14154.0,13918.0,7099.0,,
Nevşehir,nevsehir,2015,İç Anadolu,Orta Anadolu,,,,,,74084,,,,,,,,,,,,,,,TR714,2014-2015,99.04,53.43,45.61,21392.0,7099.0,14293.0,14090.0,7302.0,,
Nevşehir,nevsehir,2016,İç Anadolu,Orta Anadolu,,,,,,71363,,,,,,,,,,,,,,,TR714,2015-2016,105.62,58.55,47.08,23073.0,7302.0,15771.0,13322.0,9751.0,,
Nevşehir,nevsehir,2017,İç Anadolu,Orta Anadolu,,,,,,76577,,,,,,,,,,,,,,,TR714,2016-2017,103.31,58.02,45.28,27417.0,9751.0,17666.0,15777.0,11640.0,,
Nevşehir,nevsehir,2018,İç Anadolu,Orta Anadolu,,,,,,77846,,,,,,,,,,,,,,,TR714,2017-2018,114.79,71.25,43.54,30772.0,11641.0,19131.0,17186.0,13586.0,,
Nevşehir,nevsehir,2019,İç Anadolu,Orta Anadolu,,,,,,78925,,,,,,,,,,,,,,,TR714,2018-2019,115.24,74.17,41.07,32243.0,13586.0,18657.0,20882.0,11361.0,,
Nevşehir,nevsehir,2020,İç Anadolu,Orta Anadolu,,,,,,78898,,,,,,,,,,,,,,,TR714,2019-2020,115.58,78.0,37.58,28802.0,11361.0,17441.0,17428.0,11374.0,,
Nevşehir,nevsehir,2021,İç Anadolu,Orta Anadolu,308003.0,13646.0,12396.0,1250.0,4.066654087150024,84924,0.2757245870981776,276490.0,6349.0,23528.0,49433.0,59748.0,37185.0,3695.0,757.0,0.0229628557994864,0.2160946146334406,0.1344894932908966,0.0161018481681073,0.15059134145900394,TR714,2020-2021,126.49,83.86,42.63,29757.0,11373.0,18384.0,18277.0,11480.0,9661.269533088964,5968.773031431511
Niğde,nigde,2011,İç Anadolu,Orta Anadolu,,,,,,66087,,,,,,,,,,,,,,,TR713,2010-2011,69.27,34.04,35.24,18660.0,4857.0,13803.0,12608.0,6052.0,,
Niğde,nigde,2012,İç Anadolu,Orta Anadolu,,,,,,69571,,,,,,,,,,,,,,,TR713,2011-2012,72.24,35.38,36.87,20523.0,6051.0,14472.0,14553.0,5970.0,,
Niğde,nigde,2013,İç Anadolu,Orta Anadolu,,,,,,69430,,,,,,,,,,,,,,,TR713,2012-2013,77.41,38.43,38.98,20428.0,5970.0,14458.0,14558.0,5870.0,,
Niğde,nigde,2014,İç Anadolu,Orta Anadolu,,,,,,72787,,,,,,,,,,,,,,,TR713,2013-2014,90.24,47.92,42.32,20127.0,5870.0,14257.0,14224.0,5903.0,,
Niğde,nigde,2015,İç Anadolu,Orta Anadolu,,,,,,78518,,,,,,,,,,,,,,,TR713,2014-2015,95.3,48.69,46.62,20845.0,5903.0,14942.0,14645.0,6200.0,,
Niğde,nigde,2016,İç Anadolu,Orta Anadolu,,,,,,78370,,,,,,,,,,,,,,,TR713,2015-2016,99.05,54.23,44.82,22981.0,6200.0,16781.0,12767.0,10214.0,,
Niğde,nigde,2017,İç Anadolu,Orta Anadolu,,,,,,82639,,,,,,,,,,,,,,,TR713,2016-2017,96.42,53.96,42.46,31842.0,10214.0,21628.0,19522.0,12320.0,,
Niğde,nigde,2018,İç Anadolu,Orta Anadolu,,,,,,82089,,,,,,,,,,,,,,,TR713,2017-2018,110.83,60.28,50.55,31284.0,12320.0,18964.0,20023.0,11261.0,,
Niğde,nigde,2019,İç Anadolu,Orta Anadolu,,,,,,79575,,,,,,,,,,,,,,,TR713,2018-2019,109.16,63.26,45.9,28985.0,11261.0,17724.0,17522.0,11463.0,,
Niğde,nigde,2020,İç Anadolu,Orta Anadolu,,,,,,81622,,,,,,,,,,,,,,,TR713,2019-2020,111.05,70.59,40.46,31696.0,11463.0,20233.0,17963.0,13733.0,,
Niğde,nigde,2021,İç Anadolu,Orta Anadolu,363725.0,16287.0,16506.0,-219.0,-0.6019220277351378,86859,0.23880404151488074,329189.0,8998.0,31417.0,65654.0,65028.0,38459.0,4314.0,903.0,0.0273338416532751,0.1975400150065767,0.1168295416918548,0.0158480386647184,0.1326775803565733,TR713,2020-2021,121.24,77.11,44.13,33376.0,13733.0,19643.0,20182.0,13194.0,9176.16331019314,5400.508626022407
Ordu,ordu,2011,Karadeniz,Doğu Karadeniz,,,,,,130853,,,,,,,,,,,,,,,TR902,2010-2011,76.09,36.21,39.88,38486.0,9039.0,29447.0,29362.0,9124.0,,
Ordu,ordu,2012,Karadeniz,Doğu Karadeniz,,,,,,132165,,,,,,,,,,,,,,,TR902,2011-2012,81.27,37.49,43.78,38992.0,9124.0,29868.0,29066.0,9926.0,,
Ordu,ordu,2013,Karadeniz,Doğu Karadeniz,,,,,,129427,,,,,,,,,,,,,,,TR902,2012-2013,85.01,37.29,47.72,40356.0,9927.0,30429.0,30092.0,10264.0,,
Ordu,ordu,2014,Karadeniz,Doğu Karadeniz,,,,,,132471,,,,,,,,,,,,,,,TR902,2013-2014,93.51,41.15,52.36,39849.0,10264.0,29585.0,29202.0,10647.0,,
Ordu,ordu,2015,Karadeniz,Doğu Karadeniz,,,,,,136257,,,,,,,,,,,,,,,TR902,2014-2015,100.22,42.34,57.88,39781.0,10647.0,29134.0,28158.0,11623.0,,
Ordu,ordu,2016,Karadeniz,Doğu Karadeniz,,,,,,149323,,,,,,,,,,,,,,,TR902,2015-2016,105.25,47.01,58.24,42723.0,11623.0,31100.0,24883.0,17840.0,,
Ordu,ordu,2017,Karadeniz,Doğu Karadeniz,,,,,,162503,,,,,,,,,,,,,,,TR902,2016-2017,104.81,47.55,57.26,51594.0,17840.0,33754.0,32285.0,19309.0,,
Ordu,ordu,2018,Karadeniz,Doğu Karadeniz,,,,,,157915,,,,,,,,,,,,,,,TR902,2017-2018,118.79,72.03,46.76,53541.0,19309.0,34232.0,36614.0,16927.0,,
Ordu,ordu,2019,Karadeniz,Doğu Karadeniz,,,,,,152932,,,,,,,,,,,,,,,TR902,2018-2019,118.6,74.64,43.96,50906.0,16927.0,33979.0,34080.0,16826.0,,
Ordu,ordu,2020,Karadeniz,Doğu Karadeniz,,,,,,162079,,,,,,,,,,,,,,,TR902,2019-2020,119.74,78.48,41.26,50148.0,16826.0,33322.0,32231.0,17917.0,,
Ordu,ordu,2021,Karadeniz,Doğu Karadeniz,760872.0,27516.0,28547.0,-1031.0,-1.3541068115775476,169856,0.22323859992219452,703307.0,34459.0,78519.0,119809.0,146259.0,88634.0,7845.0,1170.0,0.0489956732977206,0.2079589709756905,0.126024623670744,0.0128180154612423,0.13884263913198647,TR902,2020-2021,130.76,87.34,43.42,53500.0,17916.0,35584.0,34654.0,18846.0,7031.406070929144,4676.739320148461
Osmaniye,osmaniye,2011,Akdeniz,Akdeniz,,,,,,82199,,,,,,,,,,,,,,,TR633,2010-2011,89.16,51.65,37.51,28209.0,9458.0,18751.0,18725.0,9484.0,,
Osmaniye,osmaniye,2012,Akdeniz,Akdeniz,,,,,,85708,,,,,,,,,,,,,,,TR633,2011-2012,93.02,50.8,42.22,30692.0,9484.0,21208.0,19635.0,11057.0,,
Osmaniye,osmaniye,2013,Akdeniz,Akdeniz,,,,,,85418,,,,,,,,,,,,,,,TR633,2012-2013,93.41,45.55,47.87,34450.0,11057.0,23393.0,24020.0,10430.0,,
Osmaniye,osmaniye,2014,Akdeniz,Akdeniz,,,,,,88159,,,,,,,,,,,,,,,TR633,2013-2014,100.11,48.21,51.89,34333.0,10430.0,23903.0,22372.0,11961.0,,
Osmaniye,osmaniye,2015,Akdeniz,Akdeniz,,,,,,92783,,,,,,,,,,,,,,,TR633,2014-2015,104.42,48.52,55.9,35397.0,11961.0,23436.0,25310.0,10087.0,,
Osmaniye,osmaniye,2016,Akdeniz,Akdeniz,,,,,,97987,,,,,,,,,,,,,,,TR633,2015-2016,106.78,51.66,55.12,35169.0,10087.0,25082.0,21122.0,14047.0,,
Osmaniye,osmaniye,2017,Akdeniz,Akdeniz,,,,,,103041,,,,,,,,,,,,,,,TR633,2016-2017,105.21,53.16,52.06,40966.0,14047.0,26919.0,22811.0,18155.0,,
Osmaniye,osmaniye,2018,Akdeniz,Akdeniz,,,,,,101877,,,,,,,,,,,,,,,TR633,2017-2018,111.51,65.22,46.29,46277.0,18156.0,28121.0,24599.0,21678.0,,
Osmaniye,osmaniye,2019,Akdeniz,Akdeniz,,,,,,98090,,,,,,,,,,,,,,,TR633,2018-2019,112.43,67.82,44.61,51021.0,21677.0,29344.0,28646.0,22375.0,,
Osmaniye,osmaniye,2020,Akdeniz,Akdeniz,,,,,,107941,,,,,,,,,,,,,,,TR633,2019-2020,113.98,73.42,40.55,51817.0,22375.0,29442.0,26625.0,25192.0,,
Osmaniye,osmaniye,2021,Akdeniz,Akdeniz,553012.0,18648.0,22445.0,-3797.0,-6.842544878858844,116413,0.2105071861008441,501217.0,19026.0,52844.0,96819.0,110335.0,67505.0,6346.0,583.0,0.0379596063182214,0.2201341933733293,0.1346821835652022,0.0138243515283799,0.14850653509358222,TR633,2020-2021,125.58,81.61,43.97,61150.0,25192.0,35958.0,37289.0,23861.0,11057.626235958713,6502.209716968167
Rize,rize,2011,Karadeniz,Doğu Karadeniz,,,,,,77714,,,,,,,,,,,,,,,TR904,2010-2011,115.83,50.7,65.13,18663.0,6115.0,12548.0,13453.0,5210.0,,
Rize,rize,2012,Karadeniz,Doğu Karadeniz,,,,,,80015,,,,,,,,,,,,,,,TR904,2011-2012,123.13,55.48,67.64,16999.0,5210.0,11789.0,12079.0,4920.0,,
Rize,rize,2013,Karadeniz,Doğu Karadeniz,,,,,,79891,,,,,,,,,,,,,,,TR904,2012-2013,128.43,59.1,69.33,16879.0,4920.0,11959.0,11695.0,5184.0,,
Rize,rize,2014,Karadeniz,Doğu Karadeniz,,,,,,79830,,,,,,,,,,,,,,,TR904,2013-2014,137.13,65.39,71.74,18296.0,5185.0,13111.0,12546.0,5750.0,,
Rize,rize,2015,Karadeniz,Doğu Karadeniz,,,,,,85965,,,,,,,,,,,,,,,TR904,2014-2015,140.23,65.36,74.86,18249.0,5750.0,12499.0,12616.0,5633.0,,
Rize,rize,2016,Karadeniz,Doğu Karadeniz,,,,,,87458,,,,,,,,,,,,,,,TR904,2015-2016,140.06,66.34,73.72,18664.0,5633.0,13031.0,11329.0,7335.0,,
Rize,rize,2017,Karadeniz,Doğu Karadeniz,,,,,,94324,,,,,,,,,,,,,,,TR904,2016-2017,136.45,63.29,73.15,21662.0,7335.0,14327.0,13546.0,8116.0,,
Rize,rize,2018,Karadeniz,Doğu Karadeniz,,,,,,91986,,,,,,,,,,,,,,,TR904,2017-2018,121.93,66.08,55.84,23811.0,8117.0,15694.0,13744.0,10067.0,,
Rize,rize,2019,Karadeniz,Doğu Karadeniz,,,,,,87085,,,,,,,,,,,,,,,TR904,2018-2019,117.27,66.61,50.66,25565.0,10067.0,15498.0,15649.0,9916.0,,
Rize,rize,2020,Karadeniz,Doğu Karadeniz,,,,,,91236,,,,,,,,,,,,,,,TR904,2019-2020,116.03,72.97,43.07,23988.0,9916.0,14072.0,13354.0,10634.0,,
Rize,rize,2021,Karadeniz,Doğu Karadeniz,345662.0,15956.0,15605.0,351.0,1.0159586554033224,93792,0.271340210957525,320446.0,9108.0,28820.0,52762.0,80854.0,49316.0,4977.0,855.0,0.0284228856031905,0.2523170830654775,0.1538980046560107,0.0181996342597504,0.17209763891576116,TR904,2020-2021,124.91,80.54,44.37,26341.0,10634.0,15707.0,15682.0,10659.0,7620.450035005294,4544.034345690299
Sakarya,sakarya,2011,Marmara,Doğu Marmara,,,,,,210662,,,,,,,,,,,,,,,TR422,2010-2011,95.11,41.0,54.11,51848.0,15313.0,36535.0,32687.0,19161.0,,
Sakarya,sakarya,2012,Marmara,Doğu Marmara,,,,,,218149,,,,,,,,,,,,,,,TR422,2011-2012,99.73,42.16,57.57,58278.0,19162.0,39116.0,35173.0,23105.0,,
Sakarya,sakarya,2013,Marmara,Doğu Marmara,,,,,,228514,,,,,,,,,,,,,,,TR422,2012-2013,101.83,42.54,59.29,63825.0,23105.0,40720.0,39241.0,24584.0,,
Sakarya,sakarya,2014,Marmara,Doğu Marmara,,,,,,237576,,,,,,,,,,,,,,,TR422,2013-2014,110.55,48.69,61.85,67222.0,24584.0,42638.0,40066.0,27156.0,,
Sakarya,sakarya,2015,Marmara,Doğu Marmara,,,,,,252174,,,,,,,,,,,,,,,TR422,2014-2015,113.3,50.36,62.95,72524.0,27156.0,45368.0,43429.0,29095.0,,
Sakarya,sakarya,2016,Marmara,Doğu Marmara,,,,,,270826,,,,,,,,,,,,,,,TR422,2015-2016,115.08,53.99,61.09,77179.0,29095.0,48084.0,41692.0,35487.0,,
Sakarya,sakarya,2017,Marmara,Doğu Marmara,,,,,,280665,,,,,,,,,,,,,,,TR422,2016-2017,112.73,53.93,58.8,89053.0,35487.0,53566.0,47920.0,41133.0,,
Sakarya,sakarya,2018,Marmara,Doğu Marmara,,,,,,271772,,,,,,,,,,,,,,,TR422,2017-2018,113.44,54.62,58.81,99171.0,41133.0,58038.0,55325.0,43846.0,,
Sakarya,sakarya,2019,Marmara,Doğu Marmara,,,,,,272562,,,,,,,,,,,,,,,TR422,2018-2019,111.8,56.39,55.41,98349.0,43846.0,54503.0,56733.0,41616.0,,
Sakarya,sakarya,2020,Marmara,Doğu Marmara,,,,,,291319,,,,,,,,,,,,,,,TR422,2019-2020,115.67,63.65,52.02,88860.0,41616.0,47244.0,46172.0,42688.0,,
Sakarya,sakarya,2021,Marmara,Doğu Marmara,1060876.0,40379.0,31048.0,9331.0,8.834413215926181,312428,0.2945000169671102,947858.0,19419.0,78478.0,164645.0,233649.0,132285.0,14497.0,2565.0,0.020487245979883,0.2465021131857303,0.1395620441036526,0.0180005865857544,0.15756263068940707,TR422,2020-2021,130.36,73.03,57.33,94669.0,42687.0,51982.0,48369.0,46300.0,8923.663085978003,4899.912902167643
Samsun,samsun,2011,Karadeniz,Batı Karadeniz,,,,,,254189,,,,,,,,,,,,,,,TR831,2010-2011,82.23,45.24,37.0,84218.0,32817.0,51401.0,49377.0,34841.0,,
Samsun,samsun,2012,Karadeniz,Batı Karadeniz,,,,,,259917,,,,,,,,,,,,,,,TR831,2011-2012,88.11,48.17,39.93,87925.0,34841.0,53084.0,48340.0,39585.0,,
Samsun,samsun,2013,Karadeniz,Batı Karadeniz,,,,,,260871,,,,,,,,,,,,,,,TR831,2012-2013,92.44,50.82,41.62,90421.0,39588.0,50833.0,50847.0,39574.0,,
Samsun,samsun,2014,Karadeniz,Batı Karadeniz,,,,,,270766,,,,,,,,,,,,,,,TR831,2013-2014,106.25,58.05,48.19,91499.0,39711.0,51788.0,50674.0,40825.0,,
Samsun,samsun,2015,Karadeniz,Batı Karadeniz,,,,,,280631,,,,,,,,,,,,,,,TR831,2014-2015,112.64,59.53,53.11,98321.0,40825.0,57496.0,57536.0,40785.0,,
Samsun,samsun,2016,Karadeniz,Batı Karadeniz,,,,,,294744,,,,,,,,,,,,,,,TR831,2015-2016,116.57,62.35,54.22,101246.0,40786.0,60460.0,52130.0,49116.0,,
Samsun,samsun,2017,Karadeniz,Batı Karadeniz,,,,,,312177,,,,,,,,,,,,,,,TR831,2016-2017,112.34,61.07,51.27,118065.0,49116.0,68949.0,61534.0,56531.0,,
Samsun,samsun,2018,Karadeniz,Batı Karadeniz,,,,,,306110,,,,,,,,,,,,,,,TR831,2017-2018,124.22,59.23,65.0,127216.0,56531.0,70685.0,66249.0,60967.0,,
Samsun,samsun,2019,Karadeniz,Batı Karadeniz,,,,,,297182,,,,,,,,,,,,,,,TR831,2018-2019,128.24,62.42,65.82,130238.0,60967.0,69271.0,72241.0,57997.0,,
Samsun,samsun,2020,Karadeniz,Batı Karadeniz,,,,,,315923,,,,,,,,,,,,,,,TR831,2019-2020,129.09,71.86,57.23,121046.0,57997.0,63049.0,64198.0,56848.0,,
Samsun,samsun,2021,Karadeniz,Batı Karadeniz,1371274.0,47471.0,45791.0,1680.0,1.225889024936626,333425,0.24314980084213658,1237383.0,24852.0,134331.0,207046.0,258409.0,184329.0,19199.0,3340.0,0.0200843231238832,0.2088350979446137,0.148966811407624,0.0182150554840336,0.16718186689165765,TR831,2020-2021,139.46,81.64,57.82,130696.0,56847.0,73849.0,77505.0,53191.0,9530.990888764754,5385.429899494922
Siirt,siirt,2011,Güneydoğu Anadolu,Güneydoğu Anadolu,,,,,,35918,,,,,,,,,,,,,,,TRC34,2010-2011,57.92,37.71,20.21,12122.0,3986.0,8136.0,7394.0,4728.0,,
Siirt,siirt,2012,Güneydoğu Anadolu,Güneydoğu Anadolu,,,,,,38904,,,,,,,,,,,,,,,TRC34,2011-2012,64.99,43.78,21.22,12853.0,4728.0,8125.0,7893.0,4960.0,,
Siirt,siirt,2013,Güneydoğu Anadolu,Güneydoğu Anadolu,,,,,,41092,,,,,,,,,,,,,,,TRC34,2012-2013,70.97,46.72,24.25,13385.0,4960.0,8425.0,8098.0,5287.0,,
Siirt,siirt,2014,Güneydoğu Anadolu,Güneydoğu Anadolu,,,,,,40556,,,,,,,,,,,,,,,TRC34,2013-2014,82.28,50.74,31.54,15627.0,5287.0,10340.0,8613.0,7014.0,,
Siirt,siirt,2015,Güneydoğu Anadolu,Güneydoğu Anadolu,,,,,,45379,,,,,,,,,,,,,,,TRC34,2014-2015,94.18,53.39,40.79,16645.0,7014.0,9631.0,8462.0,8183.0,,
Siirt,siirt,2016,Güneydoğu Anadolu,Güneydoğu Anadolu,,,,,,44853,,,,,,,,,,,,,,,TRC34,2015-2016,95.28,53.76,41.52,17297.0,8183.0,9114.0,6945.0,10352.0,,
Siirt,siirt,2017,Güneydoğu Anadolu,Güneydoğu Anadolu,,,,,,54765,,,,,,,,,,,,,,,TRC34,2016-2017,89.7,47.53,42.16,24044.0,10352.0,13692.0,10755.0,13289.0,,
Siirt,siirt,2018,Güneydoğu Anadolu,Güneydoğu Anadolu,,,,,,58714,,,,,,,,,,,,,,,TRC34,2017-2018,111.97,52.81,59.16,26118.0,13289.0,12829.0,14142.0,11976.0,,
Siirt,siirt,2019,Güneydoğu Anadolu,Güneydoğu Anadolu,,,,,,56964,,,,,,,,,,,,,,,TRC34,2018-2019,108.32,52.15,56.17,24955.0,11976.0,12979.0,13930.0,11025.0,,
Siirt,siirt,2020,Güneydoğu Anadolu,Güneydoğu Anadolu,,,,,,60903,,,,,,,,,,,,,,,TRC34,2019-2020,112.97,62.53,50.44,22710.0,11026.0,11684.0,10263.0,12447.0,,
Siirt,siirt,2021,Güneydoğu Anadolu,Güneydoğu Anadolu,331980.0,12670.0,16340.0,-3670.0,-10.994113505983854,62188,0.18732453762274837,287430.0,17432.0,44069.0,71154.0,52188.0,29359.0,3208.0,470.0,0.0606478099015412,0.181567686045298,0.1021431305013394,0.0127961590648157,0.11493928956615523,TRC34,2020-2021,125.0,71.99,53.02,27970.0,12447.0,15523.0,16202.0,11768.0,8425.20633773119,4675.884089402976
Sinop,sinop,2011,Karadeniz,Batı Karadeniz,,,,,,43594,,,,,,,,,,,,,,,TR823,2010-2011,84.72,42.76,41.96,10444.0,1787.0,8657.0,8372.0,2072.0,,
Sinop,sinop,2012,Karadeniz,Batı Karadeniz,,,,,,44228,,,,,,,,,,,,,,,TR823,2011-2012,93.56,49.06,44.49,11611.0,2134.0,9477.0,9502.0,2109.0,,
Sinop,sinop,2013,Karadeniz,Batı Karadeniz,,,,,,43506,,,,,,,,,,,,,,,TR823,2012-2013,95.96,49.76,46.2,11351.0,2109.0,9242.0,9320.0,2031.0,,
Sinop,sinop,2014,Karadeniz,Batı Karadeniz,,,,,,42512,,,,,,,,,,,,,,,TR823,2013-2014,111.45,61.15,50.3,11109.0,2031.0,9078.0,9014.0,2095.0,,
Sinop,sinop,2015,Karadeniz,Batı Karadeniz,,,,,,45487,,,,,,,,,,,,,,,TR823,2014-2015,114.63,61.14,53.49,11576.0,2095.0,9481.0,9286.0,2290.0,,
Sinop,sinop,2016,Karadeniz,Batı Karadeniz,,,,,,45228,,,,,,,,,,,,,,,TR823,2015-2016,119.68,64.86,54.83,12737.0,2290.0,10447.0,9293.0,3444.0,,
Sinop,sinop,2017,Karadeniz,Batı Karadeniz,,,,,,48396,,,,,,,,,,,,,,,TR823,2016-2017,113.98,61.9,52.07,13869.0,3444.0,10425.0,9379.0,4490.0,,
Sinop,sinop,2018,Karadeniz,Batı Karadeniz,,,,,,48241,,,,,,,,,,,,,,,TR823,2017-2018,111.85,48.95,62.9,14676.0,4490.0,10186.0,10254.0,4422.0,,
Sinop,sinop,2019,Karadeniz,Batı Karadeniz,,,,,,45901,,,,,,,,,,,,,,,TR823,2018-2019,111.16,52.21,58.95,14550.0,4422.0,10128.0,10020.0,4530.0,,
Sinop,sinop,2020,Karadeniz,Batı Karadeniz,,,,,,49050,,,,,,,,,,,,,,,TR823,2019-2020,113.87,57.31,56.56,13874.0,4530.0,9344.0,8790.0,5084.0,,
Sinop,sinop,2021,Karadeniz,Batı Karadeniz,218408.0,13211.0,10548.0,2663.0,12.267564660384704,51970,0.23794915937145159,203160.0,6903.0,18939.0,31017.0,37898.0,26018.0,2441.0,508.0,0.0339781453041937,0.1865426265012797,0.1280665485331758,0.0145156526875369,0.14258220122071275,TR823,2020-2021,126.76,65.55,61.21,15725.0,5084.0,10641.0,9895.0,5830.0,7199.827845133878,4872.074282993297
Sivas,sivas,2011,İç Anadolu,Orta Anadolu,,,,,,121893,,,,,,,,,,,,,,,TR722,2010-2011,81.69,44.15,37.54,40575.0,13962.0,26613.0,27929.0,12646.0,,
Sivas,sivas,2012,İç Anadolu,Orta Anadolu,,,,,,124852,,,,,,,,,,,,,,,TR722,2011-2012,86.46,46.32,40.14,37819.0,12646.0,25173.0,24961.0,12858.0,,
Sivas,sivas,2013,İç Anadolu,Orta Anadolu,,,,,,125123,,,,,,,,,,,,,,,TR722,2012-2013,91.69,49.38,42.31,38358.0,12858.0,25500.0,26450.0,11908.0,,
Sivas,sivas,2014,İç Anadolu,Orta Anadolu,,,,,,127932,,,,,,,,,,,,,,,TR722,2013-2014,103.74,56.85,46.89,37309.0,11909.0,25400.0,25045.0,12264.0,,
Sivas,sivas,2015,İç Anadolu,Orta Anadolu,,,,,,138831,,,,,,,,,,,,,,,TR722,2014-2015,112.05,57.22,54.83,36804.0,12264.0,24540.0,25002.0,11802.0,,
Sivas,sivas,2016,İç Anadolu,Orta Anadolu,,,,,,136832,,,,,,,,,,,,,,,TR722,2015-2016,113.4,61.62,51.78,36768.0,11802.0,24966.0,22233.0,14535.0,,
Sivas,sivas,2017,İç Anadolu,Orta Anadolu,,,,,,143150,,,,,,,,,,,,,,,TR722,2016-2017,111.37,60.83,50.54,44134.0,14535.0,29599.0,28424.0,15710.0,,
Sivas,sivas,2018,İç Anadolu,Orta Anadolu,,,,,,144742,,,,,,,,,,,,,,,TR722,2017-2018,120.54,61.98,58.56,46035.0,15710.0,30325.0,30706.0,15329.0,,
Sivas,sivas,2019,İç Anadolu,Orta Anadolu,,,,,,138517,,,,,,,,,,,,,,,TR722,2018-2019,118.5,63.21,55.29,43949.0,15328.0,28621.0,28965.0,14984.0,,
Sivas,sivas,2020,İç Anadolu,Orta Anadolu,,,,,,142759,,,,,,,,,,,,,,,TR722,2019-2020,120.59,67.08,53.51,41860.0,14984.0,26876.0,25599.0,16261.0,,
Sivas,sivas,2021,İç Anadolu,Orta Anadolu,636121.0,25720.0,28285.0,-2565.0,-4.024138555875517,148178,0.23293995953600022,582089.0,24586.0,54008.0,101023.0,133096.0,81717.0,8966.0,1799.0,0.0422375272509873,0.2286523194906621,0.1403857485710948,0.0184937354940567,0.15887948406515154,TR722,2020-2021,132.26,73.84,58.42,47202.0,16259.0,30943.0,30289.0,16913.0,7420.286392054341,4864.326126633141
Tekirdağ,tekirdag,2011,Marmara,Batı Marmara,,,,,,264654,,,,,,,,,,,,,,,TR211,2010-2011,98.77,50.14,48.63,58755.0,21173.0,37582.0,35329.0,23426.0,,
Tekirdağ,tekirdag,2012,Marmara,Batı Marmara,,,,,,278610,,,,,,,,,,,,,,,TR211,2011-2012,102.74,52.07,50.67,64769.0,23426.0,41343.0,36401.0,28368.0,,
Tekirdağ,tekirdag,2013,Marmara,Batı Marmara,,,,,,289433,,,,,,,,,,,,,,,TR211,2012-2013,103.42,53.15,50.28,70722.0,28370.0,42352.0,40679.0,30043.0,,
Tekirdağ,tekirdag,2014,Marmara,Batı Marmara,,,,,,308067,,,,,,,,,,,,,,,TR211,2013-2014,109.45,58.72,50.74,75099.0,30042.0,45057.0,42028.0,33071.0,,
Tekirdağ,tekirdag,2015,Marmara,Batı Marmara,,,,,,320639,,,,,,,,,,,,,,,TR211,2014-2015,110.39,58.21,52.17,79826.0,33071.0,46755.0,45723.0,34103.0,,
Tekirdağ,tekirdag,2016,Marmara,Batı Marmara,,,,,,330502,,,,,,,,,,,,,,,TR211,2015-2016,112.38,62.15,50.23,81916.0,34103.0,47813.0,40339.0,41577.0,,
Tekirdağ,tekirdag,2017,Marmara,Batı Marmara,,,,,,352405,,,,,,,,,,,,,,,TR211,2016-2017,109.23,61.08,48.15,99850.0,41577.0,58273.0,44496.0,55354.0,,
Tekirdağ,tekirdag,2018,Marmara,Batı Marmara,,,,,,346708,,,,,,,,,,,,,,,TR211,2017-2018,108.89,61.44,47.45,119112.0,55354.0,63758.0,56669.0,62443.0,,
Tekirdağ,tekirdag,2019,Marmara,Batı Marmara,,,,,,349064,,,,,,,,,,,,,,,TR211,2018-2019,109.45,64.38,45.07,129296.0,62444.0,66852.0,71356.0,57940.0,,
Tekirdağ,tekirdag,2020,Marmara,Batı Marmara,,,,,,382749,,,,,,,,,,,,,,,TR211,2019-2020,111.58,69.32,42.26,115139.0,57940.0,57199.0,55696.0,59443.0,,
Tekirdağ,tekirdag,2021,Marmara,Batı Marmara,1113400.0,60190.0,37516.0,22674.0,20.57414140570911,410113,0.36834291359798815,1015195.0,12516.0,86959.0,189177.0,242440.0,141790.0,13423.0,1790.0,0.0123286659213254,0.2388112628608296,0.1396677485606213,0.0149852983909495,0.1546530469515709,TR211,2020-2021,123.24,76.98,46.26,127163.0,59444.0,67719.0,62603.0,64560.0,11421.142446560085,6082.180707742052
Tokat,tokat,2011,Karadeniz,Batı Karadeniz,,,,,,101927,,,,,,,,,,,,,,,TR832,2010-2011,76.86,36.79,40.07,28087.0,7175.0,20912.0,20761.0,7326.0,,
Tokat,tokat,2012,Karadeniz,Batı Karadeniz,,,,,,102991,,,,,,,,,,,,,,,TR832,2011-2012,82.33,38.73,43.6,28451.0,7326.0,21125.0,20695.0,7756.0,,
Tokat,tokat,2013,Karadeniz,Batı Karadeniz,,,,,,101952,,,,,,,,,,,,,,,TR832,2012-2013,84.04,38.23,45.8,29361.0,7756.0,21605.0,21404.0,7957.0,,
Tokat,tokat,2014,Karadeniz,Batı Karadeniz,,,,,,103981,,,,,,,,,,,,,,,TR832,2013-2014,99.08,48.01,51.08,32148.0,7957.0,24191.0,21648.0,10500.0,,
Tokat,tokat,2015,Karadeniz,Batı Karadeniz,,,,,,110191,,,,,,,,,,,,,,,TR832,2014-2015,105.14,50.99,54.15,34211.0,10500.0,23711.0,24505.0,9706.0,,
Tokat,tokat,2016,Karadeniz,Batı Karadeniz,,,,,,113838,,,,,,,,,,,,,,,TR832,2015-2016,107.83,51.96,55.87,33833.0,9706.0,24127.0,17885.0,15948.0,,
Tokat,tokat,2017,Karadeniz,Batı Karadeniz,,,,,,121568,,,,,,,,,,,,,,,TR832,2016-2017,105.84,50.36,55.48,45009.0,15948.0,29061.0,26301.0,18708.0,,
Tokat,tokat,2018,Karadeniz,Batı Karadeniz,,,,,,120230,,,,,,,,,,,,,,,TR832,2017-2018,114.47,64.83,49.64,48520.0,18710.0,29810.0,27541.0,20979.0,,
Tokat,tokat,2019,Karadeniz,Batı Karadeniz,,,,,,115037,,,,,,,,,,,,,,,TR832,2018-2019,114.3,67.48,46.83,49150.0,20979.0,28171.0,30919.0,18231.0,,
Tokat,tokat,2020,Karadeniz,Batı Karadeniz,,,,,,123666,,,,,,,,,,,,,,,TR832,2019-2020,116.46,72.39,44.07,43127.0,18231.0,24896.0,25439.0,17688.0,,
Tokat,tokat,2021,Karadeniz,Batı Karadeniz,602567.0,35555.0,31400.0,4155.0,6.91935495957881,129078,0.21421352314348446,555456.0,13070.0,64689.0,96752.0,110838.0,71423.0,7006.0,1309.0,0.0235302166148173,0.1995441583131697,0.1285844423320659,0.014969682567116,0.14355412489918193,TR832,2020-2021,130.87,83.35,47.52,44244.0,17688.0,26556.0,29191.0,15053.0,7342.5859696929965,4407.144765644319
Trabzon,trabzon,2011,Karadeniz,Doğu Karadeniz,,,,,,171627,,,,,,,,,,,,,,,TR901,2010-2011,97.43,47.34,50.1,39338.0,13890.0,25448.0,26124.0,13214.0,,
Trabzon,trabzon,2012,Karadeniz,Doğu Karadeniz,,,,,,173505,,,,,,,,,,,,,,,TR901,2011-2012,102.76,49.33,53.42,39614.0,13214.0,26400.0,24937.0,14677.0,,
Trabzon,trabzon,2013,Karadeniz,Doğu Karadeniz,,,,,,175253,,,,,,,,,,,,,,,TR901,2012-2013,107.09,51.72,55.37,39660.0,14676.0,24984.0,24255.0,15405.0,,
Trabzon,trabzon,2014,Karadeniz,Doğu Karadeniz,,,,,,180415,,,,,,,,,,,,,,,TR901,2013-2014,117.37,57.73,59.64,40478.0,15405.0,25073.0,24158.0,16320.0,,
Trabzon,trabzon,2015,Karadeniz,Doğu Karadeniz,,,,,,187114,,,,,,,,,,,,,,,TR901,2014-2015,124.13,57.6,66.53,42600.0,16320.0,26280.0,26633.0,15967.0,,
Trabzon,trabzon,2016,Karadeniz,Doğu Karadeniz,,,,,,197043,,,,,,,,,,,,,,,TR901,2015-2016,122.6,60.1,62.5,44801.0,15967.0,28834.0,25558.0,19243.0,,
Trabzon,trabzon,2017,Karadeniz,Doğu Karadeniz,,,,,,207475,,,,,,,,,,,,,,,TR901,2016-2017,119.17,59.55,59.62,49266.0,19243.0,30023.0,28180.0,21086.0,,
Trabzon,trabzon,2018,Karadeniz,Doğu Karadeniz,,,,,,201489,,,,,,,,,,,,,,,TR901,2017-2018,120.01,70.33,49.68,55084.0,21087.0,33997.0,33769.0,21315.0,,
Trabzon,trabzon,2019,Karadeniz,Doğu Karadeniz,,,,,,194529,,,,,,,,,,,,,,,TR901,2018-2019,117.62,69.26,48.36,52131.0,21316.0,30815.0,31945.0,20186.0,,
Trabzon,trabzon,2020,Karadeniz,Doğu Karadeniz,,,,,,197323,,,,,,,,,,,,,,,TR901,2019-2020,120.21,79.22,41.0,48505.0,20186.0,28319.0,27750.0,20755.0,,
Trabzon,trabzon,2021,Karadeniz,Doğu Karadeniz,816684.0,29914.0,29442.0,472.0,0.578113976640276,206233,0.2525248443706501,744432.0,24411.0,71556.0,112988.0,187873.0,123035.0,13124.0,2886.0,0.0327914436778644,0.2523709351559309,0.1652736583059298,0.021506329658048,0.1867799879639779,TR901,2020-2021,133.19,85.44,47.76,53259.0,20755.0,32504.0,31652.0,21607.0,6521.371791292593,3979.997159243967
Tunceli,tunceli,2011,Doğu Anadolu,Ortadoğu Anadolu,,,,,,18154,,,,,,,,,,,,,,,TRB14,2010-2011,101.47,79.65,21.83,5775.0,1614.0,4161.0,4205.0,1570.0,,
Tunceli,tunceli,2012,Doğu Anadolu,Ortadoğu Anadolu,,,,,,19340,,,,,,,,,,,,,,,TRB14,2011-2012,104.88,81.13,23.74,5331.0,1570.0,3761.0,3646.0,1685.0,,
Tunceli,tunceli,2013,Doğu Anadolu,Ortadoğu Anadolu,,,,,,19792,,,,,,,,,,,,,,,TRB14,2012-2013,109.94,85.11,24.83,5279.0,1685.0,3594.0,3656.0,1623.0,,
Tunceli,tunceli,2014,Doğu Anadolu,Ortadoğu Anadolu,,,,,,19645,,,,,,,,,,,,,,,TRB14,2013-2014,121.23,88.11,33.12,7014.0,1645.0,5369.0,4114.0,2900.0,,
Tunceli,tunceli,2015,Doğu Anadolu,Ortadoğu Anadolu,,,,,,21753,,,,,,,,,,,,,,,TRB14,2014-2015,116.87,70.43,46.44,7184.0,2900.0,4284.0,3859.0,3325.0,,
Tunceli,tunceli,2016,Doğu Anadolu,Ortadoğu Anadolu,,,,,,20067,,,,,,,,,,,,,,,TRB14,2015-2016,120.22,73.61,46.61,7945.0,3325.0,4620.0,3345.0,4600.0,,
Tunceli,tunceli,2017,Doğu Anadolu,Ortadoğu Anadolu,,,,,,23371,,,,,,,,,,,,,,,TRB14,2016-2017,116.68,78.44,38.24,11284.0,4600.0,6684.0,5486.0,5798.0,,
Tunceli,tunceli,2018,Doğu Anadolu,Ortadoğu Anadolu,,,,,,25005,,,,,,,,,,,,,,,TRB14,2017-2018,103.08,52.85,50.23,12386.0,5798.0,6588.0,6229.0,6157.0,,
Tunceli,tunceli,2019,Doğu Anadolu,Ortadoğu Anadolu,,,,,,25603,,,,,,,,,,,,,,,TRB14,2018-2019,102.5,55.71,46.78,12154.0,6157.0,5997.0,6355.0,5799.0,,
Tunceli,tunceli,2020,Doğu Anadolu,Ortadoğu Anadolu,,,,,,26146,,,,,,,,,,,,,,,TRB14,2019-2020,105.99,61.15,44.84,11628.0,5799.0,5829.0,5492.0,6136.0,,
Tunceli,tunceli,2021,Doğu Anadolu,Ortadoğu Anadolu,83645.0,7054.0,6517.0,537.0,6.440663736184657,26860,0.3211190148843326,77692.0,4217.0,5872.0,10254.0,21453.0,14425.0,1352.0,229.0,0.0542784327858724,0.2761288163517479,0.185669052154662,0.020349585542913,0.20601863769757503,TRB14,2020-2021,119.94,68.72,51.22,12831.0,6136.0,6695.0,7190.0,5641.0,15339.82903939267,8004.064797656764
Uşak,usak,2011,Ege,Ege,,,,,,87183,,,,,,,,,,,,,,,TR334,2010-2011,90.81,49.93,40.88,26033.0,8320.0,17713.0,16785.0,9248.0,,
Uşak,usak,2012,Ege,Ege,,,,,,89398,,,,,,,,,,,,,,,TR334,2011-2012,94.31,52.08,42.24,26960.0,9248.0,17712.0,16503.0,10457.0,,
Uşak,usak,2013,Ege,Ege,,,,,,90807,,,,,,,,,,,,,,,TR334,2012-2013,94.98,53.73,41.26,28135.0,10457.0,17678.0,16525.0,11610.0,,
Uşak,usak,2014,Ege,Ege,,,,,,93937,,,,,,,,,,,,,,,TR334,2013-2014,104.99,64.64,40.35,28847.0,11610.0,17237.0,16686.0,12161.0,,
Uşak,usak,2015,Ege,Ege,,,,,,98939,,,,,,,,,,,,,,,TR334,2014-2015,108.99,67.96,41.04,30056.0,12161.0,17895.0,18418.0,11638.0,,
Uşak,usak,2016,Ege,Ege,,,,,,102674,,,,,,,,,,,,,,,TR334,2015-2016,112.66,71.86,40.81,29317.0,11638.0,17679.0,16377.0,12940.0,,
Uşak,usak,2017,Ege,Ege,,,,,,107629,,,,,,,,,,,,,,,TR334,2016-2017,109.33,68.18,41.15,31883.0,12940.0,18943.0,16767.0,15116.0,,
Uşak,usak,2018,Ege,Ege,,,,,,104008,,,,,,,,,,,,,,,TR334,2017-2018,106.6,55.66,50.93,35617.0,15116.0,20501.0,17881.0,17736.0,,
Uşak,usak,2019,Ege,Ege,,,,,,104260,,,,,,,,,,,,,,,TR334,2018-2019,106.11,56.45,49.66,39438.0,17736.0,21702.0,22042.0,17396.0,,
Uşak,usak,2020,Ege,Ege,,,,,,111563,,,,,,,,,,,,,,,TR334,2019-2020,107.62,63.27,44.35,40109.0,17396.0,22713.0,22720.0,17389.0,,
Uşak,usak,2021,Ege,Ege,373183.0,13705.0,12231.0,1474.0,3.957620702061507,118469,0.3174555111031317,340378.0,5802.0,31150.0,57210.0,71895.0,44720.0,4563.0,888.0,0.0170457550135437,0.2112210542396982,0.1313833443994617,0.0160145485313386,0.14739789293080047,TR334,2020-2021,121.8,71.61,50.19,41381.0,17389.0,23992.0,24024.0,17357.0,11088.661594981551,6429.017398970478
Van,van,2011,Doğu Anadolu,Ortadoğu Anadolu,,,,,,89868,,,,,,,,,,,,,,,TRB21,2010-2011,48.65,34.76,13.89,36682.0,13699.0,22983.0,17827.0,18855.0,,
Van,van,2012,Doğu Anadolu,Ortadoğu Anadolu,,,,,,113889,,,,,,,,,,,,,,,TRB21,2011-2012,54.44,36.76,17.68,41069.0,18856.0,22213.0,20636.0,20433.0,,
Van,van,2013,Doğu Anadolu,Ortadoğu Anadolu,,,,,,113300,,,,,,,,,,,,,,,TRB21,2012-2013,47.4,27.44,19.96,46297.0,20435.0,25862.0,23857.0,22440.0,,
Van,van,2014,Doğu Anadolu,Ortadoğu Anadolu,,,,,,116178,,,,,,,,,,,,,,,TRB21,2013-2014,69.77,37.42,32.35,54735.0,26914.0,27821.0,27570.0,27165.0,,
Van,van,2015,Doğu Anadolu,Ortadoğu Anadolu,,,,,,126307,,,,,,,,,,,,,,,TRB21,2014-2015,76.22,34.95,41.27,55681.0,27165.0,28516.0,26566.0,29115.0,,
Van,van,2016,Doğu Anadolu,Ortadoğu Anadolu,,,,,,134307,,,,,,,,,,,,,,,TRB21,2015-2016,80.09,38.26,41.83,57717.0,29114.0,28603.0,20366.0,37351.0,,
Van,van,2017,Doğu Anadolu,Ortadoğu Anadolu,,,,,,153689,,,,,,,,,,,,,,,TRB21,2016-2017,78.17,37.62,40.56,76145.0,37351.0,38794.0,36949.0,39196.0,,
Van,van,2018,Doğu Anadolu,Ortadoğu Anadolu,,,,,,161287,,,,,,,,,,,,,,,TRB21,2017-2018,114.96,57.73,57.24,79903.0,39196.0,40707.0,36796.0,43107.0,,
Van,van,2019,Doğu Anadolu,Ortadoğu Anadolu,,,,,,165881,,,,,,,,,,,,,,,TRB21,2018-2019,114.74,60.4,54.34,83204.0,43107.0,40097.0,41937.0,41267.0,,
Van,van,2020,Doğu Anadolu,Ortadoğu Anadolu,,,,,,180946,,,,,,,,,,,,,,,TRB21,2019-2020,115.88,67.54,48.34,75523.0,41267.0,34256.0,34670.0,40853.0,,
Van,van,2021,Doğu Anadolu,Ortadoğu Anadolu,1141015.0,30318.0,58185.0,-27867.0,-24.12834858004491,195324,0.17118442789972085,989808.0,49617.0,169065.0,231111.0,163933.0,89522.0,11046.0,1552.0,0.0501279035934241,0.1656210093270614,0.090443803242649,0.0127277209317362,0.10317152417438534,TRB21,2020-2021,127.3,75.9,51.4,78934.0,40852.0,38082.0,37241.0,41693.0,6917.875750976104,3337.5547210159375
Yalova,yalova,2011,Marmara,Doğu Marmara,,,,,,53573,,,,,,,,,,,,,,,TR425,2010-2011,97.87,50.16,47.71,13372.0,4851.0,8521.0,8096.0,5276.0,,
Yalova,yalova,2012,Marmara,Doğu Marmara,,,,,,56900,,,,,,,,,,,,,,,TR425,2011-2012,104.48,51.03,53.45,14972.0,5276.0,9696.0,9013.0,5959.0,,
Yalova,yalova,2013,Marmara,Doğu Marmara,,,,,,61457,,,,,,,,,,,,,,,TR425,2012-2013,108.9,51.44,57.46,17059.0,5959.0,11100.0,9986.0,7073.0,,
Yalova,yalova,2014,Marmara,Doğu Marmara,,,,,,69734,,,,,,,,,,,,,,,TR425,2013-2014,113.29,59.97,53.32,18191.0,7073.0,11118.0,11491.0,6700.0,,
Yalova,yalova,2015,Marmara,Doğu Marmara,,,,,,73959,,,,,,,,,,,,,,,TR425,2014-2015,117.15,63.81,53.34,17874.0,6700.0,11174.0,10380.0,7494.0,,
Yalova,yalova,2016,Marmara,Doğu Marmara,,,,,,75102,,,,,,,,,,,,,,,TR425,2015-2016,116.97,67.05,49.92,18521.0,7494.0,11027.0,9196.0,9325.0,,
Yalova,yalova,2017,Marmara,Doğu Marmara,,,,,,79912,,,,,,,,,,,,,,,TR425,2016-2017,117.12,67.07,50.05,23188.0,9325.0,13863.0,11646.0,11542.0,,
Yalova,yalova,2018,Marmara,Doğu Marmara,,,,,,81940,,,,,,,,,,,,,,,TR425,2017-2018,114.87,61.33,53.53,27016.0,11542.0,15474.0,14861.0,12155.0,,
Yalova,yalova,2019,Marmara,Doğu Marmara,,,,,,87116,,,,,,,,,,,,,,,TR425,2018-2019,113.27,64.04,49.22,29691.0,12155.0,17536.0,18125.0,11566.0,,
Yalova,yalova,2020,Marmara,Doğu Marmara,,,,,,94371,,,,,,,,,,,,,,,TR425,2019-2020,114.1,70.51,43.59,27385.0,11566.0,15819.0,15827.0,11558.0,,
Yalova,yalova,2021,Marmara,Doğu Marmara,291001.0,16965.0,11564.0,5401.0,18.733925192637543,101754,0.3496689014814382,240071.0,3735.0,19004.0,40972.0,60024.0,41450.0,4489.0,685.0,0.0155578974553361,0.250026033964952,0.1726572555618962,0.0215519575458926,0.19420921310778894,TR425,2020-2021,129.33,82.32,47.01,32364.0,11557.0,20807.0,19333.0,13031.0,11121.611265940668,7150.147250353092
Yozgat,yozgat,2011,İç Anadolu,Orta Anadolu,,,,,,83730,,,,,,,,,,,,,,,TR723,2010-2011,67.73,30.42,37.31,19807.0,4965.0,14842.0,14727.0,5080.0,,
Yozgat,yozgat,2012,İç Anadolu,Orta Anadolu,,,,,,83316,,,,,,,,,,,,,,,TR723,2011-2012,74.53,33.12,41.42,21434.0,5223.0,16211.0,15807.0,5627.0,,
Yozgat,yozgat,2013,İç Anadolu,Orta Anadolu,,,,,,81325,,,,,,,,,,,,,,,TR723,2012-2013,79.69,34.29,45.39,21239.0,5627.0,15612.0,15563.0,5676.0,,
Yozgat,yozgat,2014,İç Anadolu,Orta Anadolu,,,,,,81106,,,,,,,,,,,,,,,TR723,2013-2014,93.66,45.88,47.78,21841.0,5676.0,16165.0,15707.0,6134.0,,
Yozgat,yozgat,2015,İç Anadolu,Orta Anadolu,,,,,,85294,,,,,,,,,,,,,,,TR723,2014-2015,97.94,50.01,47.93,22398.0,6134.0,16264.0,15978.0,6420.0,,
Yozgat,yozgat,2016,İç Anadolu,Orta Anadolu,,,,,,83625,,,,,,,,,,,,,,,TR723,2015-2016,102.57,54.35,48.22,24787.0,6420.0,18367.0,13538.0,11249.0,,
Yozgat,yozgat,2017,İç Anadolu,Orta Anadolu,,,,,,88507,,,,,,,,,,,,,,,TR723,2016-2017,100.17,53.58,46.59,31669.0,11249.0,20420.0,20184.0,11485.0,,
Yozgat,yozgat,2018,İç Anadolu,Orta Anadolu,,,,,,87432,,,,,,,,,,,,,,,TR723,2017-2018,115.11,67.54,47.57,30849.0,11486.0,19363.0,20553.0,10296.0,,
Yozgat,yozgat,2019,İç Anadolu,Orta Anadolu,,,,,,85527,,,,,,,,,,,,,,,TR723,2018-2019,115.54,66.99,48.54,29349.0,10295.0,19054.0,17943.0,11406.0,,
Yozgat,yozgat,2020,İç Anadolu,Orta Anadolu,,,,,,89198,,,,,,,,,,,,,,,TR723,2019-2020,116.74,69.64,47.1,27200.0,11406.0,15794.0,15078.0,12122.0,,
Yozgat,yozgat,2021,İç Anadolu,Orta Anadolu,418500.0,18320.0,22928.0,-4608.0,-10.950466250320815,91587,0.2188458781362007,379059.0,13011.0,38079.0,65485.0,78326.0,41484.0,4096.0,693.0,0.0343244719159814,0.2066327405496242,0.1094394276352757,0.0126339171474625,0.1220733447827383,TR723,2020-2021,127.05,76.55,50.5,30527.0,12121.0,18406.0,17700.0,12827.0,7294.384707287933,4398.088410991637
Zonguldak,zonguldak,2011,Karadeniz,Batı Karadeniz,,,,,,139794,,,,,,,,,,,,,,,TR811,2010-2011,91.23,47.85,43.38,32965.0,7579.0,25386.0,25648.0,7317.0,,
Zonguldak,zonguldak,2012,Karadeniz,Batı Karadeniz,,,,,,135254,,,,,,,,,,,,,,,TR811,2011-2012,97.09,49.73,47.36,32190.0,7317.0,24873.0,24738.0,7452.0,,
Zonguldak,zonguldak,2013,Karadeniz,Batı Karadeniz,,,,,,125348,,,,,,,,,,,,,,,TR811,2012-2013,99.31,49.6,49.71,33334.0,7452.0,25882.0,25083.0,8251.0,,
Zonguldak,zonguldak,2014,Karadeniz,Batı Karadeniz,,,,,,128260,,,,,,,,,,,,,,,TR811,2013-2014,109.71,57.44,52.27,33212.0,8251.0,24961.0,24629.0,8583.0,,
Zonguldak,zonguldak,2015,Karadeniz,Batı Karadeniz,,,,,,132899,,,,,,,,,,,,,,,TR811,2014-2015,112.63,56.93,55.7,33657.0,8583.0,25074.0,23061.0,10596.0,,
Zonguldak,zonguldak,2016,Karadeniz,Batı Karadeniz,,,,,,132059,,,,,,,,,,,,,,,TR811,2015-2016,114.48,60.41,54.07,36869.0,10596.0,26273.0,22340.0,14529.0,,
Zonguldak,zonguldak,2017,Karadeniz,Batı Karadeniz,,,,,,138418,,,,,,,,,,,,,,,TR811,2016-2017,111.6,58.97,52.63,43471.0,14529.0,28942.0,25462.0,18009.0,,
Zonguldak,zonguldak,2018,Karadeniz,Batı Karadeniz,,,,,,136719,,,,,,,,,,,,,,,TR811,2017-2018,111.45,52.46,59.0,49617.0,18010.0,31607.0,32828.0,16789.0,,
Zonguldak,zonguldak,2019,Karadeniz,Batı Karadeniz,,,,,,133438,,,,,,,,,,,,,,,TR811,2018-2019,111.26,56.85,54.41,47317.0,16789.0,30528.0,31440.0,15877.0,,
Zonguldak,zonguldak,2020,Karadeniz,Batı Karadeniz,,,,,,138165,,,,,,,,,,,,,,,TR811,2019-2020,112.33,61.56,50.77,41253.0,15877.0,25376.0,25358.0,15895.0,,
Zonguldak,zonguldak,2021,Karadeniz,Batı Karadeniz,589684.0,20883.0,21991.0,-1108.0,-1.877208854733176,144035,0.2442579415415714,551642.0,23958.0,44645.0,85226.0,125577.0,71381.0,6888.0,1178.0,0.0434303406919705,0.2276422027329318,0.1293973265269867,0.014621801820746,0.14401912834773276,TR811,2020-2021,122.96,69.95,53.01,43149.0,15895.0,27254.0,26262.0,16887.0,7317.308931563346,4621.797437271487
Çanakkale,canakkale,2011,Marmara,Batı Marmara,,,,,,123010,,,,,,,,,,,,,,,TR222,2010-2011,94.65,47.5,47.14,32534.0,10537.0,21997.0,20646.0,11888.0,,
Çanakkale,canakkale,2012,Marmara,Batı Marmara,,,,,,125507,,,,,,,,,,,,,,,TR222,2011-2012,95.83,48.89,46.94,36054.0,11888.0,24166.0,23495.0,12559.0,,
Çanakkale,canakkale,2013,Marmara,Batı Marmara,,,,,,127322,,,,,,,,,,,,,,,TR222,2012-2013,99.9,52.23,47.68,36865.0,12559.0,24306.0,22784.0,14081.0,,
Çanakkale,canakkale,2014,Marmara,Batı Marmara,,,,,,129029,,,,,,,,,,,,,,,TR222,2013-2014,108.28,61.91,46.37,39206.0,14081.0,25125.0,23557.0,15649.0,,
Çanakkale,canakkale,2015,Marmara,Batı Marmara,,,,,,137458,,,,,,,,,,,,,,,TR222,2014-2015,107.98,61.16,46.82,41257.0,15649.0,25608.0,25196.0,16061.0,,
Çanakkale,canakkale,2016,Marmara,Batı Marmara,,,,,,142916,,,,,,,,,,,,,,,TR222,2015-2016,110.59,64.31,46.27,41739.0,16061.0,25678.0,22742.0,18997.0,,
Çanakkale,canakkale,2017,Marmara,Batı Marmara,,,,,,151279,,,,,,,,,,,,,,,TR222,2016-2017,107.46,63.86,43.6,48680.0,18997.0,29683.0,25947.0,22733.0,,
Çanakkale,canakkale,2018,Marmara,Batı Marmara,,,,,,147390,,,,,,,,,,,,,,,TR222,2017-2018,110.27,55.28,54.99,53117.0,22733.0,30384.0,29513.0,23604.0,,
Çanakkale,canakkale,2019,Marmara,Batı Marmara,,,,,,148412,,,,,,,,,,,,,,,TR222,2018-2019,109.23,56.65,52.57,56031.0,23604.0,32427.0,32257.0,23774.0,,
Çanakkale,canakkale,2020,Marmara,Batı Marmara,,,,,,157044,,,,,,,,,,,,,,,TR222,2019-2020,111.24,60.84,50.4,52482.0,23774.0,28708.0,26772.0,25710.0,,
Çanakkale,canakkale,2021,Marmara,Batı Marmara,557276.0,31210.0,19429.0,11781.0,21.36617665861725,166160,0.2981646437312929,518657.0,5683.0,40138.0,73964.0,116682.0,90826.0,10005.0,2178.0,0.0109571450881796,0.2249694885058911,0.1751176596478983,0.0234895123366695,0.19860717198456784,TR222,2020-2021,123.41,67.5,55.9,59157.0,25710.0,33447.0,33954.0,25203.0,10615.38627179351,6001.87339845965
Çankırı,cankiri,2011,İç Anadolu,Batı Karadeniz,,,,,,39373,,,,,,,,,,,,,,,TR822,2010-2011,86.51,31.91,54.59,10339.0,2798.0,7541.0,7495.0,2844.0,,
Çankırı,cankiri,2012,İç Anadolu,Batı Karadeniz,,,,,,41279,,,,,,,,,,,,,,,TR822,2011-2012,92.37,35.03,57.35,10129.0,2844.0,7285.0,7310.0,2819.0,,
Çankırı,cankiri,2013,İç Anadolu,Batı Karadeniz,,,,,,40115,,,,,,,,,,,,,,,TR822,2012-2013,98.77,38.6,60.17,10074.0,2819.0,7255.0,7246.0,2828.0,,
Çankırı,cankiri,2014,İç Anadolu,Batı Karadeniz,,,,,,41973,,,,,,,,,,,,,,,TR822,2013-2014,98.54,45.42,53.12,10108.0,2828.0,7280.0,7128.0,2980.0,,
Çankırı,cankiri,2015,İç Anadolu,Batı Karadeniz,,,,,,44193,,,,,,,,,,,,,,,TR822,2014-2015,105.09,50.75,54.33,9985.0,2980.0,7005.0,6794.0,3191.0,,
Çankırı,cankiri,2016,İç Anadolu,Batı Karadeniz,,,,,,43861,,,,,,,,,,,,,,,TR822,2015-2016,108.35,55.71,52.64,12031.0,3191.0,8840.0,7660.0,4371.0,,
Çankırı,cankiri,2017,İç Anadolu,Batı Karadeniz,,,,,,47582,,,,,,,,,,,,,,,TR822,2016-2017,108.46,55.29,53.17,13112.0,4371.0,8741.0,7664.0,5448.0,,
Çankırı,cankiri,2018,İç Anadolu,Batı Karadeniz,,,,,,47333,,,,,,,,,,,,,,,TR822,2017-2018,113.28,53.1,60.18,13961.0,5448.0,8513.0,8742.0,5219.0,,
Çankırı,cankiri,2019,İç Anadolu,Batı Karadeniz,,,,,,44924,,,,,,,,,,,,,,,TR822,2018-2019,113.57,55.37,58.2,14235.0,5219.0,9016.0,8945.0,5290.0,,
Çankırı,cankiri,2020,İç Anadolu,Batı Karadeniz,,,,,,48479,,,,,,,,,,,,,,,TR822,2019-2020,116.2,60.8,55.4,13741.0,5290.0,8451.0,8530.0,5211.0,,
Çankırı,cankiri,2021,İç Anadolu,Batı Karadeniz,196515.0,15288.0,12457.0,2831.0,14.510544619540283,51615,0.262651705976643,177194.0,6038.0,14619.0,28589.0,40228.0,22389.0,2236.0,415.0,0.0340756459022314,0.2270280032055261,0.1263530367845412,0.014961003194239,0.1413140399787803,TR822,2020-2021,130.02,70.08,59.94,14294.0,5211.0,9083.0,9109.0,5185.0,7273.745006742488,4622.039030099483
Çorum,corum,2011,Karadeniz,Batı Karadeniz,,,,,,106384,,,,,,,,,,,,,,,TR833,2010-2011,80.6,44.96,35.64,28252.0,9234.0,19018.0,18341.0,9911.0,,
Çorum,corum,2012,Karadeniz,Batı Karadeniz,,,,,,104910,,,,,,,,,,,,,,,TR833,2011-2012,87.17,46.65,40.52,28295.0,9911.0,18384.0,18554.0,9741.0,,
Çorum,corum,2013,Karadeniz,Batı Karadeniz,,,,,,103661,,,,,,,,,,,,,,,TR833,2012-2013,90.14,48.44,41.7,29254.0,9741.0,19513.0,20022.0,9232.0,,
Çorum,corum,2014,Karadeniz,Batı Karadeniz,,,,,,102142,,,,,,,,,,,,,,,TR833,2013-2014,103.08,55.16,47.91,29317.0,9232.0,20085.0,20497.0,8820.0,,
Çorum,corum,2015,Karadeniz,Batı Karadeniz,,,,,,106599,,,,,,,,,,,,,,,TR833,2014-2015,109.46,58.91,50.55,29438.0,8820.0,20618.0,20764.0,8674.0,,
Çorum,corum,2016,Karadeniz,Batı Karadeniz,,,,,,113724,,,,,,,,,,,,,,,TR833,2015-2016,113.8,63.33,50.48,29487.0,8674.0,20813.0,17514.0,11973.0,,
Çorum,corum,2017,Karadeniz,Batı Karadeniz,,,,,,118315,,,,,,,,,,,,,,,TR833,2016-2017,112.24,63.8,48.45,35687.0,11973.0,23714.0,21027.0,14660.0,,
Çorum,corum,2018,Karadeniz,Batı Karadeniz,,,,,,113303,,,,,,,,,,,,,,,TR833,2017-2018,118.15,67.12,51.03,39983.0,14660.0,25323.0,24883.0,15100.0,,
Çorum,corum,2019,Karadeniz,Batı Karadeniz,,,,,,108399,,,,,,,,,,,,,,,TR833,2018-2019,119.98,73.22,46.76,41129.0,15101.0,26028.0,25714.0,15415.0,,
Çorum,corum,2020,Karadeniz,Batı Karadeniz,,,,,,114215,,,,,,,,,,,,,,,TR833,2019-2020,121.56,78.89,42.67,41330.0,15415.0,25915.0,21790.0,19540.0,,
Çorum,corum,2021,Karadeniz,Batı Karadeniz,526282.0,18029.0,22011.0,-3982.0,-7.537769297314078,117697,0.22363865760181803,482130.0,18802.0,50748.0,79285.0,91161.0,59098.0,5735.0,924.0,0.0389977806815589,0.1890797087922344,0.1225768983469188,0.0138116275693277,0.13638852591624664,TR833,2020-2021,135.51,91.69,43.81,47917.0,19541.0,28376.0,26336.0,21581.0,9104.814529092768,5391.786152671001
İstanbul,istanbul,2011,Marmara,İstanbul,,,,,,4181462,,,,,,,,,,,,,,,TR100,2010-2011,97.05,57.48,39.57,1709431.0,1045616.0,663815.0,611733.0,1097698.0,,
İstanbul,istanbul,2012,Marmara,İstanbul,,,,,,4535637,,,,,,,,,,,,,,,TR100,2011-2012,102.76,60.97,41.79,1746437.0,1097667.0,648770.0,578135.0,1168302.0,,
İstanbul,istanbul,2013,Marmara,İstanbul,,,,,,4757836,,,,,,,,,,,,,,,TR100,2012-2013,106.35,62.64,43.71,1818783.0,1168307.0,650476.0,594803.0,1223980.0,,
İstanbul,istanbul,2014,Marmara,İstanbul,,,,,,5063036,,,,,,,,,,,,,,,TR100,2013-2014,117.06,62.5,54.56,1877707.0,1226072.0,651635.0,661539.0,1216168.0,,
İstanbul,istanbul,2015,Marmara,İstanbul,,,,,,5233496,,,,,,,,,,,,,,,TR100,2014-2015,117.91,58.02,59.89,1858130.0,1216169.0,641961.0,647173.0,1210957.0,,
İstanbul,istanbul,2016,Marmara,İstanbul,,,,,,5194737,,,,,,,,,,,,,,,TR100,2015-2016,121.31,60.59,60.72,1848675.0,1210957.0,637718.0,587688.0,1260987.0,,
İstanbul,istanbul,2017,Marmara,İstanbul,,,,,,5350911,,,,,,,,,,,,,,,TR100,2016-2017,118.27,59.2,59.07,2014392.0,1260971.0,753421.0,633517.0,1380875.0,,
İstanbul,istanbul,2018,Marmara,İstanbul,,,,,,5291838,,,,,,,,,,,,,,,TR100,2017-2018,118.52,59.27,59.25,2191510.0,1380881.0,810629.0,748747.0,1442763.0,,
İstanbul,istanbul,2019,Marmara,İstanbul,,,,,,5338602,,,,,,,,,,,,,,,TR100,2018-2019,120.15,66.13,54.02,2243323.0,1442784.0,800539.0,784618.0,1458705.0,,
İstanbul,istanbul,2020,Marmara,İstanbul,,,,,,5649571,,,,,,,,,,,,,,,TR100,2019-2020,121.32,71.14,50.18,2197808.0,1458710.0,739098.0,661068.0,1536740.0,,
İstanbul,istanbul,2021,Marmara,İstanbul,15840900.0,385328.0,408165.0,-22837.0,-1.4406094603764112,5999959,0.37876376973530546,13859004.0,222814.0,1165968.0,2401597.0,3224668.0,2586331.0,370978.0,58231.0,0.0160772015074099,0.2326767493537053,0.1866173788534876,0.0309696858446682,0.2175870646981558,TR100,2020-2021,136.12,83.72,52.4,2378387.0,1536743.0,841644.0,836525.0,1541862.0,15014.216363969219,5313.107209817624
İzmir,izmir,2011,Ege,Ege,,,,,,1061805,,,,,,,,,,,,,,,TR310,2010-2011,95.63,52.28,43.35,415053.0,228594.0,186459.0,187576.0,227477.0,,
İzmir,izmir,2012,Ege,Ege,,,,,,1085711,,,,,,,,,,,,,,,TR310,2011-2012,101.45,53.58,47.87,425927.0,227514.0,198413.0,182376.0,243551.0,,
İzmir,izmir,2013,Ege,Ege,,,,,,1120182,,,,,,,,,,,,,,,TR310,2012-2013,102.58,54.45,48.13,445404.0,243551.0,201853.0,208908.0,236496.0,,
İzmir,izmir,2014,Ege,Ege,,,,,,1167463,,,,,,,,,,,,,,,TR310,2013-2014,111.98,58.38,53.6,435465.0,237122.0,198343.0,203546.0,231919.0,,
İzmir,izmir,2015,Ege,Ege,,,,,,1211730,,,,,,,,,,,,,,,TR310,2014-2015,114.6,59.78,54.82,435150.0,231919.0,203231.0,204823.0,230327.0,,
İzmir,izmir,2016,Ege,Ege,,,,,,1266538,,,,,,,,,,,,,,,TR310,2015-2016,119.56,65.31,54.24,439205.0,230328.0,208877.0,193481.0,245724.0,,
İzmir,izmir,2017,Ege,Ege,,,,,,1336119,,,,,,,,,,,,,,,TR310,2016-2017,117.06,65.04,52.02,488195.0,245722.0,242473.0,210961.0,277234.0,,
İzmir,izmir,2018,Ege,Ege,,,,,,1316506,,,,,,,,,,,,,,,TR310,2017-2018,113.41,56.13,57.28,540161.0,277240.0,262921.0,244963.0,295198.0,,
İzmir,izmir,2019,Ege,Ege,,,,,,1301506,,,,,,,,,,,,,,,TR310,2018-2019,113.08,60.22,52.86,549943.0,295200.0,254743.0,255192.0,294751.0,,
İzmir,izmir,2020,Ege,Ege,,,,,,1368884,,,,,,,,,,,,,,,TR310,2019-2020,114.24,64.73,49.51,543824.0,294752.0,249072.0,237411.0,306413.0,,
İzmir,izmir,2021,Ege,Ege,4425789.0,131394.0,109470.0,21924.0,4.965993004935414,1454529,0.3286485189420463,4093037.0,48598.0,334624.0,670082.0,967679.0,769101.0,89885.0,17095.0,0.0118733351298803,0.2364207799734036,0.1879047269790134,0.0261370713238116,0.21404179830282502,TR310,2020-2021,124.67,72.87,51.8,611955.0,306414.0,305541.0,289353.0,322602.0,13827.026096363834,6903.650399962583
Şanlıurfa,sanliurfa,2011,Güneydoğu Anadolu,Güneydoğu Anadolu,,,,,,180489,,,,,,,,,,,,,,,TRC21,2010-2011,46.39,32.57,13.82,75301.0,22363.0,52938.0,48179.0,27122.0,,
Şanlıurfa,sanliurfa,2012,Güneydoğu Anadolu,Güneydoğu Anadolu,,,,,,201867,,,,,,,,,,,,,,,TRC21,2011-2012,51.97,36.54,15.43,82350.0,27122.0,55228.0,49406.0,32944.0,,
Şanlıurfa,sanliurfa,2013,Güneydoğu Anadolu,Güneydoğu Anadolu,,,,,,202769,,,,,,,,,,,,,,,TRC21,2012-2013,57.62,38.84,18.78,89661.0,32944.0,56717.0,48822.0,40839.0,,
Şanlıurfa,sanliurfa,2014,Güneydoğu Anadolu,Güneydoğu Anadolu,,,,,,216709,,,,,,,,,,,,,,,TRC21,2013-2014,75.01,43.69,31.32,96391.0,40839.0,55552.0,51294.0,45097.0,,
Şanlıurfa,sanliurfa,2015,Güneydoğu Anadolu,Güneydoğu Anadolu,,,,,,239882,,,,,,,,,,,,,,,TRC21,2014-2015,82.13,41.8,40.32,105651.0,45097.0,60554.0,49350.0,56301.0,,
Şanlıurfa,sanliurfa,2016,Güneydoğu Anadolu,Güneydoğu Anadolu,,,,,,242156,,,,,,,,,,,,,,,TRC21,2015-2016,84.53,45.63,38.9,119507.0,56301.0,63206.0,46448.0,73059.0,,
Şanlıurfa,sanliurfa,2017,Güneydoğu Anadolu,Güneydoğu Anadolu,,,,,,264380,,,,,,,,,,,,,,,TRC21,2016-2017,79.27,42.95,36.32,146888.0,73059.0,73829.0,64818.0,82070.0,,
Şanlıurfa,sanliurfa,2018,Güneydoğu Anadolu,Güneydoğu Anadolu,,,,,,268749,,,,,,,,,,,,,,,TRC21,2017-2018,107.21,49.05,58.16,164101.0,82072.0,82029.0,76039.0,88062.0,,
Şanlıurfa,sanliurfa,2019,Güneydoğu Anadolu,Güneydoğu Anadolu,,,,,,268778,,,,,,,,,,,,,,,TRC21,2018-2019,108.15,51.28,56.88,176238.0,88061.0,88177.0,86185.0,90053.0,,
Şanlıurfa,sanliurfa,2020,Güneydoğu Anadolu,Güneydoğu Anadolu,,,,,,300533,,,,,,,,,,,,,,,TRC21,2019-2020,108.37,57.66,50.71,163495.0,90053.0,73442.0,74261.0,89234.0,,
Şanlıurfa,sanliurfa,2021,Güneydoğu Anadolu,Güneydoğu Anadolu,2143020.0,40371.0,66987.0,-26616.0,-12.343205671864393,330461,0.15420341387387893,1780304.0,111571.0,334409.0,432556.0,245872.0,131215.0,15256.0,1488.0,0.0626696339501568,0.1381067503078126,0.0737037045358545,0.0094051353027348,0.08310883983858937,TRC21,2020-2021,123.53,69.01,54.53,190046.0,89234.0,100812.0,99166.0,90880.0,8868.139354742372,4704.202480611473
Şırnak,sirnak,2011,Güneydoğu Anadolu,Güneydoğu Anadolu,,,,,,46463,,,,,,,,,,,,,,,TRC33,2010-2011,53.61,37.66,15.94,18009.0,5212.0,12797.0,12385.0,5624.0,,
Şırnak,sirnak,2012,Güneydoğu Anadolu,Güneydoğu Anadolu,,,,,,51201,,,,,,,,,,,,,,,TRC33,2011-2012,60.15,42.06,18.09,18551.0,5624.0,12927.0,11891.0,6660.0,,
Şırnak,sirnak,2013,Güneydoğu Anadolu,Güneydoğu Anadolu,,,,,,53794,,,,,,,,,,,,,,,TRC33,2012-2013,67.5,45.6,21.9,20790.0,6660.0,14130.0,12523.0,8267.0,,
Şırnak,sirnak,2014,Güneydoğu Anadolu,Güneydoğu Anadolu,,,,,,56849,,,,,,,,,,,,,,,TRC33,2013-2014,86.6,54.34,32.27,25951.0,8267.0,17684.0,13064.0,12887.0,,
Şırnak,sirnak,2015,Güneydoğu Anadolu,Güneydoğu Anadolu,,,,,,49571,,,,,,,,,,,,,,,TRC33,2014-2015,94.58,43.5,51.07,27122.0,12887.0,14235.0,11693.0,15429.0,,
Şırnak,sirnak,2016,Güneydoğu Anadolu,Güneydoğu Anadolu,,,,,,69916,,,,,,,,,,,,,,,TRC33,2015-2016,90.42,43.07,47.35,37391.0,15428.0,21963.0,13819.0,23572.0,,
Şırnak,sirnak,2017,Güneydoğu Anadolu,Güneydoğu Anadolu,,,,,,86465,,,,,,,,,,,,,,,TRC33,2016-2017,79.68,36.22,43.46,49261.0,23572.0,25689.0,23432.0,25829.0,,
Şırnak,sirnak,2018,Güneydoğu Anadolu,Güneydoğu Anadolu,,,,,,89195,,,,,,,,,,,,,,,TRC33,2017-2018,107.88,50.08,57.8,51100.0,25830.0,25270.0,26876.0,24224.0,,
Şırnak,sirnak,2019,Güneydoğu Anadolu,Güneydoğu Anadolu,,,,,,90818,,,,,,,,,,,,,,,TRC33,2018-2019,105.97,52.82,53.15,46462.0,24224.0,22238.0,21792.0,24670.0,,
Şırnak,sirnak,2020,Güneydoğu Anadolu,Güneydoğu Anadolu,,,,,,100624,,,,,,,,,,,,,,,TRC33,2019-2020,110.82,59.3,51.52,44182.0,24669.0,19513.0,15887.0,28295.0,,
Şırnak,sirnak,2021,Güneydoğu Anadolu,Güneydoğu Anadolu,546589.0,17072.0,20431.0,-3359.0,-6.126560252868805,107885,0.19737865196701726,466947.0,24251.0,71121.0,125648.0,90890.0,43109.0,4277.0,255.0,0.0519352303366334,0.1946473582654991,0.092320970045851,0.0097055982798904,0.10202656832574146,TRC33,2020-2021,124.36,67.1,57.26,51729.0,28294.0,23435.0,24283.0,27446.0,9463.966526951695,4287.499382534226
