province,year,active_insured_total,category,indicator,unit,geographical_region,statistical_region
Adana,2009,331826,Aktif Sigortalılar,"01.Toplam Aktif Sigortalı (4a, 4b, 4c)",Kişi,Akdeniz,Akdeniz
Adana,2010,359501,Aktif Sigortalılar,"01.Toplam Aktif Sigortalı (4a, 4b, 4c)",Kişi,Akdeniz,Akdeniz
Adana,2011,395819,Aktif Sigortalılar,"01.Toplam Aktif Sigortalı (4a, 4b, 4c)",Kişi,Akdeniz,Akdeniz
Adana,2012,409450,Aktif Sigortalılar,"01.Toplam Aktif Sigortalı (4a, 4b, 4c)",Kişi,Akdeniz,Akdeniz
Adana,2013,431585,Aktif Sigortalılar,"01.Toplam Aktif Sigortalı (4a, 4b, 4c)",Kişi,Akdeniz,Akdeniz
Adana,2014,454816,Aktif Sigortalılar,"01.Toplam Aktif Sigortalı (4a, 4b, 4c)",Kişi,Akdeniz,Akdeniz
Adana,2015,476002,Aktif Sigortalılar,"01.Toplam Aktif Sigortalı (4a, 4b, 4c)",Kişi,Akdeniz,Akdeniz
Adana,2016,496007,Aktif Sigortalılar,"01.Toplam Aktif Sigortalı (4a, 4b, 4c)",Kişi,Akdeniz,Akdeniz
Adana,2017,518239,Aktif Sigortalılar,"01.Toplam Aktif Sigortalı (4a, 4b, 4c)",Kişi,Akdeniz,Akdeniz
Adana,2018,505842,Aktif Sigortalılar,"01.Toplam Aktif Sigortalı (4a, 4b, 4c)",Kişi,Akdeniz,Akdeniz
Adana,2019,492260,Aktif Sigortalılar,"01.Toplam Aktif Sigortalı (4a, 4b, 4c)",Kişi,Akdeniz,Akdeniz
Adana,2020,521356,Aktif Sigortalılar,"01.Toplam Aktif Sigortalı (4a, 4b, 4c)",Kişi,Akdeniz,Akdeniz
Adana,2021,548478,Aktif Sigortalılar,"01.Toplam Aktif Sigortalı (4a, 4b, 4c)",Kişi,Akdeniz,Akdeniz
Adana,2022,597862,Aktif Sigortalılar,"01.Toplam Aktif Sigortalı (4a, 4b, 4c)",Kişi,Akdeniz,Akdeniz
Adana,2023,581893,Aktif Sigortalılar,"01.Toplam Aktif Sigortalı (4a, 4b, 4c)",Kişi,Akdeniz,Akdeniz
Adana,2024,582568,Aktif Sigortalılar,"01.Toplam Aktif Sigortalı (4a, 4b, 4c)",Kişi,Akdeniz,Akdeniz
Adıyaman,2009,65853,Aktif Sigortalılar,"01.Toplam Aktif Sigortalı (4a, 4b, 4c)",Kişi,Güneydoğu Anadolu,Güneydoğu Anadolu
Adıyaman,2010,74676,Aktif Sigortalılar,"01.Toplam Aktif Sigortalı (4a, 4b, 4c)",Kişi,Güneydoğu Anadolu,Güneydoğu Anadolu
Adıyaman,2011,81411,Aktif Sigortalılar,"01.Toplam Aktif Sigortalı (4a, 4b, 4c)",Kişi,Güneydoğu Anadolu,Güneydoğu Anadolu
Adıyaman,2012,82654,Aktif Sigortalılar,"01.Toplam Aktif Sigortalı (4a, 4b, 4c)",Kişi,Güneydoğu Anadolu,Güneydoğu Anadolu
Adıyaman,2013,82404,Aktif Sigortalılar,"01.Toplam Aktif Sigortalı (4a, 4b, 4c)",Kişi,Güneydoğu Anadolu,Güneydoğu Anadolu
Adıyaman,2014,85726,Aktif Sigortalılar,"01.Toplam Aktif Sigortalı (4a, 4b, 4c)",Kişi,Güneydoğu Anadolu,Güneydoğu Anadolu
Adıyaman,2015,92680,Aktif Sigortalılar,"01.Toplam Aktif Sigortalı (4a, 4b, 4c)",Kişi,Güneydoğu Anadolu,Güneydoğu Anadolu
Adıyaman,2016,98920,Aktif Sigortalılar,"01.Toplam Aktif Sigortalı (4a, 4b, 4c)",Kişi,Güneydoğu Anadolu,Güneydoğu Anadolu
Adıyaman,2017,108171,Aktif Sigortalılar,"01.Toplam Aktif Sigortalı (4a, 4b, 4c)",Kişi,Güneydoğu Anadolu,Güneydoğu Anadolu
Adıyaman,2018,108193,Aktif Sigortalılar,"01.Toplam Aktif Sigortalı (4a, 4b, 4c)",Kişi,Güneydoğu Anadolu,Güneydoğu Anadolu
Adıyaman,2019,107325,Aktif Sigortalılar,"01.Toplam Aktif Sigortalı (4a, 4b, 4c)",Kişi,Güneydoğu Anadolu,Güneydoğu Anadolu
Adıyaman,2020,115334,Aktif Sigortalılar,"01.Toplam Aktif Sigortalı (4a, 4b, 4c)",Kişi,Güneydoğu Anadolu,Güneydoğu Anadolu
Adıyaman,2021,123525,Aktif Sigortalılar,"01.Toplam Aktif Sigortalı (4a, 4b, 4c)",Kişi,Güneydoğu Anadolu,Güneydoğu Anadolu
Adıyaman,2022,137600,Aktif Sigortalılar,"01.Toplam Aktif Sigortalı (4a, 4b, 4c)",Kişi,Güneydoğu Anadolu,Güneydoğu Anadolu
Adıyaman,2023,141735,Aktif Sigortalılar,"01.Toplam Aktif Sigortalı (4a, 4b, 4c)",Kişi,Güneydoğu Anadolu,Güneydoğu Anadolu
Adıyaman,2024,159202,Aktif Sigortalılar,"01.Toplam Aktif Sigortalı (4a, 4b, 4c)",Kişi,Güneydoğu Anadolu,Güneydoğu Anadolu
Afyonkarahisar,2009,126692,Aktif Sigortalılar,"01.Toplam Aktif Sigortalı (4a, 4b, 4c)",Kişi,Ege,Ege
Afyonkarahisar,2010,134876,Aktif Sigortalılar,"01.Toplam Aktif Sigortalı (4a, 4b, 4c)",Kişi,Ege,Ege
Afyonkarahisar,2011,143551,Aktif Sigortalılar,"01.Toplam Aktif Sigortalı (4a, 4b, 4c)",Kişi,Ege,Ege
Afyonkarahisar,2012,145548,Aktif Sigortalılar,"01.Toplam Aktif Sigortalı (4a, 4b, 4c)",Kişi,Ege,Ege
Afyonkarahisar,2013,145474,Aktif Sigortalılar,"01.Toplam Aktif Sigortalı (4a, 4b, 4c)",Kişi,Ege,Ege
Afyonkarahisar,2014,152608,Aktif Sigortalılar,"01.Toplam Aktif Sigortalı (4a, 4b, 4c)",Kişi,Ege,Ege
Afyonkarahisar,2015,160345,Aktif Sigortalılar,"01.Toplam Aktif Sigortalı (4a, 4b, 4c)",Kişi,Ege,Ege
Afyonkarahisar,2016,166664,Aktif Sigortalılar,"01.Toplam Aktif Sigortalı (4a, 4b, 4c)",Kişi,Ege,Ege
Afyonkarahisar,2017,175024,Aktif Sigortalılar,"01.Toplam Aktif Sigortalı (4a, 4b, 4c)",Kişi,Ege,Ege
Afyonkarahisar,2018,172200,Aktif Sigortalılar,"01.Toplam Aktif Sigortalı (4a, 4b, 4c)",Kişi,Ege,Ege
Afyonkarahisar,2019,170045,Aktif Sigortalılar,"01.Toplam Aktif Sigortalı (4a, 4b, 4c)",Kişi,Ege,Ege
Afyonkarahisar,2020,181378,Aktif Sigortalılar,"01.Toplam Aktif Sigortalı (4a, 4b, 4c)",Kişi,Ege,Ege
Afyonkarahisar,2021,188652,Aktif Sigortalılar,"01.Toplam Aktif Sigortalı (4a, 4b, 4c)",Kişi,Ege,Ege
Afyonkarahisar,2022,198392,Aktif Sigortalılar,"01.Toplam Aktif Sigortalı (4a, 4b, 4c)",Kişi,Ege,Ege
Afyonkarahisar,2023,190001,Aktif Sigortalılar,"01.Toplam Aktif Sigortalı (4a, 4b, 4c)",Kişi,Ege,Ege
Afyonkarahisar,2024,194190,Aktif Sigortalılar,"01.Toplam Aktif Sigortalı (4a, 4b, 4c)",Kişi,Ege,Ege
Aksaray,2009,62117,Aktif Sigortalılar,"01.Toplam Aktif Sigortalı (4a, 4b, 4c)",Kişi,İç Anadolu,Orta Anadolu
Aksaray,2010,67639,Aktif Sigortalılar,"01.Toplam Aktif Sigortalı (4a, 4b, 4c)",Kişi,İç Anadolu,Orta Anadolu
Aksaray,2011,73400,Aktif Sigortalılar,"01.Toplam Aktif Sigortalı (4a, 4b, 4c)",Kişi,İç Anadolu,Orta Anadolu
Aksaray,2012,75850,Aktif Sigortalılar,"01.Toplam Aktif Sigortalı (4a, 4b, 4c)",Kişi,İç Anadolu,Orta Anadolu
Aksaray,2013,74185,Aktif Sigortalılar,"01.Toplam Aktif Sigortalı (4a, 4b, 4c)",Kişi,İç Anadolu,Orta Anadolu
Aksaray,2014,78340,Aktif Sigortalılar,"01.Toplam Aktif Sigortalı (4a, 4b, 4c)",Kişi,İç Anadolu,Orta Anadolu
Aksaray,2015,83854,Aktif Sigortalılar,"01.Toplam Aktif Sigortalı (4a, 4b, 4c)",Kişi,İç Anadolu,Orta Anadolu
Aksaray,2016,86304,Aktif Sigortalılar,"01.Toplam Aktif Sigortalı (4a, 4b, 4c)",Kişi,İç Anadolu,Orta Anadolu
Aksaray,2017,93052,Aktif Sigortalılar,"01.Toplam Aktif Sigortalı (4a, 4b, 4c)",Kişi,İç Anadolu,Orta Anadolu
Aksaray,2018,94553,Aktif Sigortalılar,"01.Toplam Aktif Sigortalı (4a, 4b, 4c)",Kişi,İç Anadolu,Orta Anadolu
Aksaray,2019,92891,Aktif Sigortalılar,"01.Toplam Aktif Sigortalı (4a, 4b, 4c)",Kişi,İç Anadolu,Orta Anadolu
Aksaray,2020,98919,Aktif Sigortalılar,"01.Toplam Aktif Sigortalı (4a, 4b, 4c)",Kişi,İç Anadolu,Orta Anadolu
Aksaray,2021,105414,Aktif Sigortalılar,"01.Toplam Aktif Sigortalı (4a, 4b, 4c)",Kişi,İç Anadolu,Orta Anadolu
Aksaray,2022,111787,Aktif Sigortalılar,"01.Toplam Aktif Sigortalı (4a, 4b, 4c)",Kişi,İç Anadolu,Orta Anadolu
Aksaray,2023,108546,Aktif Sigortalılar,"01.Toplam Aktif Sigortalı (4a, 4b, 4c)",Kişi,İç Anadolu,Orta Anadolu
Aksaray,2024,114078,Aktif Sigortalılar,"01.Toplam Aktif Sigortalı (4a, 4b, 4c)",Kişi,İç Anadolu,Orta Anadolu
Amasya,2009,62865,Aktif Sigortalılar,"01.Toplam Aktif Sigortalı (4a, 4b, 4c)",Kişi,Karadeniz,Batı Karadeniz
Amasya,2010,70237,Aktif Sigortalılar,"01.Toplam Aktif Sigortalı (4a, 4b, 4c)",Kişi,Karadeniz,Batı Karadeniz
Amasya,2011,69404,Aktif Sigortalılar,"01.Toplam Aktif Sigortalı (4a, 4b, 4c)",Kişi,Karadeniz,Batı Karadeniz
Amasya,2012,70507,Aktif Sigortalılar,"01.Toplam Aktif Sigortalı (4a, 4b, 4c)",Kişi,Karadeniz,Batı Karadeniz
Amasya,2013,70632,Aktif Sigortalılar,"01.Toplam Aktif Sigortalı (4a, 4b, 4c)",Kişi,Karadeniz,Batı Karadeniz
Amasya,2014,72297,Aktif Sigortalılar,"01.Toplam Aktif Sigortalı (4a, 4b, 4c)",Kişi,Karadeniz,Batı Karadeniz
Amasya,2015,75699,Aktif Sigortalılar,"01.Toplam Aktif Sigortalı (4a, 4b, 4c)",Kişi,Karadeniz,Batı Karadeniz
Amasya,2016,77489,Aktif Sigortalılar,"01.Toplam Aktif Sigortalı (4a, 4b, 4c)",Kişi,Karadeniz,Batı Karadeniz
Amasya,2017,82253,Aktif Sigortalılar,"01.Toplam Aktif Sigortalı (4a, 4b, 4c)",Kişi,Karadeniz,Batı Karadeniz
Amasya,2018,78933,Aktif Sigortalılar,"01.Toplam Aktif Sigortalı (4a, 4b, 4c)",Kişi,Karadeniz,Batı Karadeniz
Amasya,2019,76353,Aktif Sigortalılar,"01.Toplam Aktif Sigortalı (4a, 4b, 4c)",Kişi,Karadeniz,Batı Karadeniz
Amasya,2020,81032,Aktif Sigortalılar,"01.Toplam Aktif Sigortalı (4a, 4b, 4c)",Kişi,Karadeniz,Batı Karadeniz
Amasya,2021,85548,Aktif Sigortalılar,"01.Toplam Aktif Sigortalı (4a, 4b, 4c)",Kişi,Karadeniz,Batı Karadeniz
Amasya,2022,93373,Aktif Sigortalılar,"01.Toplam Aktif Sigortalı (4a, 4b, 4c)",Kişi,Karadeniz,Batı Karadeniz
Amasya,2023,88394,Aktif Sigortalılar,"01.Toplam Aktif Sigortalı (4a, 4b, 4c)",Kişi,Karadeniz,Batı Karadeniz
Amasya,2024,86379,Aktif Sigortalılar,"01.Toplam Aktif Sigortalı (4a, 4b, 4c)",Kişi,Karadeniz,Batı Karadeniz
Ankara,2009,1370495,Aktif Sigortalılar,"01.Toplam Aktif Sigortalı (4a, 4b, 4c)",Kişi,İç Anadolu,Batı Anadolu
Ankara,2010,1441010,Aktif Sigortalılar,"01.Toplam Aktif Sigortalı (4a, 4b, 4c)",Kişi,İç Anadolu,Batı Anadolu
Ankara,2011,1535797,Aktif Sigortalılar,"01.Toplam Aktif Sigortalı (4a, 4b, 4c)",Kişi,İç Anadolu,Batı Anadolu
Ankara,2012,1649056,Aktif Sigortalılar,"01.Toplam Aktif Sigortalı (4a, 4b, 4c)",Kişi,İç Anadolu,Batı Anadolu
Ankara,2013,1700676,Aktif Sigortalılar,"01.Toplam Aktif Sigortalı (4a, 4b, 4c)",Kişi,İç Anadolu,Batı Anadolu
Ankara,2014,1803065,Aktif Sigortalılar,"01.Toplam Aktif Sigortalı (4a, 4b, 4c)",Kişi,İç Anadolu,Batı Anadolu
Ankara,2015,1961998,Aktif Sigortalılar,"01.Toplam Aktif Sigortalı (4a, 4b, 4c)",Kişi,İç Anadolu,Batı Anadolu
Ankara,2016,1850345,Aktif Sigortalılar,"01.Toplam Aktif Sigortalı (4a, 4b, 4c)",Kişi,İç Anadolu,Batı Anadolu
Ankara,2017,1914046,Aktif Sigortalılar,"01.Toplam Aktif Sigortalı (4a, 4b, 4c)",Kişi,İç Anadolu,Batı Anadolu
Ankara,2018,1930853,Aktif Sigortalılar,"01.Toplam Aktif Sigortalı (4a, 4b, 4c)",Kişi,İç Anadolu,Batı Anadolu
Ankara,2019,1944518,Aktif Sigortalılar,"01.Toplam Aktif Sigortalı (4a, 4b, 4c)",Kişi,İç Anadolu,Batı Anadolu
Ankara,2020,1991691,Aktif Sigortalılar,"01.Toplam Aktif Sigortalı (4a, 4b, 4c)",Kişi,İç Anadolu,Batı Anadolu
Ankara,2021,2085635,Aktif Sigortalılar,"01.Toplam Aktif Sigortalı (4a, 4b, 4c)",Kişi,İç Anadolu,Batı Anadolu
Ankara,2022,2082642,Aktif Sigortalılar,"01.Toplam Aktif Sigortalı (4a, 4b, 4c)",Kişi,İç Anadolu,Batı Anadolu
Ankara,2023,2034354,Aktif Sigortalılar,"01.Toplam Aktif Sigortalı (4a, 4b, 4c)",Kişi,İç Anadolu,Batı Anadolu
Ankara,2024,2061651,Aktif Sigortalılar,"01.Toplam Aktif Sigortalı (4a, 4b, 4c)",Kişi,İç Anadolu,Batı Anadolu
Antalya,2009,488463,Aktif Sigortalılar,"01.Toplam Aktif Sigortalı (4a, 4b, 4c)",Kişi,Akdeniz,Akdeniz
Antalya,2010,524424,Aktif Sigortalılar,"01.Toplam Aktif Sigortalı (4a, 4b, 4c)",Kişi,Akdeniz,Akdeniz
Antalya,2011,571760,Aktif Sigortalılar,"01.Toplam Aktif Sigortalı (4a, 4b, 4c)",Kişi,Akdeniz,Akdeniz
Antalya,2012,606187,Aktif Sigortalılar,"01.Toplam Aktif Sigortalı (4a, 4b, 4c)",Kişi,Akdeniz,Akdeniz
Antalya,2013,639172,Aktif Sigortalılar,"01.Toplam Aktif Sigortalı (4a, 4b, 4c)",Kişi,Akdeniz,Akdeniz
Antalya,2014,679320,Aktif Sigortalılar,"01.Toplam Aktif Sigortalı (4a, 4b, 4c)",Kişi,Akdeniz,Akdeniz
Antalya,2015,697160,Aktif Sigortalılar,"01.Toplam Aktif Sigortalı (4a, 4b, 4c)",Kişi,Akdeniz,Akdeniz
Antalya,2016,672864,Aktif Sigortalılar,"01.Toplam Aktif Sigortalı (4a, 4b, 4c)",Kişi,Akdeniz,Akdeniz
Antalya,2017,712828,Aktif Sigortalılar,"01.Toplam Aktif Sigortalı (4a, 4b, 4c)",Kişi,Akdeniz,Akdeniz
Antalya,2018,732295,Aktif Sigortalılar,"01.Toplam Aktif Sigortalı (4a, 4b, 4c)",Kişi,Akdeniz,Akdeniz
Antalya,2019,748235,Aktif Sigortalılar,"01.Toplam Aktif Sigortalı (4a, 4b, 4c)",Kişi,Akdeniz,Akdeniz
Antalya,2020,760751,Aktif Sigortalılar,"01.Toplam Aktif Sigortalı (4a, 4b, 4c)",Kişi,Akdeniz,Akdeniz
Antalya,2021,830157,Aktif Sigortalılar,"01.Toplam Aktif Sigortalı (4a, 4b, 4c)",Kişi,Akdeniz,Akdeniz
Antalya,2022,929464,Aktif Sigortalılar,"01.Toplam Aktif Sigortalı (4a, 4b, 4c)",Kişi,Akdeniz,Akdeniz
Antalya,2023,924562,Aktif Sigortalılar,"01.Toplam Aktif Sigortalı (4a, 4b, 4c)",Kişi,Akdeniz,Akdeniz
Antalya,2024,931103,Aktif Sigortalılar,"01.Toplam Aktif Sigortalı (4a, 4b, 4c)",Kişi,Akdeniz,Akdeniz
Ardahan,2009,14274,Aktif Sigortalılar,"01.Toplam Aktif Sigortalı (4a, 4b, 4c)",Kişi,Doğu Anadolu,Kuzeydoğu Anadolu
Ardahan,2010,16484,Aktif Sigortalılar,"01.Toplam Aktif Sigortalı (4a, 4b, 4c)",Kişi,Doğu Anadolu,Kuzeydoğu Anadolu
Ardahan,2011,16512,Aktif Sigortalılar,"01.Toplam Aktif Sigortalı (4a, 4b, 4c)",Kişi,Doğu Anadolu,Kuzeydoğu Anadolu
Ardahan,2012,19426,Aktif Sigortalılar,"01.Toplam Aktif Sigortalı (4a, 4b, 4c)",Kişi,Doğu Anadolu,Kuzeydoğu Anadolu
Ardahan,2013,18245,Aktif Sigortalılar,"01.Toplam Aktif Sigortalı (4a, 4b, 4c)",Kişi,Doğu Anadolu,Kuzeydoğu Anadolu
Ardahan,2014,18538,Aktif Sigortalılar,"01.Toplam Aktif Sigortalı (4a, 4b, 4c)",Kişi,Doğu Anadolu,Kuzeydoğu Anadolu
Ardahan,2015,20744,Aktif Sigortalılar,"01.Toplam Aktif Sigortalı (4a, 4b, 4c)",Kişi,Doğu Anadolu,Kuzeydoğu Anadolu
Ardahan,2016,19935,Aktif Sigortalılar,"01.Toplam Aktif Sigortalı (4a, 4b, 4c)",Kişi,Doğu Anadolu,Kuzeydoğu Anadolu
Ardahan,2017,25100,Aktif Sigortalılar,"01.Toplam Aktif Sigortalı (4a, 4b, 4c)",Kişi,Doğu Anadolu,Kuzeydoğu Anadolu
Ardahan,2018,24461,Aktif Sigortalılar,"01.Toplam Aktif Sigortalı (4a, 4b, 4c)",Kişi,Doğu Anadolu,Kuzeydoğu Anadolu
Ardahan,2019,20586,Aktif Sigortalılar,"01.Toplam Aktif Sigortalı (4a, 4b, 4c)",Kişi,Doğu Anadolu,Kuzeydoğu Anadolu
Ardahan,2020,21075,Aktif Sigortalılar,"01.Toplam Aktif Sigortalı (4a, 4b, 4c)",Kişi,Doğu Anadolu,Kuzeydoğu Anadolu
Ardahan,2021,21899,Aktif Sigortalılar,"01.Toplam Aktif Sigortalı (4a, 4b, 4c)",Kişi,Doğu Anadolu,Kuzeydoğu Anadolu
Ardahan,2022,22289,Aktif Sigortalılar,"01.Toplam Aktif Sigortalı (4a, 4b, 4c)",Kişi,Doğu Anadolu,Kuzeydoğu Anadolu
Ardahan,2023,21568,Aktif Sigortalılar,"01.Toplam Aktif Sigortalı (4a, 4b, 4c)",Kişi,Doğu Anadolu,Kuzeydoğu Anadolu
Ardahan,2024,21805,Aktif Sigortalılar,"01.Toplam Aktif Sigortalı (4a, 4b, 4c)",Kişi,Doğu Anadolu,Kuzeydoğu Anadolu
Artvin,2009,33907,Aktif Sigortalılar,"01.Toplam Aktif Sigortalı (4a, 4b, 4c)",Kişi,Karadeniz,Doğu Karadeniz
Artvin,2010,35745,Aktif Sigortalılar,"01.Toplam Aktif Sigortalı (4a, 4b, 4c)",Kişi,Karadeniz,Doğu Karadeniz
Artvin,2011,38126,Aktif Sigortalılar,"01.Toplam Aktif Sigortalı (4a, 4b, 4c)",Kişi,Karadeniz,Doğu Karadeniz
Artvin,2012,39842,Aktif Sigortalılar,"01.Toplam Aktif Sigortalı (4a, 4b, 4c)",Kişi,Karadeniz,Doğu Karadeniz
Artvin,2013,40566,Aktif Sigortalılar,"01.Toplam Aktif Sigortalı (4a, 4b, 4c)",Kişi,Karadeniz,Doğu Karadeniz
Artvin,2014,39260,Aktif Sigortalılar,"01.Toplam Aktif Sigortalı (4a, 4b, 4c)",Kişi,Karadeniz,Doğu Karadeniz
Artvin,2015,41431,Aktif Sigortalılar,"01.Toplam Aktif Sigortalı (4a, 4b, 4c)",Kişi,Karadeniz,Doğu Karadeniz
Artvin,2016,40787,Aktif Sigortalılar,"01.Toplam Aktif Sigortalı (4a, 4b, 4c)",Kişi,Karadeniz,Doğu Karadeniz
Artvin,2017,44397,Aktif Sigortalılar,"01.Toplam Aktif Sigortalı (4a, 4b, 4c)",Kişi,Karadeniz,Doğu Karadeniz
Artvin,2018,43529,Aktif Sigortalılar,"01.Toplam Aktif Sigortalı (4a, 4b, 4c)",Kişi,Karadeniz,Doğu Karadeniz
Artvin,2019,43900,Aktif Sigortalılar,"01.Toplam Aktif Sigortalı (4a, 4b, 4c)",Kişi,Karadeniz,Doğu Karadeniz
Artvin,2020,47325,Aktif Sigortalılar,"01.Toplam Aktif Sigortalı (4a, 4b, 4c)",Kişi,Karadeniz,Doğu Karadeniz
Artvin,2021,48119,Aktif Sigortalılar,"01.Toplam Aktif Sigortalı (4a, 4b, 4c)",Kişi,Karadeniz,Doğu Karadeniz
Artvin,2022,46820,Aktif Sigortalılar,"01.Toplam Aktif Sigortalı (4a, 4b, 4c)",Kişi,Karadeniz,Doğu Karadeniz
Artvin,2023,43803,Aktif Sigortalılar,"01.Toplam Aktif Sigortalı (4a, 4b, 4c)",Kişi,Karadeniz,Doğu Karadeniz
Artvin,2024,42636,Aktif Sigortalılar,"01.Toplam Aktif Sigortalı (4a, 4b, 4c)",Kişi,Karadeniz,Doğu Karadeniz
Aydın,2009,194678,Aktif Sigortalılar,"01.Toplam Aktif Sigortalı (4a, 4b, 4c)",Kişi,Ege,Ege
Aydın,2010,206580,Aktif Sigortalılar,"01.Toplam Aktif Sigortalı (4a, 4b, 4c)",Kişi,Ege,Ege
Aydın,2011,218553,Aktif Sigortalılar,"01.Toplam Aktif Sigortalı (4a, 4b, 4c)",Kişi,Ege,Ege
Aydın,2012,226758,Aktif Sigortalılar,"01.Toplam Aktif Sigortalı (4a, 4b, 4c)",Kişi,Ege,Ege
Aydın,2013,231154,Aktif Sigortalılar,"01.Toplam Aktif Sigortalı (4a, 4b, 4c)",Kişi,Ege,Ege
Aydın,2014,242508,Aktif Sigortalılar,"01.Toplam Aktif Sigortalı (4a, 4b, 4c)",Kişi,Ege,Ege
Aydın,2015,256930,Aktif Sigortalılar,"01.Toplam Aktif Sigortalı (4a, 4b, 4c)",Kişi,Ege,Ege
Aydın,2016,269524,Aktif Sigortalılar,"01.Toplam Aktif Sigortalı (4a, 4b, 4c)",Kişi,Ege,Ege
Aydın,2017,283394,Aktif Sigortalılar,"01.Toplam Aktif Sigortalı (4a, 4b, 4c)",Kişi,Ege,Ege
Aydın,2018,268044,Aktif Sigortalılar,"01.Toplam Aktif Sigortalı (4a, 4b, 4c)",Kişi,Ege,Ege
Aydın,2019,262725,Aktif Sigortalılar,"01.Toplam Aktif Sigortalı (4a, 4b, 4c)",Kişi,Ege,Ege
Aydın,2020,274682,Aktif Sigortalılar,"01.Toplam Aktif Sigortalı (4a, 4b, 4c)",Kişi,Ege,Ege
Aydın,2021,292669,Aktif Sigortalılar,"01.Toplam Aktif Sigortalı (4a, 4b, 4c)",Kişi,Ege,Ege
Aydın,2022,315621,Aktif Sigortalılar,"01.Toplam Aktif Sigortalı (4a, 4b, 4c)",Kişi,Ege,Ege
Aydın,2023,311246,Aktif Sigortalılar,"01.Toplam Aktif Sigortalı (4a, 4b, 4c)",Kişi,Ege,Ege
Aydın,2024,311573,Aktif Sigortalılar,"01.Toplam Aktif Sigortalı (4a, 4b, 4c)",Kişi,Ege,Ege
Ağrı,2009,35129,Aktif Sigortalılar,"01.Toplam Aktif Sigortalı (4a, 4b, 4c)",Kişi,Doğu Anadolu,Kuzeydoğu Anadolu
Ağrı,2010,40105,Aktif Sigortalılar,"01.Toplam Aktif Sigortalı (4a, 4b, 4c)",Kişi,Doğu Anadolu,Kuzeydoğu Anadolu
Ağrı,2011,45420,Aktif Sigortalılar,"01.Toplam Aktif Sigortalı (4a, 4b, 4c)",Kişi,Doğu Anadolu,Kuzeydoğu Anadolu
Ağrı,2012,49179,Aktif Sigortalılar,"01.Toplam Aktif Sigortalı (4a, 4b, 4c)",Kişi,Doğu Anadolu,Kuzeydoğu Anadolu
Ağrı,2013,45970,Aktif Sigortalılar,"01.Toplam Aktif Sigortalı (4a, 4b, 4c)",Kişi,Doğu Anadolu,Kuzeydoğu Anadolu
Ağrı,2014,48154,Aktif Sigortalılar,"01.Toplam Aktif Sigortalı (4a, 4b, 4c)",Kişi,Doğu Anadolu,Kuzeydoğu Anadolu
Ağrı,2015,53217,Aktif Sigortalılar,"01.Toplam Aktif Sigortalı (4a, 4b, 4c)",Kişi,Doğu Anadolu,Kuzeydoğu Anadolu
Ağrı,2016,53414,Aktif Sigortalılar,"01.Toplam Aktif Sigortalı (4a, 4b, 4c)",Kişi,Doğu Anadolu,Kuzeydoğu Anadolu
Ağrı,2017,60593,Aktif Sigortalılar,"01.Toplam Aktif Sigortalı (4a, 4b, 4c)",Kişi,Doğu Anadolu,Kuzeydoğu Anadolu
Ağrı,2018,62360,Aktif Sigortalılar,"01.Toplam Aktif Sigortalı (4a, 4b, 4c)",Kişi,Doğu Anadolu,Kuzeydoğu Anadolu
Ağrı,2019,62617,Aktif Sigortalılar,"01.Toplam Aktif Sigortalı (4a, 4b, 4c)",Kişi,Doğu Anadolu,Kuzeydoğu Anadolu
Ağrı,2020,68428,Aktif Sigortalılar,"01.Toplam Aktif Sigortalı (4a, 4b, 4c)",Kişi,Doğu Anadolu,Kuzeydoğu Anadolu
Ağrı,2021,70373,Aktif Sigortalılar,"01.Toplam Aktif Sigortalı (4a, 4b, 4c)",Kişi,Doğu Anadolu,Kuzeydoğu Anadolu
Ağrı,2022,75090,Aktif Sigortalılar,"01.Toplam Aktif Sigortalı (4a, 4b, 4c)",Kişi,Doğu Anadolu,Kuzeydoğu Anadolu
Ağrı,2023,73235,Aktif Sigortalılar,"01.Toplam Aktif Sigortalı (4a, 4b, 4c)",Kişi,Doğu Anadolu,Kuzeydoğu Anadolu
Ağrı,2024,73734,Aktif Sigortalılar,"01.Toplam Aktif Sigortalı (4a, 4b, 4c)",Kişi,Doğu Anadolu,Kuzeydoğu Anadolu
Balıkesir,2009,239702,Aktif Sigortalılar,"01.Toplam Aktif Sigortalı (4a, 4b, 4c)",Kişi,Marmara,Batı Marmara
Balıkesir,2010,248560,Aktif Sigortalılar,"01.Toplam Aktif Sigortalı (4a, 4b, 4c)",Kişi,Marmara,Batı Marmara
Balıkesir,2011,265026,Aktif Sigortalılar,"01.Toplam Aktif Sigortalı (4a, 4b, 4c)",Kişi,Marmara,Batı Marmara
Balıkesir,2012,264845,Aktif Sigortalılar,"01.Toplam Aktif Sigortalı (4a, 4b, 4c)",Kişi,Marmara,Batı Marmara
Balıkesir,2013,267482,Aktif Sigortalılar,"01.Toplam Aktif Sigortalı (4a, 4b, 4c)",Kişi,Marmara,Batı Marmara
Balıkesir,2014,278382,Aktif Sigortalılar,"01.Toplam Aktif Sigortalı (4a, 4b, 4c)",Kişi,Marmara,Batı Marmara
Balıkesir,2015,289430,Aktif Sigortalılar,"01.Toplam Aktif Sigortalı (4a, 4b, 4c)",Kişi,Marmara,Batı Marmara
Balıkesir,2016,298831,Aktif Sigortalılar,"01.Toplam Aktif Sigortalı (4a, 4b, 4c)",Kişi,Marmara,Batı Marmara
Balıkesir,2017,314231,Aktif Sigortalılar,"01.Toplam Aktif Sigortalı (4a, 4b, 4c)",Kişi,Marmara,Batı Marmara
Balıkesir,2018,313572,Aktif Sigortalılar,"01.Toplam Aktif Sigortalı (4a, 4b, 4c)",Kişi,Marmara,Batı Marmara
Balıkesir,2019,306033,Aktif Sigortalılar,"01.Toplam Aktif Sigortalı (4a, 4b, 4c)",Kişi,Marmara,Batı Marmara
Balıkesir,2020,328812,Aktif Sigortalılar,"01.Toplam Aktif Sigortalı (4a, 4b, 4c)",Kişi,Marmara,Batı Marmara
Balıkesir,2021,346938,Aktif Sigortalılar,"01.Toplam Aktif Sigortalı (4a, 4b, 4c)",Kişi,Marmara,Batı Marmara
Balıkesir,2022,363067,Aktif Sigortalılar,"01.Toplam Aktif Sigortalı (4a, 4b, 4c)",Kişi,Marmara,Batı Marmara
Balıkesir,2023,355072,Aktif Sigortalılar,"01.Toplam Aktif Sigortalı (4a, 4b, 4c)",Kişi,Marmara,Batı Marmara
Balıkesir,2024,361267,Aktif Sigortalılar,"01.Toplam Aktif Sigortalı (4a, 4b, 4c)",Kişi,Marmara,Batı Marmara
Bartın,2009,35400,Aktif Sigortalılar,"01.Toplam Aktif Sigortalı (4a, 4b, 4c)",Kişi,Karadeniz,Batı Karadeniz
Bartın,2010,37721,Aktif Sigortalılar,"01.Toplam Aktif Sigortalı (4a, 4b, 4c)",Kişi,Karadeniz,Batı Karadeniz
Bartın,2011,39319,Aktif Sigortalılar,"01.Toplam Aktif Sigortalı (4a, 4b, 4c)",Kişi,Karadeniz,Batı Karadeniz
Bartın,2012,40810,Aktif Sigortalılar,"01.Toplam Aktif Sigortalı (4a, 4b, 4c)",Kişi,Karadeniz,Batı Karadeniz
Bartın,2013,41892,Aktif Sigortalılar,"01.Toplam Aktif Sigortalı (4a, 4b, 4c)",Kişi,Karadeniz,Batı Karadeniz
Bartın,2014,41994,Aktif Sigortalılar,"01.Toplam Aktif Sigortalı (4a, 4b, 4c)",Kişi,Karadeniz,Batı Karadeniz
Bartın,2015,44239,Aktif Sigortalılar,"01.Toplam Aktif Sigortalı (4a, 4b, 4c)",Kişi,Karadeniz,Batı Karadeniz
Bartın,2016,45302,Aktif Sigortalılar,"01.Toplam Aktif Sigortalı (4a, 4b, 4c)",Kişi,Karadeniz,Batı Karadeniz
Bartın,2017,49486,Aktif Sigortalılar,"01.Toplam Aktif Sigortalı (4a, 4b, 4c)",Kişi,Karadeniz,Batı Karadeniz
Bartın,2018,46079,Aktif Sigortalılar,"01.Toplam Aktif Sigortalı (4a, 4b, 4c)",Kişi,Karadeniz,Batı Karadeniz
Bartın,2019,45424,Aktif Sigortalılar,"01.Toplam Aktif Sigortalı (4a, 4b, 4c)",Kişi,Karadeniz,Batı Karadeniz
Bartın,2020,47086,Aktif Sigortalılar,"01.Toplam Aktif Sigortalı (4a, 4b, 4c)",Kişi,Karadeniz,Batı Karadeniz
Bartın,2021,49697,Aktif Sigortalılar,"01.Toplam Aktif Sigortalı (4a, 4b, 4c)",Kişi,Karadeniz,Batı Karadeniz
Bartın,2022,53758,Aktif Sigortalılar,"01.Toplam Aktif Sigortalı (4a, 4b, 4c)",Kişi,Karadeniz,Batı Karadeniz
Bartın,2023,52218,Aktif Sigortalılar,"01.Toplam Aktif Sigortalı (4a, 4b, 4c)",Kişi,Karadeniz,Batı Karadeniz
Bartın,2024,52313,Aktif Sigortalılar,"01.Toplam Aktif Sigortalı (4a, 4b, 4c)",Kişi,Karadeniz,Batı Karadeniz
Batman,2009,48935,Aktif Sigortalılar,"01.Toplam Aktif Sigortalı (4a, 4b, 4c)",Kişi,Güneydoğu Anadolu,Güneydoğu Anadolu
Batman,2010,55530,Aktif Sigortalılar,"01.Toplam Aktif Sigortalı (4a, 4b, 4c)",Kişi,Güneydoğu Anadolu,Güneydoğu Anadolu
Batman,2011,59969,Aktif Sigortalılar,"01.Toplam Aktif Sigortalı (4a, 4b, 4c)",Kişi,Güneydoğu Anadolu,Güneydoğu Anadolu
Batman,2012,65736,Aktif Sigortalılar,"01.Toplam Aktif Sigortalı (4a, 4b, 4c)",Kişi,Güneydoğu Anadolu,Güneydoğu Anadolu
Batman,2013,64734,Aktif Sigortalılar,"01.Toplam Aktif Sigortalı (4a, 4b, 4c)",Kişi,Güneydoğu Anadolu,Güneydoğu Anadolu
Batman,2014,73527,Aktif Sigortalılar,"01.Toplam Aktif Sigortalı (4a, 4b, 4c)",Kişi,Güneydoğu Anadolu,Güneydoğu Anadolu
Batman,2015,78936,Aktif Sigortalılar,"01.Toplam Aktif Sigortalı (4a, 4b, 4c)",Kişi,Güneydoğu Anadolu,Güneydoğu Anadolu
Batman,2016,84081,Aktif Sigortalılar,"01.Toplam Aktif Sigortalı (4a, 4b, 4c)",Kişi,Güneydoğu Anadolu,Güneydoğu Anadolu
Batman,2017,96797,Aktif Sigortalılar,"01.Toplam Aktif Sigortalı (4a, 4b, 4c)",Kişi,Güneydoğu Anadolu,Güneydoğu Anadolu
Batman,2018,101087,Aktif Sigortalılar,"01.Toplam Aktif Sigortalı (4a, 4b, 4c)",Kişi,Güneydoğu Anadolu,Güneydoğu Anadolu
Batman,2019,107502,Aktif Sigortalılar,"01.Toplam Aktif Sigortalı (4a, 4b, 4c)",Kişi,Güneydoğu Anadolu,Güneydoğu Anadolu
Batman,2020,123985,Aktif Sigortalılar,"01.Toplam Aktif Sigortalı (4a, 4b, 4c)",Kişi,Güneydoğu Anadolu,Güneydoğu Anadolu
Batman,2021,136056,Aktif Sigortalılar,"01.Toplam Aktif Sigortalı (4a, 4b, 4c)",Kişi,Güneydoğu Anadolu,Güneydoğu Anadolu
Batman,2022,155434,Aktif Sigortalılar,"01.Toplam Aktif Sigortalı (4a, 4b, 4c)",Kişi,Güneydoğu Anadolu,Güneydoğu Anadolu
Batman,2023,143563,Aktif Sigortalılar,"01.Toplam Aktif Sigortalı (4a, 4b, 4c)",Kişi,Güneydoğu Anadolu,Güneydoğu Anadolu
Batman,2024,144702,Aktif Sigortalılar,"01.Toplam Aktif Sigortalı (4a, 4b, 4c)",Kişi,Güneydoğu Anadolu,Güneydoğu Anadolu
Bayburt,2009,13557,Aktif Sigortalılar,"01.Toplam Aktif Sigortalı (4a, 4b, 4c)",Kişi,Karadeniz,Kuzeydoğu Anadolu
Bayburt,2010,14355,Aktif Sigortalılar,"01.Toplam Aktif Sigortalı (4a, 4b, 4c)",Kişi,Karadeniz,Kuzeydoğu Anadolu
Bayburt,2011,14861,Aktif Sigortalılar,"01.Toplam Aktif Sigortalı (4a, 4b, 4c)",Kişi,Karadeniz,Kuzeydoğu Anadolu
Bayburt,2012,16593,Aktif Sigortalılar,"01.Toplam Aktif Sigortalı (4a, 4b, 4c)",Kişi,Karadeniz,Kuzeydoğu Anadolu
Bayburt,2013,15274,Aktif Sigortalılar,"01.Toplam Aktif Sigortalı (4a, 4b, 4c)",Kişi,Karadeniz,Kuzeydoğu Anadolu
Bayburt,2014,15697,Aktif Sigortalılar,"01.Toplam Aktif Sigortalı (4a, 4b, 4c)",Kişi,Karadeniz,Kuzeydoğu Anadolu
Bayburt,2015,17865,Aktif Sigortalılar,"01.Toplam Aktif Sigortalı (4a, 4b, 4c)",Kişi,Karadeniz,Kuzeydoğu Anadolu
Bayburt,2016,15383,Aktif Sigortalılar,"01.Toplam Aktif Sigortalı (4a, 4b, 4c)",Kişi,Karadeniz,Kuzeydoğu Anadolu
Bayburt,2017,18647,Aktif Sigortalılar,"01.Toplam Aktif Sigortalı (4a, 4b, 4c)",Kişi,Karadeniz,Kuzeydoğu Anadolu
Bayburt,2018,18566,Aktif Sigortalılar,"01.Toplam Aktif Sigortalı (4a, 4b, 4c)",Kişi,Karadeniz,Kuzeydoğu Anadolu
Bayburt,2019,18367,Aktif Sigortalılar,"01.Toplam Aktif Sigortalı (4a, 4b, 4c)",Kişi,Karadeniz,Kuzeydoğu Anadolu
Bayburt,2020,19291,Aktif Sigortalılar,"01.Toplam Aktif Sigortalı (4a, 4b, 4c)",Kişi,Karadeniz,Kuzeydoğu Anadolu
Bayburt,2021,19796,Aktif Sigortalılar,"01.Toplam Aktif Sigortalı (4a, 4b, 4c)",Kişi,Karadeniz,Kuzeydoğu Anadolu
Bayburt,2022,21204,Aktif Sigortalılar,"01.Toplam Aktif Sigortalı (4a, 4b, 4c)",Kişi,Karadeniz,Kuzeydoğu Anadolu
Bayburt,2023,20623,Aktif Sigortalılar,"01.Toplam Aktif Sigortalı (4a, 4b, 4c)",Kişi,Karadeniz,Kuzeydoğu Anadolu
Bayburt,2024,20877,Aktif Sigortalılar,"01.Toplam Aktif Sigortalı (4a, 4b, 4c)",Kişi,Karadeniz,Kuzeydoğu Anadolu
Bilecik,2009,48953,Aktif Sigortalılar,"01.Toplam Aktif Sigortalı (4a, 4b, 4c)",Kişi,Marmara,Doğu Marmara
Bilecik,2010,51251,Aktif Sigortalılar,"01.Toplam Aktif Sigortalı (4a, 4b, 4c)",Kişi,Marmara,Doğu Marmara
Bilecik,2011,54888,Aktif Sigortalılar,"01.Toplam Aktif Sigortalı (4a, 4b, 4c)",Kişi,Marmara,Doğu Marmara
Bilecik,2012,56592,Aktif Sigortalılar,"01.Toplam Aktif Sigortalı (4a, 4b, 4c)",Kişi,Marmara,Doğu Marmara
Bilecik,2013,58306,Aktif Sigortalılar,"01.Toplam Aktif Sigortalı (4a, 4b, 4c)",Kişi,Marmara,Doğu Marmara
Bilecik,2014,58358,Aktif Sigortalılar,"01.Toplam Aktif Sigortalı (4a, 4b, 4c)",Kişi,Marmara,Doğu Marmara
Bilecik,2015,60436,Aktif Sigortalılar,"01.Toplam Aktif Sigortalı (4a, 4b, 4c)",Kişi,Marmara,Doğu Marmara
Bilecik,2016,61617,Aktif Sigortalılar,"01.Toplam Aktif Sigortalı (4a, 4b, 4c)",Kişi,Marmara,Doğu Marmara
Bilecik,2017,67362,Aktif Sigortalılar,"01.Toplam Aktif Sigortalı (4a, 4b, 4c)",Kişi,Marmara,Doğu Marmara
Bilecik,2018,67068,Aktif Sigortalılar,"01.Toplam Aktif Sigortalı (4a, 4b, 4c)",Kişi,Marmara,Doğu Marmara
Bilecik,2019,65987,Aktif Sigortalılar,"01.Toplam Aktif Sigortalı (4a, 4b, 4c)",Kişi,Marmara,Doğu Marmara
Bilecik,2020,70411,Aktif Sigortalılar,"01.Toplam Aktif Sigortalı (4a, 4b, 4c)",Kişi,Marmara,Doğu Marmara
Bilecik,2021,74267,Aktif Sigortalılar,"01.Toplam Aktif Sigortalı (4a, 4b, 4c)",Kişi,Marmara,Doğu Marmara
Bilecik,2022,78678,Aktif Sigortalılar,"01.Toplam Aktif Sigortalı (4a, 4b, 4c)",Kişi,Marmara,Doğu Marmara
Bilecik,2023,73937,Aktif Sigortalılar,"01.Toplam Aktif Sigortalı (4a, 4b, 4c)",Kişi,Marmara,Doğu Marmara
Bilecik,2024,73454,Aktif Sigortalılar,"01.Toplam Aktif Sigortalı (4a, 4b, 4c)",Kişi,Marmara,Doğu Marmara
Bingöl,2009,24853,Aktif Sigortalılar,"01.Toplam Aktif Sigortalı (4a, 4b, 4c)",Kişi,Doğu Anadolu,Ortadoğu Anadolu
Bingöl,2010,28842,Aktif Sigortalılar,"01.Toplam Aktif Sigortalı (4a, 4b, 4c)",Kişi,Doğu Anadolu,Ortadoğu Anadolu
Bingöl,2011,31763,Aktif Sigortalılar,"01.Toplam Aktif Sigortalı (4a, 4b, 4c)",Kişi,Doğu Anadolu,Ortadoğu Anadolu
Bingöl,2012,34383,Aktif Sigortalılar,"01.Toplam Aktif Sigortalı (4a, 4b, 4c)",Kişi,Doğu Anadolu,Ortadoğu Anadolu
Bingöl,2013,36823,Aktif Sigortalılar,"01.Toplam Aktif Sigortalı (4a, 4b, 4c)",Kişi,Doğu Anadolu,Ortadoğu Anadolu
Bingöl,2014,38985,Aktif Sigortalılar,"01.Toplam Aktif Sigortalı (4a, 4b, 4c)",Kişi,Doğu Anadolu,Ortadoğu Anadolu
Bingöl,2015,45226,Aktif Sigortalılar,"01.Toplam Aktif Sigortalı (4a, 4b, 4c)",Kişi,Doğu Anadolu,Ortadoğu Anadolu
Bingöl,2016,43766,Aktif Sigortalılar,"01.Toplam Aktif Sigortalı (4a, 4b, 4c)",Kişi,Doğu Anadolu,Ortadoğu Anadolu
Bingöl,2017,51167,Aktif Sigortalılar,"01.Toplam Aktif Sigortalı (4a, 4b, 4c)",Kişi,Doğu Anadolu,Ortadoğu Anadolu
Bingöl,2018,51392,Aktif Sigortalılar,"01.Toplam Aktif Sigortalı (4a, 4b, 4c)",Kişi,Doğu Anadolu,Ortadoğu Anadolu
Bingöl,2019,50074,Aktif Sigortalılar,"01.Toplam Aktif Sigortalı (4a, 4b, 4c)",Kişi,Doğu Anadolu,Ortadoğu Anadolu
Bingöl,2020,56233,Aktif Sigortalılar,"01.Toplam Aktif Sigortalı (4a, 4b, 4c)",Kişi,Doğu Anadolu,Ortadoğu Anadolu
Bingöl,2021,58097,Aktif Sigortalılar,"01.Toplam Aktif Sigortalı (4a, 4b, 4c)",Kişi,Doğu Anadolu,Ortadoğu Anadolu
Bingöl,2022,62426,Aktif Sigortalılar,"01.Toplam Aktif Sigortalı (4a, 4b, 4c)",Kişi,Doğu Anadolu,Ortadoğu Anadolu
Bingöl,2023,58940,Aktif Sigortalılar,"01.Toplam Aktif Sigortalı (4a, 4b, 4c)",Kişi,Doğu Anadolu,Ortadoğu Anadolu
Bingöl,2024,60129,Aktif Sigortalılar,"01.Toplam Aktif Sigortalı (4a, 4b, 4c)",Kişi,Doğu Anadolu,Ortadoğu Anadolu
Bitlis,2009,32681,Aktif Sigortalılar,"01.Toplam Aktif Sigortalı (4a, 4b, 4c)",Kişi,Doğu Anadolu,Ortadoğu Anadolu
Bitlis,2010,36640,Aktif Sigortalılar,"01.Toplam Aktif Sigortalı (4a, 4b, 4c)",Kişi,Doğu Anadolu,Ortadoğu Anadolu
Bitlis,2011,38513,Aktif Sigortalılar,"01.Toplam Aktif Sigortalı (4a, 4b, 4c)",Kişi,Doğu Anadolu,Ortadoğu Anadolu
Bitlis,2012,40235,Aktif Sigortalılar,"01.Toplam Aktif Sigortalı (4a, 4b, 4c)",Kişi,Doğu Anadolu,Ortadoğu Anadolu
Bitlis,2013,41342,Aktif Sigortalılar,"01.Toplam Aktif Sigortalı (4a, 4b, 4c)",Kişi,Doğu Anadolu,Ortadoğu Anadolu
Bitlis,2014,43090,Aktif Sigortalılar,"01.Toplam Aktif Sigortalı (4a, 4b, 4c)",Kişi,Doğu Anadolu,Ortadoğu Anadolu
Bitlis,2015,47672,Aktif Sigortalılar,"01.Toplam Aktif Sigortalı (4a, 4b, 4c)",Kişi,Doğu Anadolu,Ortadoğu Anadolu
Bitlis,2016,46103,Aktif Sigortalılar,"01.Toplam Aktif Sigortalı (4a, 4b, 4c)",Kişi,Doğu Anadolu,Ortadoğu Anadolu
Bitlis,2017,53769,Aktif Sigortalılar,"01.Toplam Aktif Sigortalı (4a, 4b, 4c)",Kişi,Doğu Anadolu,Ortadoğu Anadolu
Bitlis,2018,57091,Aktif Sigortalılar,"01.Toplam Aktif Sigortalı (4a, 4b, 4c)",Kişi,Doğu Anadolu,Ortadoğu Anadolu
Bitlis,2019,54745,Aktif Sigortalılar,"01.Toplam Aktif Sigortalı (4a, 4b, 4c)",Kişi,Doğu Anadolu,Ortadoğu Anadolu
Bitlis,2020,61552,Aktif Sigortalılar,"01.Toplam Aktif Sigortalı (4a, 4b, 4c)",Kişi,Doğu Anadolu,Ortadoğu Anadolu
Bitlis,2021,65468,Aktif Sigortalılar,"01.Toplam Aktif Sigortalı (4a, 4b, 4c)",Kişi,Doğu Anadolu,Ortadoğu Anadolu
Bitlis,2022,75213,Aktif Sigortalılar,"01.Toplam Aktif Sigortalı (4a, 4b, 4c)",Kişi,Doğu Anadolu,Ortadoğu Anadolu
Bitlis,2023,73456,Aktif Sigortalılar,"01.Toplam Aktif Sigortalı (4a, 4b, 4c)",Kişi,Doğu Anadolu,Ortadoğu Anadolu
Bitlis,2024,74499,Aktif Sigortalılar,"01.Toplam Aktif Sigortalı (4a, 4b, 4c)",Kişi,Doğu Anadolu,Ortadoğu Anadolu
Bolu,2009,67103,Aktif Sigortalılar,"01.Toplam Aktif Sigortalı (4a, 4b, 4c)",Kişi,Karadeniz,Doğu Marmara
Bolu,2010,70788,Aktif Sigortalılar,"01.Toplam Aktif Sigortalı (4a, 4b, 4c)",Kişi,Karadeniz,Doğu Marmara
Bolu,2011,76430,Aktif Sigortalılar,"01.Toplam Aktif Sigortalı (4a, 4b, 4c)",Kişi,Karadeniz,Doğu Marmara
Bolu,2012,76995,Aktif Sigortalılar,"01.Toplam Aktif Sigortalı (4a, 4b, 4c)",Kişi,Karadeniz,Doğu Marmara
Bolu,2013,79439,Aktif Sigortalılar,"01.Toplam Aktif Sigortalı (4a, 4b, 4c)",Kişi,Karadeniz,Doğu Marmara
Bolu,2014,84635,Aktif Sigortalılar,"01.Toplam Aktif Sigortalı (4a, 4b, 4c)",Kişi,Karadeniz,Doğu Marmara
Bolu,2015,86828,Aktif Sigortalılar,"01.Toplam Aktif Sigortalı (4a, 4b, 4c)",Kişi,Karadeniz,Doğu Marmara
Bolu,2016,86622,Aktif Sigortalılar,"01.Toplam Aktif Sigortalı (4a, 4b, 4c)",Kişi,Karadeniz,Doğu Marmara
Bolu,2017,91651,Aktif Sigortalılar,"01.Toplam Aktif Sigortalı (4a, 4b, 4c)",Kişi,Karadeniz,Doğu Marmara
Bolu,2018,90979,Aktif Sigortalılar,"01.Toplam Aktif Sigortalı (4a, 4b, 4c)",Kişi,Karadeniz,Doğu Marmara
Bolu,2019,90660,Aktif Sigortalılar,"01.Toplam Aktif Sigortalı (4a, 4b, 4c)",Kişi,Karadeniz,Doğu Marmara
Bolu,2020,96669,Aktif Sigortalılar,"01.Toplam Aktif Sigortalı (4a, 4b, 4c)",Kişi,Karadeniz,Doğu Marmara
Bolu,2021,99799,Aktif Sigortalılar,"01.Toplam Aktif Sigortalı (4a, 4b, 4c)",Kişi,Karadeniz,Doğu Marmara
Bolu,2022,104094,Aktif Sigortalılar,"01.Toplam Aktif Sigortalı (4a, 4b, 4c)",Kişi,Karadeniz,Doğu Marmara
Bolu,2023,99030,Aktif Sigortalılar,"01.Toplam Aktif Sigortalı (4a, 4b, 4c)",Kişi,Karadeniz,Doğu Marmara
Bolu,2024,100438,Aktif Sigortalılar,"01.Toplam Aktif Sigortalı (4a, 4b, 4c)",Kişi,Karadeniz,Doğu Marmara
Burdur,2009,54895,Aktif Sigortalılar,"01.Toplam Aktif Sigortalı (4a, 4b, 4c)",Kişi,Akdeniz,Akdeniz
Burdur,2010,58032,Aktif Sigortalılar,"01.Toplam Aktif Sigortalı (4a, 4b, 4c)",Kişi,Akdeniz,Akdeniz
Burdur,2011,62181,Aktif Sigortalılar,"01.Toplam Aktif Sigortalı (4a, 4b, 4c)",Kişi,Akdeniz,Akdeniz
Burdur,2012,64222,Aktif Sigortalılar,"01.Toplam Aktif Sigortalı (4a, 4b, 4c)",Kişi,Akdeniz,Akdeniz
Burdur,2013,65618,Aktif Sigortalılar,"01.Toplam Aktif Sigortalı (4a, 4b, 4c)",Kişi,Akdeniz,Akdeniz
Burdur,2014,65964,Aktif Sigortalılar,"01.Toplam Aktif Sigortalı (4a, 4b, 4c)",Kişi,Akdeniz,Akdeniz
Burdur,2015,68572,Aktif Sigortalılar,"01.Toplam Aktif Sigortalı (4a, 4b, 4c)",Kişi,Akdeniz,Akdeniz
Burdur,2016,67626,Aktif Sigortalılar,"01.Toplam Aktif Sigortalı (4a, 4b, 4c)",Kişi,Akdeniz,Akdeniz
Burdur,2017,71985,Aktif Sigortalılar,"01.Toplam Aktif Sigortalı (4a, 4b, 4c)",Kişi,Akdeniz,Akdeniz
Burdur,2018,69247,Aktif Sigortalılar,"01.Toplam Aktif Sigortalı (4a, 4b, 4c)",Kişi,Akdeniz,Akdeniz
Burdur,2019,67971,Aktif Sigortalılar,"01.Toplam Aktif Sigortalı (4a, 4b, 4c)",Kişi,Akdeniz,Akdeniz
Burdur,2020,68144,Aktif Sigortalılar,"01.Toplam Aktif Sigortalı (4a, 4b, 4c)",Kişi,Akdeniz,Akdeniz
Burdur,2021,72915,Aktif Sigortalılar,"01.Toplam Aktif Sigortalı (4a, 4b, 4c)",Kişi,Akdeniz,Akdeniz
Burdur,2022,75242,Aktif Sigortalılar,"01.Toplam Aktif Sigortalı (4a, 4b, 4c)",Kişi,Akdeniz,Akdeniz
Burdur,2023,74575,Aktif Sigortalılar,"01.Toplam Aktif Sigortalı (4a, 4b, 4c)",Kişi,Akdeniz,Akdeniz
Burdur,2024,76554,Aktif Sigortalılar,"01.Toplam Aktif Sigortalı (4a, 4b, 4c)",Kişi,Akdeniz,Akdeniz
Bursa,2009,636608,Aktif Sigortalılar,"01.Toplam Aktif Sigortalı (4a, 4b, 4c)",Kişi,Marmara,Doğu Marmara
Bursa,2010,692610,Aktif Sigortalılar,"01.Toplam Aktif Sigortalı (4a, 4b, 4c)",Kişi,Marmara,Doğu Marmara
Bursa,2011,741872,Aktif Sigortalılar,"01.Toplam Aktif Sigortalı (4a, 4b, 4c)",Kişi,Marmara,Doğu Marmara
Bursa,2012,773039,Aktif Sigortalılar,"01.Toplam Aktif Sigortalı (4a, 4b, 4c)",Kişi,Marmara,Doğu Marmara
Bursa,2013,797153,Aktif Sigortalılar,"01.Toplam Aktif Sigortalı (4a, 4b, 4c)",Kişi,Marmara,Doğu Marmara
Bursa,2014,830760,Aktif Sigortalılar,"01.Toplam Aktif Sigortalı (4a, 4b, 4c)",Kişi,Marmara,Doğu Marmara
Bursa,2015,865984,Aktif Sigortalılar,"01.Toplam Aktif Sigortalı (4a, 4b, 4c)",Kişi,Marmara,Doğu Marmara
Bursa,2016,914973,Aktif Sigortalılar,"01.Toplam Aktif Sigortalı (4a, 4b, 4c)",Kişi,Marmara,Doğu Marmara
Bursa,2017,953470,Aktif Sigortalılar,"01.Toplam Aktif Sigortalı (4a, 4b, 4c)",Kişi,Marmara,Doğu Marmara
Bursa,2018,941916,Aktif Sigortalılar,"01.Toplam Aktif Sigortalı (4a, 4b, 4c)",Kişi,Marmara,Doğu Marmara
Bursa,2019,931480,Aktif Sigortalılar,"01.Toplam Aktif Sigortalı (4a, 4b, 4c)",Kişi,Marmara,Doğu Marmara
Bursa,2020,983510,Aktif Sigortalılar,"01.Toplam Aktif Sigortalı (4a, 4b, 4c)",Kişi,Marmara,Doğu Marmara
Bursa,2021,1045956,Aktif Sigortalılar,"01.Toplam Aktif Sigortalı (4a, 4b, 4c)",Kişi,Marmara,Doğu Marmara
Bursa,2022,1104075,Aktif Sigortalılar,"01.Toplam Aktif Sigortalı (4a, 4b, 4c)",Kişi,Marmara,Doğu Marmara
Bursa,2023,1045526,Aktif Sigortalılar,"01.Toplam Aktif Sigortalı (4a, 4b, 4c)",Kişi,Marmara,Doğu Marmara
Bursa,2024,1033220,Aktif Sigortalılar,"01.Toplam Aktif Sigortalı (4a, 4b, 4c)",Kişi,Marmara,Doğu Marmara
Denizli,2009,237271,Aktif Sigortalılar,"01.Toplam Aktif Sigortalı (4a, 4b, 4c)",Kişi,Ege,Ege
Denizli,2010,248246,Aktif Sigortalılar,"01.Toplam Aktif Sigortalı (4a, 4b, 4c)",Kişi,Ege,Ege
Denizli,2011,258216,Aktif Sigortalılar,"01.Toplam Aktif Sigortalı (4a, 4b, 4c)",Kişi,Ege,Ege
Denizli,2012,267694,Aktif Sigortalılar,"01.Toplam Aktif Sigortalı (4a, 4b, 4c)",Kişi,Ege,Ege
Denizli,2013,277649,Aktif Sigortalılar,"01.Toplam Aktif Sigortalı (4a, 4b, 4c)",Kişi,Ege,Ege
Denizli,2014,282179,Aktif Sigortalılar,"01.Toplam Aktif Sigortalı (4a, 4b, 4c)",Kişi,Ege,Ege
Denizli,2015,290899,Aktif Sigortalılar,"01.Toplam Aktif Sigortalı (4a, 4b, 4c)",Kişi,Ege,Ege
Denizli,2016,300354,Aktif Sigortalılar,"01.Toplam Aktif Sigortalı (4a, 4b, 4c)",Kişi,Ege,Ege
Denizli,2017,317222,Aktif Sigortalılar,"01.Toplam Aktif Sigortalı (4a, 4b, 4c)",Kişi,Ege,Ege
Denizli,2018,305400,Aktif Sigortalılar,"01.Toplam Aktif Sigortalı (4a, 4b, 4c)",Kişi,Ege,Ege
Denizli,2019,302524,Aktif Sigortalılar,"01.Toplam Aktif Sigortalı (4a, 4b, 4c)",Kişi,Ege,Ege
Denizli,2020,315483,Aktif Sigortalılar,"01.Toplam Aktif Sigortalı (4a, 4b, 4c)",Kişi,Ege,Ege
Denizli,2021,332365,Aktif Sigortalılar,"01.Toplam Aktif Sigortalı (4a, 4b, 4c)",Kişi,Ege,Ege
Denizli,2022,344868,Aktif Sigortalılar,"01.Toplam Aktif Sigortalı (4a, 4b, 4c)",Kişi,Ege,Ege
Denizli,2023,327266,Aktif Sigortalılar,"01.Toplam Aktif Sigortalı (4a, 4b, 4c)",Kişi,Ege,Ege
Denizli,2024,327659,Aktif Sigortalılar,"01.Toplam Aktif Sigortalı (4a, 4b, 4c)",Kişi,Ege,Ege
Diyarbakır,2009,149748,Aktif Sigortalılar,"01.Toplam Aktif Sigortalı (4a, 4b, 4c)",Kişi,Güneydoğu Anadolu,Güneydoğu Anadolu
Diyarbakır,2010,164603,Aktif Sigortalılar,"01.Toplam Aktif Sigortalı (4a, 4b, 4c)",Kişi,Güneydoğu Anadolu,Güneydoğu Anadolu
Diyarbakır,2011,183220,Aktif Sigortalılar,"01.Toplam Aktif Sigortalı (4a, 4b, 4c)",Kişi,Güneydoğu Anadolu,Güneydoğu Anadolu
Diyarbakır,2012,190457,Aktif Sigortalılar,"01.Toplam Aktif Sigortalı (4a, 4b, 4c)",Kişi,Güneydoğu Anadolu,Güneydoğu Anadolu
Diyarbakır,2013,189890,Aktif Sigortalılar,"01.Toplam Aktif Sigortalı (4a, 4b, 4c)",Kişi,Güneydoğu Anadolu,Güneydoğu Anadolu
Diyarbakır,2014,209059,Aktif Sigortalılar,"01.Toplam Aktif Sigortalı (4a, 4b, 4c)",Kişi,Güneydoğu Anadolu,Güneydoğu Anadolu
Diyarbakır,2015,222941,Aktif Sigortalılar,"01.Toplam Aktif Sigortalı (4a, 4b, 4c)",Kişi,Güneydoğu Anadolu,Güneydoğu Anadolu
Diyarbakır,2016,244498,Aktif Sigortalılar,"01.Toplam Aktif Sigortalı (4a, 4b, 4c)",Kişi,Güneydoğu Anadolu,Güneydoğu Anadolu
Diyarbakır,2017,270853,Aktif Sigortalılar,"01.Toplam Aktif Sigortalı (4a, 4b, 4c)",Kişi,Güneydoğu Anadolu,Güneydoğu Anadolu
Diyarbakır,2018,274435,Aktif Sigortalılar,"01.Toplam Aktif Sigortalı (4a, 4b, 4c)",Kişi,Güneydoğu Anadolu,Güneydoğu Anadolu
Diyarbakır,2019,271427,Aktif Sigortalılar,"01.Toplam Aktif Sigortalı (4a, 4b, 4c)",Kişi,Güneydoğu Anadolu,Güneydoğu Anadolu
Diyarbakır,2020,301711,Aktif Sigortalılar,"01.Toplam Aktif Sigortalı (4a, 4b, 4c)",Kişi,Güneydoğu Anadolu,Güneydoğu Anadolu
Diyarbakır,2021,325722,Aktif Sigortalılar,"01.Toplam Aktif Sigortalı (4a, 4b, 4c)",Kişi,Güneydoğu Anadolu,Güneydoğu Anadolu
Diyarbakır,2022,358380,Aktif Sigortalılar,"01.Toplam Aktif Sigortalı (4a, 4b, 4c)",Kişi,Güneydoğu Anadolu,Güneydoğu Anadolu
Diyarbakır,2023,363271,Aktif Sigortalılar,"01.Toplam Aktif Sigortalı (4a, 4b, 4c)",Kişi,Güneydoğu Anadolu,Güneydoğu Anadolu
Diyarbakır,2024,364490,Aktif Sigortalılar,"01.Toplam Aktif Sigortalı (4a, 4b, 4c)",Kişi,Güneydoğu Anadolu,Güneydoğu Anadolu
Düzce,2009,79100,Aktif Sigortalılar,"01.Toplam Aktif Sigortalı (4a, 4b, 4c)",Kişi,Karadeniz,Doğu Marmara
Düzce,2010,85161,Aktif Sigortalılar,"01.Toplam Aktif Sigortalı (4a, 4b, 4c)",Kişi,Karadeniz,Doğu Marmara
Düzce,2011,89047,Aktif Sigortalılar,"01.Toplam Aktif Sigortalı (4a, 4b, 4c)",Kişi,Karadeniz,Doğu Marmara
Düzce,2012,93341,Aktif Sigortalılar,"01.Toplam Aktif Sigortalı (4a, 4b, 4c)",Kişi,Karadeniz,Doğu Marmara
Düzce,2013,92974,Aktif Sigortalılar,"01.Toplam Aktif Sigortalı (4a, 4b, 4c)",Kişi,Karadeniz,Doğu Marmara
Düzce,2014,97330,Aktif Sigortalılar,"01.Toplam Aktif Sigortalı (4a, 4b, 4c)",Kişi,Karadeniz,Doğu Marmara
Düzce,2015,100002,Aktif Sigortalılar,"01.Toplam Aktif Sigortalı (4a, 4b, 4c)",Kişi,Karadeniz,Doğu Marmara
Düzce,2016,102075,Aktif Sigortalılar,"01.Toplam Aktif Sigortalı (4a, 4b, 4c)",Kişi,Karadeniz,Doğu Marmara
Düzce,2017,105892,Aktif Sigortalılar,"01.Toplam Aktif Sigortalı (4a, 4b, 4c)",Kişi,Karadeniz,Doğu Marmara
Düzce,2018,105361,Aktif Sigortalılar,"01.Toplam Aktif Sigortalı (4a, 4b, 4c)",Kişi,Karadeniz,Doğu Marmara
Düzce,2019,104458,Aktif Sigortalılar,"01.Toplam Aktif Sigortalı (4a, 4b, 4c)",Kişi,Karadeniz,Doğu Marmara
Düzce,2020,112960,Aktif Sigortalılar,"01.Toplam Aktif Sigortalı (4a, 4b, 4c)",Kişi,Karadeniz,Doğu Marmara
Düzce,2021,120562,Aktif Sigortalılar,"01.Toplam Aktif Sigortalı (4a, 4b, 4c)",Kişi,Karadeniz,Doğu Marmara
Düzce,2022,131360,Aktif Sigortalılar,"01.Toplam Aktif Sigortalı (4a, 4b, 4c)",Kişi,Karadeniz,Doğu Marmara
Düzce,2023,124948,Aktif Sigortalılar,"01.Toplam Aktif Sigortalı (4a, 4b, 4c)",Kişi,Karadeniz,Doğu Marmara
Düzce,2024,123812,Aktif Sigortalılar,"01.Toplam Aktif Sigortalı (4a, 4b, 4c)",Kişi,Karadeniz,Doğu Marmara
Edirne,2009,85500,Aktif Sigortalılar,"01.Toplam Aktif Sigortalı (4a, 4b, 4c)",Kişi,Marmara,Batı Marmara
Edirne,2010,90777,Aktif Sigortalılar,"01.Toplam Aktif Sigortalı (4a, 4b, 4c)",Kişi,Marmara,Batı Marmara
Edirne,2011,93675,Aktif Sigortalılar,"01.Toplam Aktif Sigortalı (4a, 4b, 4c)",Kişi,Marmara,Batı Marmara
Edirne,2012,97351,Aktif Sigortalılar,"01.Toplam Aktif Sigortalı (4a, 4b, 4c)",Kişi,Marmara,Batı Marmara
Edirne,2013,96897,Aktif Sigortalılar,"01.Toplam Aktif Sigortalı (4a, 4b, 4c)",Kişi,Marmara,Batı Marmara
Edirne,2014,100886,Aktif Sigortalılar,"01.Toplam Aktif Sigortalı (4a, 4b, 4c)",Kişi,Marmara,Batı Marmara
Edirne,2015,103449,Aktif Sigortalılar,"01.Toplam Aktif Sigortalı (4a, 4b, 4c)",Kişi,Marmara,Batı Marmara
Edirne,2016,102149,Aktif Sigortalılar,"01.Toplam Aktif Sigortalı (4a, 4b, 4c)",Kişi,Marmara,Batı Marmara
Edirne,2017,106414,Aktif Sigortalılar,"01.Toplam Aktif Sigortalı (4a, 4b, 4c)",Kişi,Marmara,Batı Marmara
Edirne,2018,107363,Aktif Sigortalılar,"01.Toplam Aktif Sigortalı (4a, 4b, 4c)",Kişi,Marmara,Batı Marmara
Edirne,2019,106133,Aktif Sigortalılar,"01.Toplam Aktif Sigortalı (4a, 4b, 4c)",Kişi,Marmara,Batı Marmara
Edirne,2020,109468,Aktif Sigortalılar,"01.Toplam Aktif Sigortalı (4a, 4b, 4c)",Kişi,Marmara,Batı Marmara
Edirne,2021,114109,Aktif Sigortalılar,"01.Toplam Aktif Sigortalı (4a, 4b, 4c)",Kişi,Marmara,Batı Marmara
Edirne,2022,120507,Aktif Sigortalılar,"01.Toplam Aktif Sigortalı (4a, 4b, 4c)",Kişi,Marmara,Batı Marmara
Edirne,2023,114736,Aktif Sigortalılar,"01.Toplam Aktif Sigortalı (4a, 4b, 4c)",Kişi,Marmara,Batı Marmara
Edirne,2024,117604,Aktif Sigortalılar,"01.Toplam Aktif Sigortalı (4a, 4b, 4c)",Kişi,Marmara,Batı Marmara
Elazığ,2009,89265,Aktif Sigortalılar,"01.Toplam Aktif Sigortalı (4a, 4b, 4c)",Kişi,Doğu Anadolu,Ortadoğu Anadolu
Elazığ,2010,96233,Aktif Sigortalılar,"01.Toplam Aktif Sigortalı (4a, 4b, 4c)",Kişi,Doğu Anadolu,Ortadoğu Anadolu
Elazığ,2011,100765,Aktif Sigortalılar,"01.Toplam Aktif Sigortalı (4a, 4b, 4c)",Kişi,Doğu Anadolu,Ortadoğu Anadolu
Elazığ,2012,103323,Aktif Sigortalılar,"01.Toplam Aktif Sigortalı (4a, 4b, 4c)",Kişi,Doğu Anadolu,Ortadoğu Anadolu
Elazığ,2013,102105,Aktif Sigortalılar,"01.Toplam Aktif Sigortalı (4a, 4b, 4c)",Kişi,Doğu Anadolu,Ortadoğu Anadolu
Elazığ,2014,104840,Aktif Sigortalılar,"01.Toplam Aktif Sigortalı (4a, 4b, 4c)",Kişi,Doğu Anadolu,Ortadoğu Anadolu
Elazığ,2015,109920,Aktif Sigortalılar,"01.Toplam Aktif Sigortalı (4a, 4b, 4c)",Kişi,Doğu Anadolu,Ortadoğu Anadolu
Elazığ,2016,114475,Aktif Sigortalılar,"01.Toplam Aktif Sigortalı (4a, 4b, 4c)",Kişi,Doğu Anadolu,Ortadoğu Anadolu
Elazığ,2017,128997,Aktif Sigortalılar,"01.Toplam Aktif Sigortalı (4a, 4b, 4c)",Kişi,Doğu Anadolu,Ortadoğu Anadolu
Elazığ,2018,124652,Aktif Sigortalılar,"01.Toplam Aktif Sigortalı (4a, 4b, 4c)",Kişi,Doğu Anadolu,Ortadoğu Anadolu
Elazığ,2019,121616,Aktif Sigortalılar,"01.Toplam Aktif Sigortalı (4a, 4b, 4c)",Kişi,Doğu Anadolu,Ortadoğu Anadolu
Elazığ,2020,149148,Aktif Sigortalılar,"01.Toplam Aktif Sigortalı (4a, 4b, 4c)",Kişi,Doğu Anadolu,Ortadoğu Anadolu
Elazığ,2021,142030,Aktif Sigortalılar,"01.Toplam Aktif Sigortalı (4a, 4b, 4c)",Kişi,Doğu Anadolu,Ortadoğu Anadolu
Elazığ,2022,146535,Aktif Sigortalılar,"01.Toplam Aktif Sigortalı (4a, 4b, 4c)",Kişi,Doğu Anadolu,Ortadoğu Anadolu
Elazığ,2023,141960,Aktif Sigortalılar,"01.Toplam Aktif Sigortalı (4a, 4b, 4c)",Kişi,Doğu Anadolu,Ortadoğu Anadolu
Elazığ,2024,146382,Aktif Sigortalılar,"01.Toplam Aktif Sigortalı (4a, 4b, 4c)",Kişi,Doğu Anadolu,Ortadoğu Anadolu
Erzincan,2009,43218,Aktif Sigortalılar,"01.Toplam Aktif Sigortalı (4a, 4b, 4c)",Kişi,Doğu Anadolu,Kuzeydoğu Anadolu
Erzincan,2010,46643,Aktif Sigortalılar,"01.Toplam Aktif Sigortalı (4a, 4b, 4c)",Kişi,Doğu Anadolu,Kuzeydoğu Anadolu
Erzincan,2011,48193,Aktif Sigortalılar,"01.Toplam Aktif Sigortalı (4a, 4b, 4c)",Kişi,Doğu Anadolu,Kuzeydoğu Anadolu
Erzincan,2012,50276,Aktif Sigortalılar,"01.Toplam Aktif Sigortalı (4a, 4b, 4c)",Kişi,Doğu Anadolu,Kuzeydoğu Anadolu
Erzincan,2013,50475,Aktif Sigortalılar,"01.Toplam Aktif Sigortalı (4a, 4b, 4c)",Kişi,Doğu Anadolu,Kuzeydoğu Anadolu
Erzincan,2014,49470,Aktif Sigortalılar,"01.Toplam Aktif Sigortalı (4a, 4b, 4c)",Kişi,Doğu Anadolu,Kuzeydoğu Anadolu
Erzincan,2015,52210,Aktif Sigortalılar,"01.Toplam Aktif Sigortalı (4a, 4b, 4c)",Kişi,Doğu Anadolu,Kuzeydoğu Anadolu
Erzincan,2016,52919,Aktif Sigortalılar,"01.Toplam Aktif Sigortalı (4a, 4b, 4c)",Kişi,Doğu Anadolu,Kuzeydoğu Anadolu
Erzincan,2017,61662,Aktif Sigortalılar,"01.Toplam Aktif Sigortalı (4a, 4b, 4c)",Kişi,Doğu Anadolu,Kuzeydoğu Anadolu
Erzincan,2018,57078,Aktif Sigortalılar,"01.Toplam Aktif Sigortalı (4a, 4b, 4c)",Kişi,Doğu Anadolu,Kuzeydoğu Anadolu
Erzincan,2019,54432,Aktif Sigortalılar,"01.Toplam Aktif Sigortalı (4a, 4b, 4c)",Kişi,Doğu Anadolu,Kuzeydoğu Anadolu
Erzincan,2020,57995,Aktif Sigortalılar,"01.Toplam Aktif Sigortalı (4a, 4b, 4c)",Kişi,Doğu Anadolu,Kuzeydoğu Anadolu
Erzincan,2021,61481,Aktif Sigortalılar,"01.Toplam Aktif Sigortalı (4a, 4b, 4c)",Kişi,Doğu Anadolu,Kuzeydoğu Anadolu
Erzincan,2022,64555,Aktif Sigortalılar,"01.Toplam Aktif Sigortalı (4a, 4b, 4c)",Kişi,Doğu Anadolu,Kuzeydoğu Anadolu
Erzincan,2023,63270,Aktif Sigortalılar,"01.Toplam Aktif Sigortalı (4a, 4b, 4c)",Kişi,Doğu Anadolu,Kuzeydoğu Anadolu
Erzincan,2024,63637,Aktif Sigortalılar,"01.Toplam Aktif Sigortalı (4a, 4b, 4c)",Kişi,Doğu Anadolu,Kuzeydoğu Anadolu
Erzurum,2009,108348,Aktif Sigortalılar,"01.Toplam Aktif Sigortalı (4a, 4b, 4c)",Kişi,Doğu Anadolu,Kuzeydoğu Anadolu
Erzurum,2010,119749,Aktif Sigortalılar,"01.Toplam Aktif Sigortalı (4a, 4b, 4c)",Kişi,Doğu Anadolu,Kuzeydoğu Anadolu
Erzurum,2011,124119,Aktif Sigortalılar,"01.Toplam Aktif Sigortalı (4a, 4b, 4c)",Kişi,Doğu Anadolu,Kuzeydoğu Anadolu
Erzurum,2012,132054,Aktif Sigortalılar,"01.Toplam Aktif Sigortalı (4a, 4b, 4c)",Kişi,Doğu Anadolu,Kuzeydoğu Anadolu
Erzurum,2013,128992,Aktif Sigortalılar,"01.Toplam Aktif Sigortalı (4a, 4b, 4c)",Kişi,Doğu Anadolu,Kuzeydoğu Anadolu
Erzurum,2014,133570,Aktif Sigortalılar,"01.Toplam Aktif Sigortalı (4a, 4b, 4c)",Kişi,Doğu Anadolu,Kuzeydoğu Anadolu
Erzurum,2015,139789,Aktif Sigortalılar,"01.Toplam Aktif Sigortalı (4a, 4b, 4c)",Kişi,Doğu Anadolu,Kuzeydoğu Anadolu
Erzurum,2016,142616,Aktif Sigortalılar,"01.Toplam Aktif Sigortalı (4a, 4b, 4c)",Kişi,Doğu Anadolu,Kuzeydoğu Anadolu
Erzurum,2017,151679,Aktif Sigortalılar,"01.Toplam Aktif Sigortalı (4a, 4b, 4c)",Kişi,Doğu Anadolu,Kuzeydoğu Anadolu
Erzurum,2018,149220,Aktif Sigortalılar,"01.Toplam Aktif Sigortalı (4a, 4b, 4c)",Kişi,Doğu Anadolu,Kuzeydoğu Anadolu
Erzurum,2019,144184,Aktif Sigortalılar,"01.Toplam Aktif Sigortalı (4a, 4b, 4c)",Kişi,Doğu Anadolu,Kuzeydoğu Anadolu
Erzurum,2020,154937,Aktif Sigortalılar,"01.Toplam Aktif Sigortalı (4a, 4b, 4c)",Kişi,Doğu Anadolu,Kuzeydoğu Anadolu
Erzurum,2021,163646,Aktif Sigortalılar,"01.Toplam Aktif Sigortalı (4a, 4b, 4c)",Kişi,Doğu Anadolu,Kuzeydoğu Anadolu
Erzurum,2022,177238,Aktif Sigortalılar,"01.Toplam Aktif Sigortalı (4a, 4b, 4c)",Kişi,Doğu Anadolu,Kuzeydoğu Anadolu
Erzurum,2023,171205,Aktif Sigortalılar,"01.Toplam Aktif Sigortalı (4a, 4b, 4c)",Kişi,Doğu Anadolu,Kuzeydoğu Anadolu
Erzurum,2024,171402,Aktif Sigortalılar,"01.Toplam Aktif Sigortalı (4a, 4b, 4c)",Kişi,Doğu Anadolu,Kuzeydoğu Anadolu
Eskişehir,2009,180866,Aktif Sigortalılar,"01.Toplam Aktif Sigortalı (4a, 4b, 4c)",Kişi,İç Anadolu,Doğu Marmara
Eskişehir,2010,192666,Aktif Sigortalılar,"01.Toplam Aktif Sigortalı (4a, 4b, 4c)",Kişi,İç Anadolu,Doğu Marmara
Eskişehir,2011,209792,Aktif Sigortalılar,"01.Toplam Aktif Sigortalı (4a, 4b, 4c)",Kişi,İç Anadolu,Doğu Marmara
Eskişehir,2012,218238,Aktif Sigortalılar,"01.Toplam Aktif Sigortalı (4a, 4b, 4c)",Kişi,İç Anadolu,Doğu Marmara
Eskişehir,2013,224189,Aktif Sigortalılar,"01.Toplam Aktif Sigortalı (4a, 4b, 4c)",Kişi,İç Anadolu,Doğu Marmara
Eskişehir,2014,236749,Aktif Sigortalılar,"01.Toplam Aktif Sigortalı (4a, 4b, 4c)",Kişi,İç Anadolu,Doğu Marmara
Eskişehir,2015,243555,Aktif Sigortalılar,"01.Toplam Aktif Sigortalı (4a, 4b, 4c)",Kişi,İç Anadolu,Doğu Marmara
Eskişehir,2016,250129,Aktif Sigortalılar,"01.Toplam Aktif Sigortalı (4a, 4b, 4c)",Kişi,İç Anadolu,Doğu Marmara
Eskişehir,2017,261429,Aktif Sigortalılar,"01.Toplam Aktif Sigortalı (4a, 4b, 4c)",Kişi,İç Anadolu,Doğu Marmara
Eskişehir,2018,252233,Aktif Sigortalılar,"01.Toplam Aktif Sigortalı (4a, 4b, 4c)",Kişi,İç Anadolu,Doğu Marmara
Eskişehir,2019,253996,Aktif Sigortalılar,"01.Toplam Aktif Sigortalı (4a, 4b, 4c)",Kişi,İç Anadolu,Doğu Marmara
Eskişehir,2020,267051,Aktif Sigortalılar,"01.Toplam Aktif Sigortalı (4a, 4b, 4c)",Kişi,İç Anadolu,Doğu Marmara
Eskişehir,2021,279449,Aktif Sigortalılar,"01.Toplam Aktif Sigortalı (4a, 4b, 4c)",Kişi,İç Anadolu,Doğu Marmara
Eskişehir,2022,302374,Aktif Sigortalılar,"01.Toplam Aktif Sigortalı (4a, 4b, 4c)",Kişi,İç Anadolu,Doğu Marmara
Eskişehir,2023,283693,Aktif Sigortalılar,"01.Toplam Aktif Sigortalı (4a, 4b, 4c)",Kişi,İç Anadolu,Doğu Marmara
Eskişehir,2024,286600,Aktif Sigortalılar,"01.Toplam Aktif Sigortalı (4a, 4b, 4c)",Kişi,İç Anadolu,Doğu Marmara
Gaziantep,2009,231060,Aktif Sigortalılar,"01.Toplam Aktif Sigortalı (4a, 4b, 4c)",Kişi,Güneydoğu Anadolu,Güneydoğu Anadolu
Gaziantep,2010,264121,Aktif Sigortalılar,"01.Toplam Aktif Sigortalı (4a, 4b, 4c)",Kişi,Güneydoğu Anadolu,Güneydoğu Anadolu
Gaziantep,2011,302822,Aktif Sigortalılar,"01.Toplam Aktif Sigortalı (4a, 4b, 4c)",Kişi,Güneydoğu Anadolu,Güneydoğu Anadolu
Gaziantep,2012,342884,Aktif Sigortalılar,"01.Toplam Aktif Sigortalı (4a, 4b, 4c)",Kişi,Güneydoğu Anadolu,Güneydoğu Anadolu
Gaziantep,2013,365913,Aktif Sigortalılar,"01.Toplam Aktif Sigortalı (4a, 4b, 4c)",Kişi,Güneydoğu Anadolu,Güneydoğu Anadolu
Gaziantep,2014,387539,Aktif Sigortalılar,"01.Toplam Aktif Sigortalı (4a, 4b, 4c)",Kişi,Güneydoğu Anadolu,Güneydoğu Anadolu
Gaziantep,2015,397494,Aktif Sigortalılar,"01.Toplam Aktif Sigortalı (4a, 4b, 4c)",Kişi,Güneydoğu Anadolu,Güneydoğu Anadolu
Gaziantep,2016,412187,Aktif Sigortalılar,"01.Toplam Aktif Sigortalı (4a, 4b, 4c)",Kişi,Güneydoğu Anadolu,Güneydoğu Anadolu
Gaziantep,2017,449207,Aktif Sigortalılar,"01.Toplam Aktif Sigortalı (4a, 4b, 4c)",Kişi,Güneydoğu Anadolu,Güneydoğu Anadolu
Gaziantep,2018,449128,Aktif Sigortalılar,"01.Toplam Aktif Sigortalı (4a, 4b, 4c)",Kişi,Güneydoğu Anadolu,Güneydoğu Anadolu
Gaziantep,2019,454118,Aktif Sigortalılar,"01.Toplam Aktif Sigortalı (4a, 4b, 4c)",Kişi,Güneydoğu Anadolu,Güneydoğu Anadolu
Gaziantep,2020,505877,Aktif Sigortalılar,"01.Toplam Aktif Sigortalı (4a, 4b, 4c)",Kişi,Güneydoğu Anadolu,Güneydoğu Anadolu
Gaziantep,2021,546411,Aktif Sigortalılar,"01.Toplam Aktif Sigortalı (4a, 4b, 4c)",Kişi,Güneydoğu Anadolu,Güneydoğu Anadolu
Gaziantep,2022,592396,Aktif Sigortalılar,"01.Toplam Aktif Sigortalı (4a, 4b, 4c)",Kişi,Güneydoğu Anadolu,Güneydoğu Anadolu
Gaziantep,2023,593637,Aktif Sigortalılar,"01.Toplam Aktif Sigortalı (4a, 4b, 4c)",Kişi,Güneydoğu Anadolu,Güneydoğu Anadolu
Gaziantep,2024,589595,Aktif Sigortalılar,"01.Toplam Aktif Sigortalı (4a, 4b, 4c)",Kişi,Güneydoğu Anadolu,Güneydoğu Anadolu
Giresun,2009,78885,Aktif Sigortalılar,"01.Toplam Aktif Sigortalı (4a, 4b, 4c)",Kişi,Karadeniz,Doğu Karadeniz
Giresun,2010,82153,Aktif Sigortalılar,"01.Toplam Aktif Sigortalı (4a, 4b, 4c)",Kişi,Karadeniz,Doğu Karadeniz
Giresun,2011,86012,Aktif Sigortalılar,"01.Toplam Aktif Sigortalı (4a, 4b, 4c)",Kişi,Karadeniz,Doğu Karadeniz
Giresun,2012,85967,Aktif Sigortalılar,"01.Toplam Aktif Sigortalı (4a, 4b, 4c)",Kişi,Karadeniz,Doğu Karadeniz
Giresun,2013,85477,Aktif Sigortalılar,"01.Toplam Aktif Sigortalı (4a, 4b, 4c)",Kişi,Karadeniz,Doğu Karadeniz
Giresun,2014,85892,Aktif Sigortalılar,"01.Toplam Aktif Sigortalı (4a, 4b, 4c)",Kişi,Karadeniz,Doğu Karadeniz
Giresun,2015,90599,Aktif Sigortalılar,"01.Toplam Aktif Sigortalı (4a, 4b, 4c)",Kişi,Karadeniz,Doğu Karadeniz
Giresun,2016,97399,Aktif Sigortalılar,"01.Toplam Aktif Sigortalı (4a, 4b, 4c)",Kişi,Karadeniz,Doğu Karadeniz
Giresun,2017,103562,Aktif Sigortalılar,"01.Toplam Aktif Sigortalı (4a, 4b, 4c)",Kişi,Karadeniz,Doğu Karadeniz
Giresun,2018,99874,Aktif Sigortalılar,"01.Toplam Aktif Sigortalı (4a, 4b, 4c)",Kişi,Karadeniz,Doğu Karadeniz
Giresun,2019,100418,Aktif Sigortalılar,"01.Toplam Aktif Sigortalı (4a, 4b, 4c)",Kişi,Karadeniz,Doğu Karadeniz
Giresun,2020,103178,Aktif Sigortalılar,"01.Toplam Aktif Sigortalı (4a, 4b, 4c)",Kişi,Karadeniz,Doğu Karadeniz
Giresun,2021,108767,Aktif Sigortalılar,"01.Toplam Aktif Sigortalı (4a, 4b, 4c)",Kişi,Karadeniz,Doğu Karadeniz
Giresun,2022,114853,Aktif Sigortalılar,"01.Toplam Aktif Sigortalı (4a, 4b, 4c)",Kişi,Karadeniz,Doğu Karadeniz
Giresun,2023,108886,Aktif Sigortalılar,"01.Toplam Aktif Sigortalı (4a, 4b, 4c)",Kişi,Karadeniz,Doğu Karadeniz
Giresun,2024,109993,Aktif Sigortalılar,"01.Toplam Aktif Sigortalı (4a, 4b, 4c)",Kişi,Karadeniz,Doğu Karadeniz
Gümüşhane,2009,22189,Aktif Sigortalılar,"01.Toplam Aktif Sigortalı (4a, 4b, 4c)",Kişi,Karadeniz,Doğu Karadeniz
Gümüşhane,2010,24420,Aktif Sigortalılar,"01.Toplam Aktif Sigortalı (4a, 4b, 4c)",Kişi,Karadeniz,Doğu Karadeniz
Gümüşhane,2011,26414,Aktif Sigortalılar,"01.Toplam Aktif Sigortalı (4a, 4b, 4c)",Kişi,Karadeniz,Doğu Karadeniz
Gümüşhane,2012,27454,Aktif Sigortalılar,"01.Toplam Aktif Sigortalı (4a, 4b, 4c)",Kişi,Karadeniz,Doğu Karadeniz
Gümüşhane,2013,27065,Aktif Sigortalılar,"01.Toplam Aktif Sigortalı (4a, 4b, 4c)",Kişi,Karadeniz,Doğu Karadeniz
Gümüşhane,2014,26147,Aktif Sigortalılar,"01.Toplam Aktif Sigortalı (4a, 4b, 4c)",Kişi,Karadeniz,Doğu Karadeniz
Gümüşhane,2015,28282,Aktif Sigortalılar,"01.Toplam Aktif Sigortalı (4a, 4b, 4c)",Kişi,Karadeniz,Doğu Karadeniz
Gümüşhane,2016,27522,Aktif Sigortalılar,"01.Toplam Aktif Sigortalı (4a, 4b, 4c)",Kişi,Karadeniz,Doğu Karadeniz
Gümüşhane,2017,29693,Aktif Sigortalılar,"01.Toplam Aktif Sigortalı (4a, 4b, 4c)",Kişi,Karadeniz,Doğu Karadeniz
Gümüşhane,2018,28496,Aktif Sigortalılar,"01.Toplam Aktif Sigortalı (4a, 4b, 4c)",Kişi,Karadeniz,Doğu Karadeniz
Gümüşhane,2019,28299,Aktif Sigortalılar,"01.Toplam Aktif Sigortalı (4a, 4b, 4c)",Kişi,Karadeniz,Doğu Karadeniz
Gümüşhane,2020,28565,Aktif Sigortalılar,"01.Toplam Aktif Sigortalı (4a, 4b, 4c)",Kişi,Karadeniz,Doğu Karadeniz
Gümüşhane,2021,28253,Aktif Sigortalılar,"01.Toplam Aktif Sigortalı (4a, 4b, 4c)",Kişi,Karadeniz,Doğu Karadeniz
Gümüşhane,2022,29826,Aktif Sigortalılar,"01.Toplam Aktif Sigortalı (4a, 4b, 4c)",Kişi,Karadeniz,Doğu Karadeniz
Gümüşhane,2023,28022,Aktif Sigortalılar,"01.Toplam Aktif Sigortalı (4a, 4b, 4c)",Kişi,Karadeniz,Doğu Karadeniz
Gümüşhane,2024,28015,Aktif Sigortalılar,"01.Toplam Aktif Sigortalı (4a, 4b, 4c)",Kişi,Karadeniz,Doğu Karadeniz
Hakkari,2009,23558,Aktif Sigortalılar,"01.Toplam Aktif Sigortalı (4a, 4b, 4c)",Kişi,Doğu Anadolu,Ortadoğu Anadolu
Hakkari,2010,26530,Aktif Sigortalılar,"01.Toplam Aktif Sigortalı (4a, 4b, 4c)",Kişi,Doğu Anadolu,Ortadoğu Anadolu
Hakkari,2011,28342,Aktif Sigortalılar,"01.Toplam Aktif Sigortalı (4a, 4b, 4c)",Kişi,Doğu Anadolu,Ortadoğu Anadolu
Hakkari,2012,31140,Aktif Sigortalılar,"01.Toplam Aktif Sigortalı (4a, 4b, 4c)",Kişi,Doğu Anadolu,Ortadoğu Anadolu
Hakkari,2013,34205,Aktif Sigortalılar,"01.Toplam Aktif Sigortalı (4a, 4b, 4c)",Kişi,Doğu Anadolu,Ortadoğu Anadolu
Hakkari,2014,36534,Aktif Sigortalılar,"01.Toplam Aktif Sigortalı (4a, 4b, 4c)",Kişi,Doğu Anadolu,Ortadoğu Anadolu
Hakkari,2015,44644,Aktif Sigortalılar,"01.Toplam Aktif Sigortalı (4a, 4b, 4c)",Kişi,Doğu Anadolu,Ortadoğu Anadolu
Hakkari,2016,48474,Aktif Sigortalılar,"01.Toplam Aktif Sigortalı (4a, 4b, 4c)",Kişi,Doğu Anadolu,Ortadoğu Anadolu
Hakkari,2017,53429,Aktif Sigortalılar,"01.Toplam Aktif Sigortalı (4a, 4b, 4c)",Kişi,Doğu Anadolu,Ortadoğu Anadolu
Hakkari,2018,59672,Aktif Sigortalılar,"01.Toplam Aktif Sigortalı (4a, 4b, 4c)",Kişi,Doğu Anadolu,Ortadoğu Anadolu
Hakkari,2019,57854,Aktif Sigortalılar,"01.Toplam Aktif Sigortalı (4a, 4b, 4c)",Kişi,Doğu Anadolu,Ortadoğu Anadolu
Hakkari,2020,62611,Aktif Sigortalılar,"01.Toplam Aktif Sigortalı (4a, 4b, 4c)",Kişi,Doğu Anadolu,Ortadoğu Anadolu
Hakkari,2021,65074,Aktif Sigortalılar,"01.Toplam Aktif Sigortalı (4a, 4b, 4c)",Kişi,Doğu Anadolu,Ortadoğu Anadolu
Hakkari,2022,81885,Aktif Sigortalılar,"01.Toplam Aktif Sigortalı (4a, 4b, 4c)",Kişi,Doğu Anadolu,Ortadoğu Anadolu
Hakkari,2023,66107,Aktif Sigortalılar,"01.Toplam Aktif Sigortalı (4a, 4b, 4c)",Kişi,Doğu Anadolu,Ortadoğu Anadolu
Hakkari,2024,63524,Aktif Sigortalılar,"01.Toplam Aktif Sigortalı (4a, 4b, 4c)",Kişi,Doğu Anadolu,Ortadoğu Anadolu
Hatay,2009,210891,Aktif Sigortalılar,"01.Toplam Aktif Sigortalı (4a, 4b, 4c)",Kişi,Akdeniz,Akdeniz
Hatay,2010,227558,Aktif Sigortalılar,"01.Toplam Aktif Sigortalı (4a, 4b, 4c)",Kişi,Akdeniz,Akdeniz
Hatay,2011,242246,Aktif Sigortalılar,"01.Toplam Aktif Sigortalı (4a, 4b, 4c)",Kişi,Akdeniz,Akdeniz
Hatay,2012,251551,Aktif Sigortalılar,"01.Toplam Aktif Sigortalı (4a, 4b, 4c)",Kişi,Akdeniz,Akdeniz
Hatay,2013,261450,Aktif Sigortalılar,"01.Toplam Aktif Sigortalı (4a, 4b, 4c)",Kişi,Akdeniz,Akdeniz
Hatay,2014,268062,Aktif Sigortalılar,"01.Toplam Aktif Sigortalı (4a, 4b, 4c)",Kişi,Akdeniz,Akdeniz
Hatay,2015,282492,Aktif Sigortalılar,"01.Toplam Aktif Sigortalı (4a, 4b, 4c)",Kişi,Akdeniz,Akdeniz
Hatay,2016,300676,Aktif Sigortalılar,"01.Toplam Aktif Sigortalı (4a, 4b, 4c)",Kişi,Akdeniz,Akdeniz
Hatay,2017,316850,Aktif Sigortalılar,"01.Toplam Aktif Sigortalı (4a, 4b, 4c)",Kişi,Akdeniz,Akdeniz
Hatay,2018,315069,Aktif Sigortalılar,"01.Toplam Aktif Sigortalı (4a, 4b, 4c)",Kişi,Akdeniz,Akdeniz
Hatay,2019,310710,Aktif Sigortalılar,"01.Toplam Aktif Sigortalı (4a, 4b, 4c)",Kişi,Akdeniz,Akdeniz
Hatay,2020,332425,Aktif Sigortalılar,"01.Toplam Aktif Sigortalı (4a, 4b, 4c)",Kişi,Akdeniz,Akdeniz
Hatay,2021,356543,Aktif Sigortalılar,"01.Toplam Aktif Sigortalı (4a, 4b, 4c)",Kişi,Akdeniz,Akdeniz
Hatay,2022,384818,Aktif Sigortalılar,"01.Toplam Aktif Sigortalı (4a, 4b, 4c)",Kişi,Akdeniz,Akdeniz
Hatay,2023,342227,Aktif Sigortalılar,"01.Toplam Aktif Sigortalı (4a, 4b, 4c)",Kişi,Akdeniz,Akdeniz
Hatay,2024,415207,Aktif Sigortalılar,"01.Toplam Aktif Sigortalı (4a, 4b, 4c)",Kişi,Akdeniz,Akdeniz
Isparta,2009,87525,Aktif Sigortalılar,"01.Toplam Aktif Sigortalı (4a, 4b, 4c)",Kişi,Akdeniz,Akdeniz
Isparta,2010,91958,Aktif Sigortalılar,"01.Toplam Aktif Sigortalı (4a, 4b, 4c)",Kişi,Akdeniz,Akdeniz
Isparta,2011,94031,Aktif Sigortalılar,"01.Toplam Aktif Sigortalı (4a, 4b, 4c)",Kişi,Akdeniz,Akdeniz
Isparta,2012,93280,Aktif Sigortalılar,"01.Toplam Aktif Sigortalı (4a, 4b, 4c)",Kişi,Akdeniz,Akdeniz
Isparta,2013,96812,Aktif Sigortalılar,"01.Toplam Aktif Sigortalı (4a, 4b, 4c)",Kişi,Akdeniz,Akdeniz
Isparta,2014,100435,Aktif Sigortalılar,"01.Toplam Aktif Sigortalı (4a, 4b, 4c)",Kişi,Akdeniz,Akdeniz
Isparta,2015,108992,Aktif Sigortalılar,"01.Toplam Aktif Sigortalı (4a, 4b, 4c)",Kişi,Akdeniz,Akdeniz
Isparta,2016,111649,Aktif Sigortalılar,"01.Toplam Aktif Sigortalı (4a, 4b, 4c)",Kişi,Akdeniz,Akdeniz
Isparta,2017,122429,Aktif Sigortalılar,"01.Toplam Aktif Sigortalı (4a, 4b, 4c)",Kişi,Akdeniz,Akdeniz
Isparta,2018,126475,Aktif Sigortalılar,"01.Toplam Aktif Sigortalı (4a, 4b, 4c)",Kişi,Akdeniz,Akdeniz
Isparta,2019,125441,Aktif Sigortalılar,"01.Toplam Aktif Sigortalı (4a, 4b, 4c)",Kişi,Akdeniz,Akdeniz
Isparta,2020,124158,Aktif Sigortalılar,"01.Toplam Aktif Sigortalı (4a, 4b, 4c)",Kişi,Akdeniz,Akdeniz
Isparta,2021,128406,Aktif Sigortalılar,"01.Toplam Aktif Sigortalı (4a, 4b, 4c)",Kişi,Akdeniz,Akdeniz
Isparta,2022,133678,Aktif Sigortalılar,"01.Toplam Aktif Sigortalı (4a, 4b, 4c)",Kişi,Akdeniz,Akdeniz
Isparta,2023,129622,Aktif Sigortalılar,"01.Toplam Aktif Sigortalı (4a, 4b, 4c)",Kişi,Akdeniz,Akdeniz
Isparta,2024,130994,Aktif Sigortalılar,"01.Toplam Aktif Sigortalı (4a, 4b, 4c)",Kişi,Akdeniz,Akdeniz
Iğdır,2009,18549,Aktif Sigortalılar,"01.Toplam Aktif Sigortalı (4a, 4b, 4c)",Kişi,Doğu Anadolu,Kuzeydoğu Anadolu
Iğdır,2010,21891,Aktif Sigortalılar,"01.Toplam Aktif Sigortalı (4a, 4b, 4c)",Kişi,Doğu Anadolu,Kuzeydoğu Anadolu
Iğdır,2011,23909,Aktif Sigortalılar,"01.Toplam Aktif Sigortalı (4a, 4b, 4c)",Kişi,Doğu Anadolu,Kuzeydoğu Anadolu
Iğdır,2012,25748,Aktif Sigortalılar,"01.Toplam Aktif Sigortalı (4a, 4b, 4c)",Kişi,Doğu Anadolu,Kuzeydoğu Anadolu
Iğdır,2013,25692,Aktif Sigortalılar,"01.Toplam Aktif Sigortalı (4a, 4b, 4c)",Kişi,Doğu Anadolu,Kuzeydoğu Anadolu
Iğdır,2014,26868,Aktif Sigortalılar,"01.Toplam Aktif Sigortalı (4a, 4b, 4c)",Kişi,Doğu Anadolu,Kuzeydoğu Anadolu
Iğdır,2015,28664,Aktif Sigortalılar,"01.Toplam Aktif Sigortalı (4a, 4b, 4c)",Kişi,Doğu Anadolu,Kuzeydoğu Anadolu
Iğdır,2016,29691,Aktif Sigortalılar,"01.Toplam Aktif Sigortalı (4a, 4b, 4c)",Kişi,Doğu Anadolu,Kuzeydoğu Anadolu
Iğdır,2017,32460,Aktif Sigortalılar,"01.Toplam Aktif Sigortalı (4a, 4b, 4c)",Kişi,Doğu Anadolu,Kuzeydoğu Anadolu
Iğdır,2018,32023,Aktif Sigortalılar,"01.Toplam Aktif Sigortalı (4a, 4b, 4c)",Kişi,Doğu Anadolu,Kuzeydoğu Anadolu
Iğdır,2019,31653,Aktif Sigortalılar,"01.Toplam Aktif Sigortalı (4a, 4b, 4c)",Kişi,Doğu Anadolu,Kuzeydoğu Anadolu
Iğdır,2020,34500,Aktif Sigortalılar,"01.Toplam Aktif Sigortalı (4a, 4b, 4c)",Kişi,Doğu Anadolu,Kuzeydoğu Anadolu
Iğdır,2021,37041,Aktif Sigortalılar,"01.Toplam Aktif Sigortalı (4a, 4b, 4c)",Kişi,Doğu Anadolu,Kuzeydoğu Anadolu
Iğdır,2022,39085,Aktif Sigortalılar,"01.Toplam Aktif Sigortalı (4a, 4b, 4c)",Kişi,Doğu Anadolu,Kuzeydoğu Anadolu
Iğdır,2023,40813,Aktif Sigortalılar,"01.Toplam Aktif Sigortalı (4a, 4b, 4c)",Kişi,Doğu Anadolu,Kuzeydoğu Anadolu
Iğdır,2024,42062,Aktif Sigortalılar,"01.Toplam Aktif Sigortalı (4a, 4b, 4c)",Kişi,Doğu Anadolu,Kuzeydoğu Anadolu
Kahramanmaraş,2009,158784,Aktif Sigortalılar,"01.Toplam Aktif Sigortalı (4a, 4b, 4c)",Kişi,Akdeniz,Akdeniz
Kahramanmaraş,2010,167338,Aktif Sigortalılar,"01.Toplam Aktif Sigortalı (4a, 4b, 4c)",Kişi,Akdeniz,Akdeniz
Kahramanmaraş,2011,178400,Aktif Sigortalılar,"01.Toplam Aktif Sigortalı (4a, 4b, 4c)",Kişi,Akdeniz,Akdeniz
Kahramanmaraş,2012,191514,Aktif Sigortalılar,"01.Toplam Aktif Sigortalı (4a, 4b, 4c)",Kişi,Akdeniz,Akdeniz
Kahramanmaraş,2013,195335,Aktif Sigortalılar,"01.Toplam Aktif Sigortalı (4a, 4b, 4c)",Kişi,Akdeniz,Akdeniz
Kahramanmaraş,2014,204125,Aktif Sigortalılar,"01.Toplam Aktif Sigortalı (4a, 4b, 4c)",Kişi,Akdeniz,Akdeniz
Kahramanmaraş,2015,216064,Aktif Sigortalılar,"01.Toplam Aktif Sigortalı (4a, 4b, 4c)",Kişi,Akdeniz,Akdeniz
Kahramanmaraş,2016,227888,Aktif Sigortalılar,"01.Toplam Aktif Sigortalı (4a, 4b, 4c)",Kişi,Akdeniz,Akdeniz
Kahramanmaraş,2017,240989,Aktif Sigortalılar,"01.Toplam Aktif Sigortalı (4a, 4b, 4c)",Kişi,Akdeniz,Akdeniz
Kahramanmaraş,2018,236855,Aktif Sigortalılar,"01.Toplam Aktif Sigortalı (4a, 4b, 4c)",Kişi,Akdeniz,Akdeniz
Kahramanmaraş,2019,238175,Aktif Sigortalılar,"01.Toplam Aktif Sigortalı (4a, 4b, 4c)",Kişi,Akdeniz,Akdeniz
Kahramanmaraş,2020,256940,Aktif Sigortalılar,"01.Toplam Aktif Sigortalı (4a, 4b, 4c)",Kişi,Akdeniz,Akdeniz
Kahramanmaraş,2021,275590,Aktif Sigortalılar,"01.Toplam Aktif Sigortalı (4a, 4b, 4c)",Kişi,Akdeniz,Akdeniz
Kahramanmaraş,2022,292459,Aktif Sigortalılar,"01.Toplam Aktif Sigortalı (4a, 4b, 4c)",Kişi,Akdeniz,Akdeniz
Kahramanmaraş,2023,265914,Aktif Sigortalılar,"01.Toplam Aktif Sigortalı (4a, 4b, 4c)",Kişi,Akdeniz,Akdeniz
Kahramanmaraş,2024,297998,Aktif Sigortalılar,"01.Toplam Aktif Sigortalı (4a, 4b, 4c)",Kişi,Akdeniz,Akdeniz
Karabük,2009,43459,Aktif Sigortalılar,"01.Toplam Aktif Sigortalı (4a, 4b, 4c)",Kişi,Karadeniz,Batı Karadeniz
Karabük,2010,47573,Aktif Sigortalılar,"01.Toplam Aktif Sigortalı (4a, 4b, 4c)",Kişi,Karadeniz,Batı Karadeniz
Karabük,2011,50436,Aktif Sigortalılar,"01.Toplam Aktif Sigortalı (4a, 4b, 4c)",Kişi,Karadeniz,Batı Karadeniz
Karabük,2012,52253,Aktif Sigortalılar,"01.Toplam Aktif Sigortalı (4a, 4b, 4c)",Kişi,Karadeniz,Batı Karadeniz
Karabük,2013,55183,Aktif Sigortalılar,"01.Toplam Aktif Sigortalı (4a, 4b, 4c)",Kişi,Karadeniz,Batı Karadeniz
Karabük,2014,55720,Aktif Sigortalılar,"01.Toplam Aktif Sigortalı (4a, 4b, 4c)",Kişi,Karadeniz,Batı Karadeniz
Karabük,2015,59295,Aktif Sigortalılar,"01.Toplam Aktif Sigortalı (4a, 4b, 4c)",Kişi,Karadeniz,Batı Karadeniz
Karabük,2016,61024,Aktif Sigortalılar,"01.Toplam Aktif Sigortalı (4a, 4b, 4c)",Kişi,Karadeniz,Batı Karadeniz
Karabük,2017,63729,Aktif Sigortalılar,"01.Toplam Aktif Sigortalı (4a, 4b, 4c)",Kişi,Karadeniz,Batı Karadeniz
Karabük,2018,64297,Aktif Sigortalılar,"01.Toplam Aktif Sigortalı (4a, 4b, 4c)",Kişi,Karadeniz,Batı Karadeniz
Karabük,2019,63106,Aktif Sigortalılar,"01.Toplam Aktif Sigortalı (4a, 4b, 4c)",Kişi,Karadeniz,Batı Karadeniz
Karabük,2020,61683,Aktif Sigortalılar,"01.Toplam Aktif Sigortalı (4a, 4b, 4c)",Kişi,Karadeniz,Batı Karadeniz
Karabük,2021,62874,Aktif Sigortalılar,"01.Toplam Aktif Sigortalı (4a, 4b, 4c)",Kişi,Karadeniz,Batı Karadeniz
Karabük,2022,67228,Aktif Sigortalılar,"01.Toplam Aktif Sigortalı (4a, 4b, 4c)",Kişi,Karadeniz,Batı Karadeniz
Karabük,2023,65603,Aktif Sigortalılar,"01.Toplam Aktif Sigortalı (4a, 4b, 4c)",Kişi,Karadeniz,Batı Karadeniz
Karabük,2024,65543,Aktif Sigortalılar,"01.Toplam Aktif Sigortalı (4a, 4b, 4c)",Kişi,Karadeniz,Batı Karadeniz
Karaman,2009,48442,Aktif Sigortalılar,"01.Toplam Aktif Sigortalı (4a, 4b, 4c)",Kişi,İç Anadolu,Batı Anadolu
Karaman,2010,53204,Aktif Sigortalılar,"01.Toplam Aktif Sigortalı (4a, 4b, 4c)",Kişi,İç Anadolu,Batı Anadolu
Karaman,2011,56134,Aktif Sigortalılar,"01.Toplam Aktif Sigortalı (4a, 4b, 4c)",Kişi,İç Anadolu,Batı Anadolu
Karaman,2012,60301,Aktif Sigortalılar,"01.Toplam Aktif Sigortalı (4a, 4b, 4c)",Kişi,İç Anadolu,Batı Anadolu
Karaman,2013,61574,Aktif Sigortalılar,"01.Toplam Aktif Sigortalı (4a, 4b, 4c)",Kişi,İç Anadolu,Batı Anadolu
Karaman,2014,64215,Aktif Sigortalılar,"01.Toplam Aktif Sigortalı (4a, 4b, 4c)",Kişi,İç Anadolu,Batı Anadolu
Karaman,2015,67318,Aktif Sigortalılar,"01.Toplam Aktif Sigortalı (4a, 4b, 4c)",Kişi,İç Anadolu,Batı Anadolu
Karaman,2016,67941,Aktif Sigortalılar,"01.Toplam Aktif Sigortalı (4a, 4b, 4c)",Kişi,İç Anadolu,Batı Anadolu
Karaman,2017,72393,Aktif Sigortalılar,"01.Toplam Aktif Sigortalı (4a, 4b, 4c)",Kişi,İç Anadolu,Batı Anadolu
Karaman,2018,66703,Aktif Sigortalılar,"01.Toplam Aktif Sigortalı (4a, 4b, 4c)",Kişi,İç Anadolu,Batı Anadolu
Karaman,2019,65728,Aktif Sigortalılar,"01.Toplam Aktif Sigortalı (4a, 4b, 4c)",Kişi,İç Anadolu,Batı Anadolu
Karaman,2020,70144,Aktif Sigortalılar,"01.Toplam Aktif Sigortalı (4a, 4b, 4c)",Kişi,İç Anadolu,Batı Anadolu
Karaman,2021,72653,Aktif Sigortalılar,"01.Toplam Aktif Sigortalı (4a, 4b, 4c)",Kişi,İç Anadolu,Batı Anadolu
Karaman,2022,76538,Aktif Sigortalılar,"01.Toplam Aktif Sigortalı (4a, 4b, 4c)",Kişi,İç Anadolu,Batı Anadolu
Karaman,2023,72341,Aktif Sigortalılar,"01.Toplam Aktif Sigortalı (4a, 4b, 4c)",Kişi,İç Anadolu,Batı Anadolu
Karaman,2024,72457,Aktif Sigortalılar,"01.Toplam Aktif Sigortalı (4a, 4b, 4c)",Kişi,İç Anadolu,Batı Anadolu
Kars,2009,33398,Aktif Sigortalılar,"01.Toplam Aktif Sigortalı (4a, 4b, 4c)",Kişi,Doğu Anadolu,Kuzeydoğu Anadolu
Kars,2010,35157,Aktif Sigortalılar,"01.Toplam Aktif Sigortalı (4a, 4b, 4c)",Kişi,Doğu Anadolu,Kuzeydoğu Anadolu
Kars,2011,37747,Aktif Sigortalılar,"01.Toplam Aktif Sigortalı (4a, 4b, 4c)",Kişi,Doğu Anadolu,Kuzeydoğu Anadolu
Kars,2012,42967,Aktif Sigortalılar,"01.Toplam Aktif Sigortalı (4a, 4b, 4c)",Kişi,Doğu Anadolu,Kuzeydoğu Anadolu
Kars,2013,42529,Aktif Sigortalılar,"01.Toplam Aktif Sigortalı (4a, 4b, 4c)",Kişi,Doğu Anadolu,Kuzeydoğu Anadolu
Kars,2014,43355,Aktif Sigortalılar,"01.Toplam Aktif Sigortalı (4a, 4b, 4c)",Kişi,Doğu Anadolu,Kuzeydoğu Anadolu
Kars,2015,46761,Aktif Sigortalılar,"01.Toplam Aktif Sigortalı (4a, 4b, 4c)",Kişi,Doğu Anadolu,Kuzeydoğu Anadolu
Kars,2016,47793,Aktif Sigortalılar,"01.Toplam Aktif Sigortalı (4a, 4b, 4c)",Kişi,Doğu Anadolu,Kuzeydoğu Anadolu
Kars,2017,51297,Aktif Sigortalılar,"01.Toplam Aktif Sigortalı (4a, 4b, 4c)",Kişi,Doğu Anadolu,Kuzeydoğu Anadolu
Kars,2018,49896,Aktif Sigortalılar,"01.Toplam Aktif Sigortalı (4a, 4b, 4c)",Kişi,Doğu Anadolu,Kuzeydoğu Anadolu
Kars,2019,48361,Aktif Sigortalılar,"01.Toplam Aktif Sigortalı (4a, 4b, 4c)",Kişi,Doğu Anadolu,Kuzeydoğu Anadolu
Kars,2020,50557,Aktif Sigortalılar,"01.Toplam Aktif Sigortalı (4a, 4b, 4c)",Kişi,Doğu Anadolu,Kuzeydoğu Anadolu
Kars,2021,52066,Aktif Sigortalılar,"01.Toplam Aktif Sigortalı (4a, 4b, 4c)",Kişi,Doğu Anadolu,Kuzeydoğu Anadolu
Kars,2022,54872,Aktif Sigortalılar,"01.Toplam Aktif Sigortalı (4a, 4b, 4c)",Kişi,Doğu Anadolu,Kuzeydoğu Anadolu
Kars,2023,52835,Aktif Sigortalılar,"01.Toplam Aktif Sigortalı (4a, 4b, 4c)",Kişi,Doğu Anadolu,Kuzeydoğu Anadolu
Kars,2024,54435,Aktif Sigortalılar,"01.Toplam Aktif Sigortalı (4a, 4b, 4c)",Kişi,Doğu Anadolu,Kuzeydoğu Anadolu
Kastamonu,2009,72478,Aktif Sigortalılar,"01.Toplam Aktif Sigortalı (4a, 4b, 4c)",Kişi,Karadeniz,Batı Karadeniz
Kastamonu,2010,78969,Aktif Sigortalılar,"01.Toplam Aktif Sigortalı (4a, 4b, 4c)",Kişi,Karadeniz,Batı Karadeniz
Kastamonu,2011,81170,Aktif Sigortalılar,"01.Toplam Aktif Sigortalı (4a, 4b, 4c)",Kişi,Karadeniz,Batı Karadeniz
Kastamonu,2012,82751,Aktif Sigortalılar,"01.Toplam Aktif Sigortalı (4a, 4b, 4c)",Kişi,Karadeniz,Batı Karadeniz
Kastamonu,2013,81721,Aktif Sigortalılar,"01.Toplam Aktif Sigortalı (4a, 4b, 4c)",Kişi,Karadeniz,Batı Karadeniz
Kastamonu,2014,83457,Aktif Sigortalılar,"01.Toplam Aktif Sigortalı (4a, 4b, 4c)",Kişi,Karadeniz,Batı Karadeniz
Kastamonu,2015,86949,Aktif Sigortalılar,"01.Toplam Aktif Sigortalı (4a, 4b, 4c)",Kişi,Karadeniz,Batı Karadeniz
Kastamonu,2016,86682,Aktif Sigortalılar,"01.Toplam Aktif Sigortalı (4a, 4b, 4c)",Kişi,Karadeniz,Batı Karadeniz
Kastamonu,2017,95641,Aktif Sigortalılar,"01.Toplam Aktif Sigortalı (4a, 4b, 4c)",Kişi,Karadeniz,Batı Karadeniz
Kastamonu,2018,95832,Aktif Sigortalılar,"01.Toplam Aktif Sigortalı (4a, 4b, 4c)",Kişi,Karadeniz,Batı Karadeniz
Kastamonu,2019,93565,Aktif Sigortalılar,"01.Toplam Aktif Sigortalı (4a, 4b, 4c)",Kişi,Karadeniz,Batı Karadeniz
Kastamonu,2020,95541,Aktif Sigortalılar,"01.Toplam Aktif Sigortalı (4a, 4b, 4c)",Kişi,Karadeniz,Batı Karadeniz
Kastamonu,2021,99651,Aktif Sigortalılar,"01.Toplam Aktif Sigortalı (4a, 4b, 4c)",Kişi,Karadeniz,Batı Karadeniz
Kastamonu,2022,106634,Aktif Sigortalılar,"01.Toplam Aktif Sigortalı (4a, 4b, 4c)",Kişi,Karadeniz,Batı Karadeniz
Kastamonu,2023,102315,Aktif Sigortalılar,"01.Toplam Aktif Sigortalı (4a, 4b, 4c)",Kişi,Karadeniz,Batı Karadeniz
Kastamonu,2024,102176,Aktif Sigortalılar,"01.Toplam Aktif Sigortalı (4a, 4b, 4c)",Kişi,Karadeniz,Batı Karadeniz
Kayseri,2009,240573,Aktif Sigortalılar,"01.Toplam Aktif Sigortalı (4a, 4b, 4c)",Kişi,İç Anadolu,Orta Anadolu
Kayseri,2010,258861,Aktif Sigortalılar,"01.Toplam Aktif Sigortalı (4a, 4b, 4c)",Kişi,İç Anadolu,Orta Anadolu
Kayseri,2011,278802,Aktif Sigortalılar,"01.Toplam Aktif Sigortalı (4a, 4b, 4c)",Kişi,İç Anadolu,Orta Anadolu
Kayseri,2012,290101,Aktif Sigortalılar,"01.Toplam Aktif Sigortalı (4a, 4b, 4c)",Kişi,İç Anadolu,Orta Anadolu
Kayseri,2013,304039,Aktif Sigortalılar,"01.Toplam Aktif Sigortalı (4a, 4b, 4c)",Kişi,İç Anadolu,Orta Anadolu
Kayseri,2014,316366,Aktif Sigortalılar,"01.Toplam Aktif Sigortalı (4a, 4b, 4c)",Kişi,İç Anadolu,Orta Anadolu
Kayseri,2015,326625,Aktif Sigortalılar,"01.Toplam Aktif Sigortalı (4a, 4b, 4c)",Kişi,İç Anadolu,Orta Anadolu
Kayseri,2016,333006,Aktif Sigortalılar,"01.Toplam Aktif Sigortalı (4a, 4b, 4c)",Kişi,İç Anadolu,Orta Anadolu
Kayseri,2017,346660,Aktif Sigortalılar,"01.Toplam Aktif Sigortalı (4a, 4b, 4c)",Kişi,İç Anadolu,Orta Anadolu
Kayseri,2018,343480,Aktif Sigortalılar,"01.Toplam Aktif Sigortalı (4a, 4b, 4c)",Kişi,İç Anadolu,Orta Anadolu
Kayseri,2019,343959,Aktif Sigortalılar,"01.Toplam Aktif Sigortalı (4a, 4b, 4c)",Kişi,İç Anadolu,Orta Anadolu
Kayseri,2020,372580,Aktif Sigortalılar,"01.Toplam Aktif Sigortalı (4a, 4b, 4c)",Kişi,İç Anadolu,Orta Anadolu
Kayseri,2021,393302,Aktif Sigortalılar,"01.Toplam Aktif Sigortalı (4a, 4b, 4c)",Kişi,İç Anadolu,Orta Anadolu
Kayseri,2022,421816,Aktif Sigortalılar,"01.Toplam Aktif Sigortalı (4a, 4b, 4c)",Kişi,İç Anadolu,Orta Anadolu
Kayseri,2023,395968,Aktif Sigortalılar,"01.Toplam Aktif Sigortalı (4a, 4b, 4c)",Kişi,İç Anadolu,Orta Anadolu
Kayseri,2024,395936,Aktif Sigortalılar,"01.Toplam Aktif Sigortalı (4a, 4b, 4c)",Kişi,İç Anadolu,Orta Anadolu
Kilis,2009,16235,Aktif Sigortalılar,"01.Toplam Aktif Sigortalı (4a, 4b, 4c)",Kişi,Güneydoğu Anadolu,Güneydoğu Anadolu
Kilis,2010,17847,Aktif Sigortalılar,"01.Toplam Aktif Sigortalı (4a, 4b, 4c)",Kişi,Güneydoğu Anadolu,Güneydoğu Anadolu
Kilis,2011,19891,Aktif Sigortalılar,"01.Toplam Aktif Sigortalı (4a, 4b, 4c)",Kişi,Güneydoğu Anadolu,Güneydoğu Anadolu
Kilis,2012,21753,Aktif Sigortalılar,"01.Toplam Aktif Sigortalı (4a, 4b, 4c)",Kişi,Güneydoğu Anadolu,Güneydoğu Anadolu
Kilis,2013,22827,Aktif Sigortalılar,"01.Toplam Aktif Sigortalı (4a, 4b, 4c)",Kişi,Güneydoğu Anadolu,Güneydoğu Anadolu
Kilis,2014,23908,Aktif Sigortalılar,"01.Toplam Aktif Sigortalı (4a, 4b, 4c)",Kişi,Güneydoğu Anadolu,Güneydoğu Anadolu
Kilis,2015,26768,Aktif Sigortalılar,"01.Toplam Aktif Sigortalı (4a, 4b, 4c)",Kişi,Güneydoğu Anadolu,Güneydoğu Anadolu
Kilis,2016,28986,Aktif Sigortalılar,"01.Toplam Aktif Sigortalı (4a, 4b, 4c)",Kişi,Güneydoğu Anadolu,Güneydoğu Anadolu
Kilis,2017,30946,Aktif Sigortalılar,"01.Toplam Aktif Sigortalı (4a, 4b, 4c)",Kişi,Güneydoğu Anadolu,Güneydoğu Anadolu
Kilis,2018,32416,Aktif Sigortalılar,"01.Toplam Aktif Sigortalı (4a, 4b, 4c)",Kişi,Güneydoğu Anadolu,Güneydoğu Anadolu
Kilis,2019,33012,Aktif Sigortalılar,"01.Toplam Aktif Sigortalı (4a, 4b, 4c)",Kişi,Güneydoğu Anadolu,Güneydoğu Anadolu
Kilis,2020,34968,Aktif Sigortalılar,"01.Toplam Aktif Sigortalı (4a, 4b, 4c)",Kişi,Güneydoğu Anadolu,Güneydoğu Anadolu
Kilis,2021,38521,Aktif Sigortalılar,"01.Toplam Aktif Sigortalı (4a, 4b, 4c)",Kişi,Güneydoğu Anadolu,Güneydoğu Anadolu
Kilis,2022,41379,Aktif Sigortalılar,"01.Toplam Aktif Sigortalı (4a, 4b, 4c)",Kişi,Güneydoğu Anadolu,Güneydoğu Anadolu
Kilis,2023,45309,Aktif Sigortalılar,"01.Toplam Aktif Sigortalı (4a, 4b, 4c)",Kişi,Güneydoğu Anadolu,Güneydoğu Anadolu
Kilis,2024,44634,Aktif Sigortalılar,"01.Toplam Aktif Sigortalı (4a, 4b, 4c)",Kişi,Güneydoğu Anadolu,Güneydoğu Anadolu
Kocaeli,2009,401249,Aktif Sigortalılar,"01.Toplam Aktif Sigortalı (4a, 4b, 4c)",Kişi,Marmara,Doğu Marmara
Kocaeli,2010,439217,Aktif Sigortalılar,"01.Toplam Aktif Sigortalı (4a, 4b, 4c)",Kişi,Marmara,Doğu Marmara
Kocaeli,2011,469913,Aktif Sigortalılar,"01.Toplam Aktif Sigortalı (4a, 4b, 4c)",Kişi,Marmara,Doğu Marmara
Kocaeli,2012,499638,Aktif Sigortalılar,"01.Toplam Aktif Sigortalı (4a, 4b, 4c)",Kişi,Marmara,Doğu Marmara
Kocaeli,2013,522644,Aktif Sigortalılar,"01.Toplam Aktif Sigortalı (4a, 4b, 4c)",Kişi,Marmara,Doğu Marmara
Kocaeli,2014,559351,Aktif Sigortalılar,"01.Toplam Aktif Sigortalı (4a, 4b, 4c)",Kişi,Marmara,Doğu Marmara
Kocaeli,2015,580412,Aktif Sigortalılar,"01.Toplam Aktif Sigortalı (4a, 4b, 4c)",Kişi,Marmara,Doğu Marmara
Kocaeli,2016,615322,Aktif Sigortalılar,"01.Toplam Aktif Sigortalı (4a, 4b, 4c)",Kişi,Marmara,Doğu Marmara
Kocaeli,2017,648663,Aktif Sigortalılar,"01.Toplam Aktif Sigortalı (4a, 4b, 4c)",Kişi,Marmara,Doğu Marmara
Kocaeli,2018,648641,Aktif Sigortalılar,"01.Toplam Aktif Sigortalı (4a, 4b, 4c)",Kişi,Marmara,Doğu Marmara
Kocaeli,2019,644356,Aktif Sigortalılar,"01.Toplam Aktif Sigortalı (4a, 4b, 4c)",Kişi,Marmara,Doğu Marmara
Kocaeli,2020,718849,Aktif Sigortalılar,"01.Toplam Aktif Sigortalı (4a, 4b, 4c)",Kişi,Marmara,Doğu Marmara
Kocaeli,2021,759829,Aktif Sigortalılar,"01.Toplam Aktif Sigortalı (4a, 4b, 4c)",Kişi,Marmara,Doğu Marmara
Kocaeli,2022,813044,Aktif Sigortalılar,"01.Toplam Aktif Sigortalı (4a, 4b, 4c)",Kişi,Marmara,Doğu Marmara
Kocaeli,2023,786103,Aktif Sigortalılar,"01.Toplam Aktif Sigortalı (4a, 4b, 4c)",Kişi,Marmara,Doğu Marmara
Kocaeli,2024,790323,Aktif Sigortalılar,"01.Toplam Aktif Sigortalı (4a, 4b, 4c)",Kişi,Marmara,Doğu Marmara
Konya,2009,364128,Aktif Sigortalılar,"01.Toplam Aktif Sigortalı (4a, 4b, 4c)",Kişi,İç Anadolu,Batı Anadolu
Konya,2010,389004,Aktif Sigortalılar,"01.Toplam Aktif Sigortalı (4a, 4b, 4c)",Kişi,İç Anadolu,Batı Anadolu
Konya,2011,419620,Aktif Sigortalılar,"01.Toplam Aktif Sigortalı (4a, 4b, 4c)",Kişi,İç Anadolu,Batı Anadolu
Konya,2012,446286,Aktif Sigortalılar,"01.Toplam Aktif Sigortalı (4a, 4b, 4c)",Kişi,İç Anadolu,Batı Anadolu
Konya,2013,455335,Aktif Sigortalılar,"01.Toplam Aktif Sigortalı (4a, 4b, 4c)",Kişi,İç Anadolu,Batı Anadolu
Konya,2014,475984,Aktif Sigortalılar,"01.Toplam Aktif Sigortalı (4a, 4b, 4c)",Kişi,İç Anadolu,Batı Anadolu
Konya,2015,499531,Aktif Sigortalılar,"01.Toplam Aktif Sigortalı (4a, 4b, 4c)",Kişi,İç Anadolu,Batı Anadolu
Konya,2016,515192,Aktif Sigortalılar,"01.Toplam Aktif Sigortalı (4a, 4b, 4c)",Kişi,İç Anadolu,Batı Anadolu
Konya,2017,545340,Aktif Sigortalılar,"01.Toplam Aktif Sigortalı (4a, 4b, 4c)",Kişi,İç Anadolu,Batı Anadolu
Konya,2018,531578,Aktif Sigortalılar,"01.Toplam Aktif Sigortalı (4a, 4b, 4c)",Kişi,İç Anadolu,Batı Anadolu
Konya,2019,531792,Aktif Sigortalılar,"01.Toplam Aktif Sigortalı (4a, 4b, 4c)",Kişi,İç Anadolu,Batı Anadolu
Konya,2020,561763,Aktif Sigortalılar,"01.Toplam Aktif Sigortalı (4a, 4b, 4c)",Kişi,İç Anadolu,Batı Anadolu
Konya,2021,593774,Aktif Sigortalılar,"01.Toplam Aktif Sigortalı (4a, 4b, 4c)",Kişi,İç Anadolu,Batı Anadolu
Konya,2022,632021,Aktif Sigortalılar,"01.Toplam Aktif Sigortalı (4a, 4b, 4c)",Kişi,İç Anadolu,Batı Anadolu
Konya,2023,621365,Aktif Sigortalılar,"01.Toplam Aktif Sigortalı (4a, 4b, 4c)",Kişi,İç Anadolu,Batı Anadolu
Konya,2024,630677,Aktif Sigortalılar,"01.Toplam Aktif Sigortalı (4a, 4b, 4c)",Kişi,İç Anadolu,Batı Anadolu
Kütahya,2009,116261,Aktif Sigortalılar,"01.Toplam Aktif Sigortalı (4a, 4b, 4c)",Kişi,Ege,Ege
Kütahya,2010,116478,Aktif Sigortalılar,"01.Toplam Aktif Sigortalı (4a, 4b, 4c)",Kişi,Ege,Ege
Kütahya,2011,124925,Aktif Sigortalılar,"01.Toplam Aktif Sigortalı (4a, 4b, 4c)",Kişi,Ege,Ege
Kütahya,2012,127391,Aktif Sigortalılar,"01.Toplam Aktif Sigortalı (4a, 4b, 4c)",Kişi,Ege,Ege
Kütahya,2013,126577,Aktif Sigortalılar,"01.Toplam Aktif Sigortalı (4a, 4b, 4c)",Kişi,Ege,Ege
Kütahya,2014,126963,Aktif Sigortalılar,"01.Toplam Aktif Sigortalı (4a, 4b, 4c)",Kişi,Ege,Ege
Kütahya,2015,129748,Aktif Sigortalılar,"01.Toplam Aktif Sigortalı (4a, 4b, 4c)",Kişi,Ege,Ege
Kütahya,2016,136148,Aktif Sigortalılar,"01.Toplam Aktif Sigortalı (4a, 4b, 4c)",Kişi,Ege,Ege
Kütahya,2017,141921,Aktif Sigortalılar,"01.Toplam Aktif Sigortalı (4a, 4b, 4c)",Kişi,Ege,Ege
Kütahya,2018,137214,Aktif Sigortalılar,"01.Toplam Aktif Sigortalı (4a, 4b, 4c)",Kişi,Ege,Ege
Kütahya,2019,135073,Aktif Sigortalılar,"01.Toplam Aktif Sigortalı (4a, 4b, 4c)",Kişi,Ege,Ege
Kütahya,2020,143236,Aktif Sigortalılar,"01.Toplam Aktif Sigortalı (4a, 4b, 4c)",Kişi,Ege,Ege
Kütahya,2021,151495,Aktif Sigortalılar,"01.Toplam Aktif Sigortalı (4a, 4b, 4c)",Kişi,Ege,Ege
Kütahya,2022,161524,Aktif Sigortalılar,"01.Toplam Aktif Sigortalı (4a, 4b, 4c)",Kişi,Ege,Ege
Kütahya,2023,155293,Aktif Sigortalılar,"01.Toplam Aktif Sigortalı (4a, 4b, 4c)",Kişi,Ege,Ege
Kütahya,2024,155937,Aktif Sigortalılar,"01.Toplam Aktif Sigortalı (4a, 4b, 4c)",Kişi,Ege,Ege
Kırklareli,2009,77585,Aktif Sigortalılar,"01.Toplam Aktif Sigortalı (4a, 4b, 4c)",Kişi,Marmara,Batı Marmara
Kırklareli,2010,81039,Aktif Sigortalılar,"01.Toplam Aktif Sigortalı (4a, 4b, 4c)",Kişi,Marmara,Batı Marmara
Kırklareli,2011,83251,Aktif Sigortalılar,"01.Toplam Aktif Sigortalı (4a, 4b, 4c)",Kişi,Marmara,Batı Marmara
Kırklareli,2012,85354,Aktif Sigortalılar,"01.Toplam Aktif Sigortalı (4a, 4b, 4c)",Kişi,Marmara,Batı Marmara
Kırklareli,2013,88405,Aktif Sigortalılar,"01.Toplam Aktif Sigortalı (4a, 4b, 4c)",Kişi,Marmara,Batı Marmara
Kırklareli,2014,92259,Aktif Sigortalılar,"01.Toplam Aktif Sigortalı (4a, 4b, 4c)",Kişi,Marmara,Batı Marmara
Kırklareli,2015,97601,Aktif Sigortalılar,"01.Toplam Aktif Sigortalı (4a, 4b, 4c)",Kişi,Marmara,Batı Marmara
Kırklareli,2016,98601,Aktif Sigortalılar,"01.Toplam Aktif Sigortalı (4a, 4b, 4c)",Kişi,Marmara,Batı Marmara
Kırklareli,2017,102849,Aktif Sigortalılar,"01.Toplam Aktif Sigortalı (4a, 4b, 4c)",Kişi,Marmara,Batı Marmara
Kırklareli,2018,101349,Aktif Sigortalılar,"01.Toplam Aktif Sigortalı (4a, 4b, 4c)",Kişi,Marmara,Batı Marmara
Kırklareli,2019,104407,Aktif Sigortalılar,"01.Toplam Aktif Sigortalı (4a, 4b, 4c)",Kişi,Marmara,Batı Marmara
Kırklareli,2020,109761,Aktif Sigortalılar,"01.Toplam Aktif Sigortalı (4a, 4b, 4c)",Kişi,Marmara,Batı Marmara
Kırklareli,2021,114024,Aktif Sigortalılar,"01.Toplam Aktif Sigortalı (4a, 4b, 4c)",Kişi,Marmara,Batı Marmara
Kırklareli,2022,117755,Aktif Sigortalılar,"01.Toplam Aktif Sigortalı (4a, 4b, 4c)",Kişi,Marmara,Batı Marmara
Kırklareli,2023,111535,Aktif Sigortalılar,"01.Toplam Aktif Sigortalı (4a, 4b, 4c)",Kişi,Marmara,Batı Marmara
Kırklareli,2024,111107,Aktif Sigortalılar,"01.Toplam Aktif Sigortalı (4a, 4b, 4c)",Kişi,Marmara,Batı Marmara
Kırıkkale,2009,49894,Aktif Sigortalılar,"01.Toplam Aktif Sigortalı (4a, 4b, 4c)",Kişi,İç Anadolu,Orta Anadolu
Kırıkkale,2010,51498,Aktif Sigortalılar,"01.Toplam Aktif Sigortalı (4a, 4b, 4c)",Kişi,İç Anadolu,Orta Anadolu
Kırıkkale,2011,54474,Aktif Sigortalılar,"01.Toplam Aktif Sigortalı (4a, 4b, 4c)",Kişi,İç Anadolu,Orta Anadolu
Kırıkkale,2012,55726,Aktif Sigortalılar,"01.Toplam Aktif Sigortalı (4a, 4b, 4c)",Kişi,İç Anadolu,Orta Anadolu
Kırıkkale,2013,57088,Aktif Sigortalılar,"01.Toplam Aktif Sigortalı (4a, 4b, 4c)",Kişi,İç Anadolu,Orta Anadolu
Kırıkkale,2014,61091,Aktif Sigortalılar,"01.Toplam Aktif Sigortalı (4a, 4b, 4c)",Kişi,İç Anadolu,Orta Anadolu
Kırıkkale,2015,66123,Aktif Sigortalılar,"01.Toplam Aktif Sigortalı (4a, 4b, 4c)",Kişi,İç Anadolu,Orta Anadolu
Kırıkkale,2016,69111,Aktif Sigortalılar,"01.Toplam Aktif Sigortalı (4a, 4b, 4c)",Kişi,İç Anadolu,Orta Anadolu
Kırıkkale,2017,69646,Aktif Sigortalılar,"01.Toplam Aktif Sigortalı (4a, 4b, 4c)",Kişi,İç Anadolu,Orta Anadolu
Kırıkkale,2018,65468,Aktif Sigortalılar,"01.Toplam Aktif Sigortalı (4a, 4b, 4c)",Kişi,İç Anadolu,Orta Anadolu
Kırıkkale,2019,63335,Aktif Sigortalılar,"01.Toplam Aktif Sigortalı (4a, 4b, 4c)",Kişi,İç Anadolu,Orta Anadolu
Kırıkkale,2020,68865,Aktif Sigortalılar,"01.Toplam Aktif Sigortalı (4a, 4b, 4c)",Kişi,İç Anadolu,Orta Anadolu
Kırıkkale,2021,70488,Aktif Sigortalılar,"01.Toplam Aktif Sigortalı (4a, 4b, 4c)",Kişi,İç Anadolu,Orta Anadolu
Kırıkkale,2022,72759,Aktif Sigortalılar,"01.Toplam Aktif Sigortalı (4a, 4b, 4c)",Kişi,İç Anadolu,Orta Anadolu
Kırıkkale,2023,71749,Aktif Sigortalılar,"01.Toplam Aktif Sigortalı (4a, 4b, 4c)",Kişi,İç Anadolu,Orta Anadolu
Kırıkkale,2024,71112,Aktif Sigortalılar,"01.Toplam Aktif Sigortalı (4a, 4b, 4c)",Kişi,İç Anadolu,Orta Anadolu
Kırşehir,2009,40528,Aktif Sigortalılar,"01.Toplam Aktif Sigortalı (4a, 4b, 4c)",Kişi,İç Anadolu,Orta Anadolu
Kırşehir,2010,45063,Aktif Sigortalılar,"01.Toplam Aktif Sigortalı (4a, 4b, 4c)",Kişi,İç Anadolu,Orta Anadolu
Kırşehir,2011,46119,Aktif Sigortalılar,"01.Toplam Aktif Sigortalı (4a, 4b, 4c)",Kişi,İç Anadolu,Orta Anadolu
Kırşehir,2012,46346,Aktif Sigortalılar,"01.Toplam Aktif Sigortalı (4a, 4b, 4c)",Kişi,İç Anadolu,Orta Anadolu
Kırşehir,2013,46573,Aktif Sigortalılar,"01.Toplam Aktif Sigortalı (4a, 4b, 4c)",Kişi,İç Anadolu,Orta Anadolu
Kırşehir,2014,47760,Aktif Sigortalılar,"01.Toplam Aktif Sigortalı (4a, 4b, 4c)",Kişi,İç Anadolu,Orta Anadolu
Kırşehir,2015,50692,Aktif Sigortalılar,"01.Toplam Aktif Sigortalı (4a, 4b, 4c)",Kişi,İç Anadolu,Orta Anadolu
Kırşehir,2016,51585,Aktif Sigortalılar,"01.Toplam Aktif Sigortalı (4a, 4b, 4c)",Kişi,İç Anadolu,Orta Anadolu
Kırşehir,2017,55195,Aktif Sigortalılar,"01.Toplam Aktif Sigortalı (4a, 4b, 4c)",Kişi,İç Anadolu,Orta Anadolu
Kırşehir,2018,53005,Aktif Sigortalılar,"01.Toplam Aktif Sigortalı (4a, 4b, 4c)",Kişi,İç Anadolu,Orta Anadolu
Kırşehir,2019,49621,Aktif Sigortalılar,"01.Toplam Aktif Sigortalı (4a, 4b, 4c)",Kişi,İç Anadolu,Orta Anadolu
Kırşehir,2020,51727,Aktif Sigortalılar,"01.Toplam Aktif Sigortalı (4a, 4b, 4c)",Kişi,İç Anadolu,Orta Anadolu
Kırşehir,2021,55202,Aktif Sigortalılar,"01.Toplam Aktif Sigortalı (4a, 4b, 4c)",Kişi,İç Anadolu,Orta Anadolu
Kırşehir,2022,59367,Aktif Sigortalılar,"01.Toplam Aktif Sigortalı (4a, 4b, 4c)",Kişi,İç Anadolu,Orta Anadolu
Kırşehir,2023,58607,Aktif Sigortalılar,"01.Toplam Aktif Sigortalı (4a, 4b, 4c)",Kişi,İç Anadolu,Orta Anadolu
Kırşehir,2024,60187,Aktif Sigortalılar,"01.Toplam Aktif Sigortalı (4a, 4b, 4c)",Kişi,İç Anadolu,Orta Anadolu
Malatya,2009,134316,Aktif Sigortalılar,"01.Toplam Aktif Sigortalı (4a, 4b, 4c)",Kişi,Doğu Anadolu,Ortadoğu Anadolu
Malatya,2010,142564,Aktif Sigortalılar,"01.Toplam Aktif Sigortalı (4a, 4b, 4c)",Kişi,Doğu Anadolu,Ortadoğu Anadolu
Malatya,2011,151974,Aktif Sigortalılar,"01.Toplam Aktif Sigortalı (4a, 4b, 4c)",Kişi,Doğu Anadolu,Ortadoğu Anadolu
Malatya,2012,157724,Aktif Sigortalılar,"01.Toplam Aktif Sigortalı (4a, 4b, 4c)",Kişi,Doğu Anadolu,Ortadoğu Anadolu
Malatya,2013,158524,Aktif Sigortalılar,"01.Toplam Aktif Sigortalı (4a, 4b, 4c)",Kişi,Doğu Anadolu,Ortadoğu Anadolu
Malatya,2014,165250,Aktif Sigortalılar,"01.Toplam Aktif Sigortalı (4a, 4b, 4c)",Kişi,Doğu Anadolu,Ortadoğu Anadolu
Malatya,2015,168676,Aktif Sigortalılar,"01.Toplam Aktif Sigortalı (4a, 4b, 4c)",Kişi,Doğu Anadolu,Ortadoğu Anadolu
Malatya,2016,179832,Aktif Sigortalılar,"01.Toplam Aktif Sigortalı (4a, 4b, 4c)",Kişi,Doğu Anadolu,Ortadoğu Anadolu
Malatya,2017,192755,Aktif Sigortalılar,"01.Toplam Aktif Sigortalı (4a, 4b, 4c)",Kişi,Doğu Anadolu,Ortadoğu Anadolu
Malatya,2018,191037,Aktif Sigortalılar,"01.Toplam Aktif Sigortalı (4a, 4b, 4c)",Kişi,Doğu Anadolu,Ortadoğu Anadolu
Malatya,2019,184601,Aktif Sigortalılar,"01.Toplam Aktif Sigortalı (4a, 4b, 4c)",Kişi,Doğu Anadolu,Ortadoğu Anadolu
Malatya,2020,195761,Aktif Sigortalılar,"01.Toplam Aktif Sigortalı (4a, 4b, 4c)",Kişi,Doğu Anadolu,Ortadoğu Anadolu
Malatya,2021,205023,Aktif Sigortalılar,"01.Toplam Aktif Sigortalı (4a, 4b, 4c)",Kişi,Doğu Anadolu,Ortadoğu Anadolu
Malatya,2022,215684,Aktif Sigortalılar,"01.Toplam Aktif Sigortalı (4a, 4b, 4c)",Kişi,Doğu Anadolu,Ortadoğu Anadolu
Malatya,2023,191558,Aktif Sigortalılar,"01.Toplam Aktif Sigortalı (4a, 4b, 4c)",Kişi,Doğu Anadolu,Ortadoğu Anadolu
Malatya,2024,218057,Aktif Sigortalılar,"01.Toplam Aktif Sigortalı (4a, 4b, 4c)",Kişi,Doğu Anadolu,Ortadoğu Anadolu
Manisa,2009,273151,Aktif Sigortalılar,"01.Toplam Aktif Sigortalı (4a, 4b, 4c)",Kişi,Ege,Ege
Manisa,2010,294897,Aktif Sigortalılar,"01.Toplam Aktif Sigortalı (4a, 4b, 4c)",Kişi,Ege,Ege
Manisa,2011,311185,Aktif Sigortalılar,"01.Toplam Aktif Sigortalı (4a, 4b, 4c)",Kişi,Ege,Ege
Manisa,2012,328577,Aktif Sigortalılar,"01.Toplam Aktif Sigortalı (4a, 4b, 4c)",Kişi,Ege,Ege
Manisa,2013,334620,Aktif Sigortalılar,"01.Toplam Aktif Sigortalı (4a, 4b, 4c)",Kişi,Ege,Ege
Manisa,2014,344076,Aktif Sigortalılar,"01.Toplam Aktif Sigortalı (4a, 4b, 4c)",Kişi,Ege,Ege
Manisa,2015,357945,Aktif Sigortalılar,"01.Toplam Aktif Sigortalı (4a, 4b, 4c)",Kişi,Ege,Ege
Manisa,2016,381731,Aktif Sigortalılar,"01.Toplam Aktif Sigortalı (4a, 4b, 4c)",Kişi,Ege,Ege
Manisa,2017,406514,Aktif Sigortalılar,"01.Toplam Aktif Sigortalı (4a, 4b, 4c)",Kişi,Ege,Ege
Manisa,2018,397762,Aktif Sigortalılar,"01.Toplam Aktif Sigortalı (4a, 4b, 4c)",Kişi,Ege,Ege
Manisa,2019,387185,Aktif Sigortalılar,"01.Toplam Aktif Sigortalı (4a, 4b, 4c)",Kişi,Ege,Ege
Manisa,2020,412953,Aktif Sigortalılar,"01.Toplam Aktif Sigortalı (4a, 4b, 4c)",Kişi,Ege,Ege
Manisa,2021,433850,Aktif Sigortalılar,"01.Toplam Aktif Sigortalı (4a, 4b, 4c)",Kişi,Ege,Ege
Manisa,2022,456122,Aktif Sigortalılar,"01.Toplam Aktif Sigortalı (4a, 4b, 4c)",Kişi,Ege,Ege
Manisa,2023,441732,Aktif Sigortalılar,"01.Toplam Aktif Sigortalı (4a, 4b, 4c)",Kişi,Ege,Ege
Manisa,2024,440433,Aktif Sigortalılar,"01.Toplam Aktif Sigortalı (4a, 4b, 4c)",Kişi,Ege,Ege
Mardin,2009,62286,Aktif Sigortalılar,"01.Toplam Aktif Sigortalı (4a, 4b, 4c)",Kişi,Güneydoğu Anadolu,Güneydoğu Anadolu
Mardin,2010,74278,Aktif Sigortalılar,"01.Toplam Aktif Sigortalı (4a, 4b, 4c)",Kişi,Güneydoğu Anadolu,Güneydoğu Anadolu
Mardin,2011,83346,Aktif Sigortalılar,"01.Toplam Aktif Sigortalı (4a, 4b, 4c)",Kişi,Güneydoğu Anadolu,Güneydoğu Anadolu
Mardin,2012,94965,Aktif Sigortalılar,"01.Toplam Aktif Sigortalı (4a, 4b, 4c)",Kişi,Güneydoğu Anadolu,Güneydoğu Anadolu
Mardin,2013,95482,Aktif Sigortalılar,"01.Toplam Aktif Sigortalı (4a, 4b, 4c)",Kişi,Güneydoğu Anadolu,Güneydoğu Anadolu
Mardin,2014,102702,Aktif Sigortalılar,"01.Toplam Aktif Sigortalı (4a, 4b, 4c)",Kişi,Güneydoğu Anadolu,Güneydoğu Anadolu
Mardin,2015,111328,Aktif Sigortalılar,"01.Toplam Aktif Sigortalı (4a, 4b, 4c)",Kişi,Güneydoğu Anadolu,Güneydoğu Anadolu
Mardin,2016,114801,Aktif Sigortalılar,"01.Toplam Aktif Sigortalı (4a, 4b, 4c)",Kişi,Güneydoğu Anadolu,Güneydoğu Anadolu
Mardin,2017,139302,Aktif Sigortalılar,"01.Toplam Aktif Sigortalı (4a, 4b, 4c)",Kişi,Güneydoğu Anadolu,Güneydoğu Anadolu
Mardin,2018,137126,Aktif Sigortalılar,"01.Toplam Aktif Sigortalı (4a, 4b, 4c)",Kişi,Güneydoğu Anadolu,Güneydoğu Anadolu
Mardin,2019,140755,Aktif Sigortalılar,"01.Toplam Aktif Sigortalı (4a, 4b, 4c)",Kişi,Güneydoğu Anadolu,Güneydoğu Anadolu
Mardin,2020,161764,Aktif Sigortalılar,"01.Toplam Aktif Sigortalı (4a, 4b, 4c)",Kişi,Güneydoğu Anadolu,Güneydoğu Anadolu
Mardin,2021,172141,Aktif Sigortalılar,"01.Toplam Aktif Sigortalı (4a, 4b, 4c)",Kişi,Güneydoğu Anadolu,Güneydoğu Anadolu
Mardin,2022,192484,Aktif Sigortalılar,"01.Toplam Aktif Sigortalı (4a, 4b, 4c)",Kişi,Güneydoğu Anadolu,Güneydoğu Anadolu
Mardin,2023,188948,Aktif Sigortalılar,"01.Toplam Aktif Sigortalı (4a, 4b, 4c)",Kişi,Güneydoğu Anadolu,Güneydoğu Anadolu
Mardin,2024,190162,Aktif Sigortalılar,"01.Toplam Aktif Sigortalı (4a, 4b, 4c)",Kişi,Güneydoğu Anadolu,Güneydoğu Anadolu
Mersin,2009,289098,Aktif Sigortalılar,"01.Toplam Aktif Sigortalı (4a, 4b, 4c)",Kişi,Akdeniz,Akdeniz
Mersin,2010,311421,Aktif Sigortalılar,"01.Toplam Aktif Sigortalı (4a, 4b, 4c)",Kişi,Akdeniz,Akdeniz
Mersin,2011,337603,Aktif Sigortalılar,"01.Toplam Aktif Sigortalı (4a, 4b, 4c)",Kişi,Akdeniz,Akdeniz
Mersin,2012,353488,Aktif Sigortalılar,"01.Toplam Aktif Sigortalı (4a, 4b, 4c)",Kişi,Akdeniz,Akdeniz
Mersin,2013,351286,Aktif Sigortalılar,"01.Toplam Aktif Sigortalı (4a, 4b, 4c)",Kişi,Akdeniz,Akdeniz
Mersin,2014,368427,Aktif Sigortalılar,"01.Toplam Aktif Sigortalı (4a, 4b, 4c)",Kişi,Akdeniz,Akdeniz
Mersin,2015,391237,Aktif Sigortalılar,"01.Toplam Aktif Sigortalı (4a, 4b, 4c)",Kişi,Akdeniz,Akdeniz
Mersin,2016,422356,Aktif Sigortalılar,"01.Toplam Aktif Sigortalı (4a, 4b, 4c)",Kişi,Akdeniz,Akdeniz
Mersin,2017,447315,Aktif Sigortalılar,"01.Toplam Aktif Sigortalı (4a, 4b, 4c)",Kişi,Akdeniz,Akdeniz
Mersin,2018,429730,Aktif Sigortalılar,"01.Toplam Aktif Sigortalı (4a, 4b, 4c)",Kişi,Akdeniz,Akdeniz
Mersin,2019,430481,Aktif Sigortalılar,"01.Toplam Aktif Sigortalı (4a, 4b, 4c)",Kişi,Akdeniz,Akdeniz
Mersin,2020,463732,Aktif Sigortalılar,"01.Toplam Aktif Sigortalı (4a, 4b, 4c)",Kişi,Akdeniz,Akdeniz
Mersin,2021,505602,Aktif Sigortalılar,"01.Toplam Aktif Sigortalı (4a, 4b, 4c)",Kişi,Akdeniz,Akdeniz
Mersin,2022,552799,Aktif Sigortalılar,"01.Toplam Aktif Sigortalı (4a, 4b, 4c)",Kişi,Akdeniz,Akdeniz
Mersin,2023,553869,Aktif Sigortalılar,"01.Toplam Aktif Sigortalı (4a, 4b, 4c)",Kişi,Akdeniz,Akdeniz
Mersin,2024,562145,Aktif Sigortalılar,"01.Toplam Aktif Sigortalı (4a, 4b, 4c)",Kişi,Akdeniz,Akdeniz
Muğla,2009,201652,Aktif Sigortalılar,"01.Toplam Aktif Sigortalı (4a, 4b, 4c)",Kişi,Ege,Ege
Muğla,2010,213780,Aktif Sigortalılar,"01.Toplam Aktif Sigortalı (4a, 4b, 4c)",Kişi,Ege,Ege
Muğla,2011,226714,Aktif Sigortalılar,"01.Toplam Aktif Sigortalı (4a, 4b, 4c)",Kişi,Ege,Ege
Muğla,2012,234890,Aktif Sigortalılar,"01.Toplam Aktif Sigortalı (4a, 4b, 4c)",Kişi,Ege,Ege
Muğla,2013,241338,Aktif Sigortalılar,"01.Toplam Aktif Sigortalı (4a, 4b, 4c)",Kişi,Ege,Ege
Muğla,2014,251432,Aktif Sigortalılar,"01.Toplam Aktif Sigortalı (4a, 4b, 4c)",Kişi,Ege,Ege
Muğla,2015,264534,Aktif Sigortalılar,"01.Toplam Aktif Sigortalı (4a, 4b, 4c)",Kişi,Ege,Ege
Muğla,2016,274424,Aktif Sigortalılar,"01.Toplam Aktif Sigortalı (4a, 4b, 4c)",Kişi,Ege,Ege
Muğla,2017,292856,Aktif Sigortalılar,"01.Toplam Aktif Sigortalı (4a, 4b, 4c)",Kişi,Ege,Ege
Muğla,2018,291129,Aktif Sigortalılar,"01.Toplam Aktif Sigortalı (4a, 4b, 4c)",Kişi,Ege,Ege
Muğla,2019,291319,Aktif Sigortalılar,"01.Toplam Aktif Sigortalı (4a, 4b, 4c)",Kişi,Ege,Ege
Muğla,2020,309780,Aktif Sigortalılar,"01.Toplam Aktif Sigortalı (4a, 4b, 4c)",Kişi,Ege,Ege
Muğla,2021,335866,Aktif Sigortalılar,"01.Toplam Aktif Sigortalı (4a, 4b, 4c)",Kişi,Ege,Ege
Muğla,2022,364571,Aktif Sigortalılar,"01.Toplam Aktif Sigortalı (4a, 4b, 4c)",Kişi,Ege,Ege
Muğla,2023,361865,Aktif Sigortalılar,"01.Toplam Aktif Sigortalı (4a, 4b, 4c)",Kişi,Ege,Ege
Muğla,2024,358977,Aktif Sigortalılar,"01.Toplam Aktif Sigortalı (4a, 4b, 4c)",Kişi,Ege,Ege
Muş,2009,30373,Aktif Sigortalılar,"01.Toplam Aktif Sigortalı (4a, 4b, 4c)",Kişi,Doğu Anadolu,Ortadoğu Anadolu
Muş,2010,33865,Aktif Sigortalılar,"01.Toplam Aktif Sigortalı (4a, 4b, 4c)",Kişi,Doğu Anadolu,Ortadoğu Anadolu
Muş,2011,37129,Aktif Sigortalılar,"01.Toplam Aktif Sigortalı (4a, 4b, 4c)",Kişi,Doğu Anadolu,Ortadoğu Anadolu
Muş,2012,40498,Aktif Sigortalılar,"01.Toplam Aktif Sigortalı (4a, 4b, 4c)",Kişi,Doğu Anadolu,Ortadoğu Anadolu
Muş,2013,41379,Aktif Sigortalılar,"01.Toplam Aktif Sigortalı (4a, 4b, 4c)",Kişi,Doğu Anadolu,Ortadoğu Anadolu
Muş,2014,41467,Aktif Sigortalılar,"01.Toplam Aktif Sigortalı (4a, 4b, 4c)",Kişi,Doğu Anadolu,Ortadoğu Anadolu
Muş,2015,46307,Aktif Sigortalılar,"01.Toplam Aktif Sigortalı (4a, 4b, 4c)",Kişi,Doğu Anadolu,Ortadoğu Anadolu
Muş,2016,45996,Aktif Sigortalılar,"01.Toplam Aktif Sigortalı (4a, 4b, 4c)",Kişi,Doğu Anadolu,Ortadoğu Anadolu
Muş,2017,52750,Aktif Sigortalılar,"01.Toplam Aktif Sigortalı (4a, 4b, 4c)",Kişi,Doğu Anadolu,Ortadoğu Anadolu
Muş,2018,54159,Aktif Sigortalılar,"01.Toplam Aktif Sigortalı (4a, 4b, 4c)",Kişi,Doğu Anadolu,Ortadoğu Anadolu
Muş,2019,55545,Aktif Sigortalılar,"01.Toplam Aktif Sigortalı (4a, 4b, 4c)",Kişi,Doğu Anadolu,Ortadoğu Anadolu
Muş,2020,61005,Aktif Sigortalılar,"01.Toplam Aktif Sigortalı (4a, 4b, 4c)",Kişi,Doğu Anadolu,Ortadoğu Anadolu
Muş,2021,62089,Aktif Sigortalılar,"01.Toplam Aktif Sigortalı (4a, 4b, 4c)",Kişi,Doğu Anadolu,Ortadoğu Anadolu
Muş,2022,66538,Aktif Sigortalılar,"01.Toplam Aktif Sigortalı (4a, 4b, 4c)",Kişi,Doğu Anadolu,Ortadoğu Anadolu
Muş,2023,63217,Aktif Sigortalılar,"01.Toplam Aktif Sigortalı (4a, 4b, 4c)",Kişi,Doğu Anadolu,Ortadoğu Anadolu
Muş,2024,63574,Aktif Sigortalılar,"01.Toplam Aktif Sigortalı (4a, 4b, 4c)",Kişi,Doğu Anadolu,Ortadoğu Anadolu
Nevşehir,2009,61364,Aktif Sigortalılar,"01.Toplam Aktif Sigortalı (4a, 4b, 4c)",Kişi,İç Anadolu,Orta Anadolu
Nevşehir,2010,64117,Aktif Sigortalılar,"01.Toplam Aktif Sigortalı (4a, 4b, 4c)",Kişi,İç Anadolu,Orta Anadolu
Nevşehir,2011,67815,Aktif Sigortalılar,"01.Toplam Aktif Sigortalı (4a, 4b, 4c)",Kişi,İç Anadolu,Orta Anadolu
Nevşehir,2012,68847,Aktif Sigortalılar,"01.Toplam Aktif Sigortalı (4a, 4b, 4c)",Kişi,İç Anadolu,Orta Anadolu
Nevşehir,2013,69001,Aktif Sigortalılar,"01.Toplam Aktif Sigortalı (4a, 4b, 4c)",Kişi,İç Anadolu,Orta Anadolu
Nevşehir,2014,71217,Aktif Sigortalılar,"01.Toplam Aktif Sigortalı (4a, 4b, 4c)",Kişi,İç Anadolu,Orta Anadolu
Nevşehir,2015,74084,Aktif Sigortalılar,"01.Toplam Aktif Sigortalı (4a, 4b, 4c)",Kişi,İç Anadolu,Orta Anadolu
Nevşehir,2016,71363,Aktif Sigortalılar,"01.Toplam Aktif Sigortalı (4a, 4b, 4c)",Kişi,İç Anadolu,Orta Anadolu
Nevşehir,2017,76577,Aktif Sigortalılar,"01.Toplam Aktif Sigortalı (4a, 4b, 4c)",Kişi,İç Anadolu,Orta Anadolu
Nevşehir,2018,77846,Aktif Sigortalılar,"01.Toplam Aktif Sigortalı (4a, 4b, 4c)",Kişi,İç Anadolu,Orta Anadolu
Nevşehir,2019,78925,Aktif Sigortalılar,"01.Toplam Aktif Sigortalı (4a, 4b, 4c)",Kişi,İç Anadolu,Orta Anadolu
Nevşehir,2020,78898,Aktif Sigortalılar,"01.Toplam Aktif Sigortalı (4a, 4b, 4c)",Kişi,İç Anadolu,Orta Anadolu
Nevşehir,2021,84924,Aktif Sigortalılar,"01.Toplam Aktif Sigortalı (4a, 4b, 4c)",Kişi,İç Anadolu,Orta Anadolu
Nevşehir,2022,92552,Aktif Sigortalılar,"01.Toplam Aktif Sigortalı (4a, 4b, 4c)",Kişi,İç Anadolu,Orta Anadolu
Nevşehir,2023,91721,Aktif Sigortalılar,"01.Toplam Aktif Sigortalı (4a, 4b, 4c)",Kişi,İç Anadolu,Orta Anadolu
Nevşehir,2024,93238,Aktif Sigortalılar,"01.Toplam Aktif Sigortalı (4a, 4b, 4c)",Kişi,İç Anadolu,Orta Anadolu
Niğde,2009,58514,Aktif Sigortalılar,"01.Toplam Aktif Sigortalı (4a, 4b, 4c)",Kişi,İç Anadolu,Orta Anadolu
Niğde,2010,62087,Aktif Sigortalılar,"01.Toplam Aktif Sigortalı (4a, 4b, 4c)",Kişi,İç Anadolu,Orta Anadolu
Niğde,2011,66087,Aktif Sigortalılar,"01.Toplam Aktif Sigortalı (4a, 4b, 4c)",Kişi,İç Anadolu,Orta Anadolu
Niğde,2012,69571,Aktif Sigortalılar,"01.Toplam Aktif Sigortalı (4a, 4b, 4c)",Kişi,İç Anadolu,Orta Anadolu
Niğde,2013,69430,Aktif Sigortalılar,"01.Toplam Aktif Sigortalı (4a, 4b, 4c)",Kişi,İç Anadolu,Orta Anadolu
Niğde,2014,72787,Aktif Sigortalılar,"01.Toplam Aktif Sigortalı (4a, 4b, 4c)",Kişi,İç Anadolu,Orta Anadolu
Niğde,2015,78518,Aktif Sigortalılar,"01.Toplam Aktif Sigortalı (4a, 4b, 4c)",Kişi,İç Anadolu,Orta Anadolu
Niğde,2016,78370,Aktif Sigortalılar,"01.Toplam Aktif Sigortalı (4a, 4b, 4c)",Kişi,İç Anadolu,Orta Anadolu
Niğde,2017,82639,Aktif Sigortalılar,"01.Toplam Aktif Sigortalı (4a, 4b, 4c)",Kişi,İç Anadolu,Orta Anadolu
Niğde,2018,82089,Aktif Sigortalılar,"01.Toplam Aktif Sigortalı (4a, 4b, 4c)",Kişi,İç Anadolu,Orta Anadolu
Niğde,2019,79575,Aktif Sigortalılar,"01.Toplam Aktif Sigortalı (4a, 4b, 4c)",Kişi,İç Anadolu,Orta Anadolu
Niğde,2020,81622,Aktif Sigortalılar,"01.Toplam Aktif Sigortalı (4a, 4b, 4c)",Kişi,İç Anadolu,Orta Anadolu
Niğde,2021,86859,Aktif Sigortalılar,"01.Toplam Aktif Sigortalı (4a, 4b, 4c)",Kişi,İç Anadolu,Orta Anadolu
Niğde,2022,92128,Aktif Sigortalılar,"01.Toplam Aktif Sigortalı (4a, 4b, 4c)",Kişi,İç Anadolu,Orta Anadolu
Niğde,2023,89998,Aktif Sigortalılar,"01.Toplam Aktif Sigortalı (4a, 4b, 4c)",Kişi,İç Anadolu,Orta Anadolu
Niğde,2024,92976,Aktif Sigortalılar,"01.Toplam Aktif Sigortalı (4a, 4b, 4c)",Kişi,İç Anadolu,Orta Anadolu
Ordu,2009,120250,Aktif Sigortalılar,"01.Toplam Aktif Sigortalı (4a, 4b, 4c)",Kişi,Karadeniz,Doğu Karadeniz
Ordu,2010,127665,Aktif Sigortalılar,"01.Toplam Aktif Sigortalı (4a, 4b, 4c)",Kişi,Karadeniz,Doğu Karadeniz
Ordu,2011,130853,Aktif Sigortalılar,"01.Toplam Aktif Sigortalı (4a, 4b, 4c)",Kişi,Karadeniz,Doğu Karadeniz
Ordu,2012,132165,Aktif Sigortalılar,"01.Toplam Aktif Sigortalı (4a, 4b, 4c)",Kişi,Karadeniz,Doğu Karadeniz
Ordu,2013,129427,Aktif Sigortalılar,"01.Toplam Aktif Sigortalı (4a, 4b, 4c)",Kişi,Karadeniz,Doğu Karadeniz
Ordu,2014,132471,Aktif Sigortalılar,"01.Toplam Aktif Sigortalı (4a, 4b, 4c)",Kişi,Karadeniz,Doğu Karadeniz
Ordu,2015,136257,Aktif Sigortalılar,"01.Toplam Aktif Sigortalı (4a, 4b, 4c)",Kişi,Karadeniz,Doğu Karadeniz
Ordu,2016,149323,Aktif Sigortalılar,"01.Toplam Aktif Sigortalı (4a, 4b, 4c)",Kişi,Karadeniz,Doğu Karadeniz
Ordu,2017,162503,Aktif Sigortalılar,"01.Toplam Aktif Sigortalı (4a, 4b, 4c)",Kişi,Karadeniz,Doğu Karadeniz
Ordu,2018,157915,Aktif Sigortalılar,"01.Toplam Aktif Sigortalı (4a, 4b, 4c)",Kişi,Karadeniz,Doğu Karadeniz
Ordu,2019,152932,Aktif Sigortalılar,"01.Toplam Aktif Sigortalı (4a, 4b, 4c)",Kişi,Karadeniz,Doğu Karadeniz
Ordu,2020,162079,Aktif Sigortalılar,"01.Toplam Aktif Sigortalı (4a, 4b, 4c)",Kişi,Karadeniz,Doğu Karadeniz
Ordu,2021,169856,Aktif Sigortalılar,"01.Toplam Aktif Sigortalı (4a, 4b, 4c)",Kişi,Karadeniz,Doğu Karadeniz
Ordu,2022,181589,Aktif Sigortalılar,"01.Toplam Aktif Sigortalı (4a, 4b, 4c)",Kişi,Karadeniz,Doğu Karadeniz
Ordu,2023,178526,Aktif Sigortalılar,"01.Toplam Aktif Sigortalı (4a, 4b, 4c)",Kişi,Karadeniz,Doğu Karadeniz
Ordu,2024,178986,Aktif Sigortalılar,"01.Toplam Aktif Sigortalı (4a, 4b, 4c)",Kişi,Karadeniz,Doğu Karadeniz
Osmaniye,2009,67973,Aktif Sigortalılar,"01.Toplam Aktif Sigortalı (4a, 4b, 4c)",Kişi,Akdeniz,Akdeniz
Osmaniye,2010,74251,Aktif Sigortalılar,"01.Toplam Aktif Sigortalı (4a, 4b, 4c)",Kişi,Akdeniz,Akdeniz
Osmaniye,2011,82199,Aktif Sigortalılar,"01.Toplam Aktif Sigortalı (4a, 4b, 4c)",Kişi,Akdeniz,Akdeniz
Osmaniye,2012,85708,Aktif Sigortalılar,"01.Toplam Aktif Sigortalı (4a, 4b, 4c)",Kişi,Akdeniz,Akdeniz
Osmaniye,2013,85418,Aktif Sigortalılar,"01.Toplam Aktif Sigortalı (4a, 4b, 4c)",Kişi,Akdeniz,Akdeniz
Osmaniye,2014,88159,Aktif Sigortalılar,"01.Toplam Aktif Sigortalı (4a, 4b, 4c)",Kişi,Akdeniz,Akdeniz
Osmaniye,2015,92783,Aktif Sigortalılar,"01.Toplam Aktif Sigortalı (4a, 4b, 4c)",Kişi,Akdeniz,Akdeniz
Osmaniye,2016,97987,Aktif Sigortalılar,"01.Toplam Aktif Sigortalı (4a, 4b, 4c)",Kişi,Akdeniz,Akdeniz
Osmaniye,2017,103041,Aktif Sigortalılar,"01.Toplam Aktif Sigortalı (4a, 4b, 4c)",Kişi,Akdeniz,Akdeniz
Osmaniye,2018,101877,Aktif Sigortalılar,"01.Toplam Aktif Sigortalı (4a, 4b, 4c)",Kişi,Akdeniz,Akdeniz
Osmaniye,2019,98090,Aktif Sigortalılar,"01.Toplam Aktif Sigortalı (4a, 4b, 4c)",Kişi,Akdeniz,Akdeniz
Osmaniye,2020,107941,Aktif Sigortalılar,"01.Toplam Aktif Sigortalı (4a, 4b, 4c)",Kişi,Akdeniz,Akdeniz
Osmaniye,2021,116413,Aktif Sigortalılar,"01.Toplam Aktif Sigortalı (4a, 4b, 4c)",Kişi,Akdeniz,Akdeniz
Osmaniye,2022,123852,Aktif Sigortalılar,"01.Toplam Aktif Sigortalı (4a, 4b, 4c)",Kişi,Akdeniz,Akdeniz
Osmaniye,2023,127736,Aktif Sigortalılar,"01.Toplam Aktif Sigortalı (4a, 4b, 4c)",Kişi,Akdeniz,Akdeniz
Osmaniye,2024,127837,Aktif Sigortalılar,"01.Toplam Aktif Sigortalı (4a, 4b, 4c)",Kişi,Akdeniz,Akdeniz
Rize,2009,73304,Aktif Sigortalılar,"01.Toplam Aktif Sigortalı (4a, 4b, 4c)",Kişi,Karadeniz,Doğu Karadeniz
Rize,2010,75467,Aktif Sigortalılar,"01.Toplam Aktif Sigortalı (4a, 4b, 4c)",Kişi,Karadeniz,Doğu Karadeniz
Rize,2011,77714,Aktif Sigortalılar,"01.Toplam Aktif Sigortalı (4a, 4b, 4c)",Kişi,Karadeniz,Doğu Karadeniz
Rize,2012,80015,Aktif Sigortalılar,"01.Toplam Aktif Sigortalı (4a, 4b, 4c)",Kişi,Karadeniz,Doğu Karadeniz
Rize,2013,79891,Aktif Sigortalılar,"01.Toplam Aktif Sigortalı (4a, 4b, 4c)",Kişi,Karadeniz,Doğu Karadeniz
Rize,2014,79830,Aktif Sigortalılar,"01.Toplam Aktif Sigortalı (4a, 4b, 4c)",Kişi,Karadeniz,Doğu Karadeniz
Rize,2015,85965,Aktif Sigortalılar,"01.Toplam Aktif Sigortalı (4a, 4b, 4c)",Kişi,Karadeniz,Doğu Karadeniz
Rize,2016,87458,Aktif Sigortalılar,"01.Toplam Aktif Sigortalı (4a, 4b, 4c)",Kişi,Karadeniz,Doğu Karadeniz
Rize,2017,94324,Aktif Sigortalılar,"01.Toplam Aktif Sigortalı (4a, 4b, 4c)",Kişi,Karadeniz,Doğu Karadeniz
Rize,2018,91986,Aktif Sigortalılar,"01.Toplam Aktif Sigortalı (4a, 4b, 4c)",Kişi,Karadeniz,Doğu Karadeniz
Rize,2019,87085,Aktif Sigortalılar,"01.Toplam Aktif Sigortalı (4a, 4b, 4c)",Kişi,Karadeniz,Doğu Karadeniz
Rize,2020,91236,Aktif Sigortalılar,"01.Toplam Aktif Sigortalı (4a, 4b, 4c)",Kişi,Karadeniz,Doğu Karadeniz
Rize,2021,93792,Aktif Sigortalılar,"01.Toplam Aktif Sigortalı (4a, 4b, 4c)",Kişi,Karadeniz,Doğu Karadeniz
Rize,2022,96820,Aktif Sigortalılar,"01.Toplam Aktif Sigortalı (4a, 4b, 4c)",Kişi,Karadeniz,Doğu Karadeniz
Rize,2023,92651,Aktif Sigortalılar,"01.Toplam Aktif Sigortalı (4a, 4b, 4c)",Kişi,Karadeniz,Doğu Karadeniz
Rize,2024,94582,Aktif Sigortalılar,"01.Toplam Aktif Sigortalı (4a, 4b, 4c)",Kişi,Karadeniz,Doğu Karadeniz
Sakarya,2009,189045,Aktif Sigortalılar,"01.Toplam Aktif Sigortalı (4a, 4b, 4c)",Kişi,Marmara,Doğu Marmara
Sakarya,2010,198658,Aktif Sigortalılar,"01.Toplam Aktif Sigortalı (4a, 4b, 4c)",Kişi,Marmara,Doğu Marmara
Sakarya,2011,210662,Aktif Sigortalılar,"01.Toplam Aktif Sigortalı (4a, 4b, 4c)",Kişi,Marmara,Doğu Marmara
Sakarya,2012,218149,Aktif Sigortalılar,"01.Toplam Aktif Sigortalı (4a, 4b, 4c)",Kişi,Marmara,Doğu Marmara
Sakarya,2013,228514,Aktif Sigortalılar,"01.Toplam Aktif Sigortalı (4a, 4b, 4c)",Kişi,Marmara,Doğu Marmara
Sakarya,2014,237576,Aktif Sigortalılar,"01.Toplam Aktif Sigortalı (4a, 4b, 4c)",Kişi,Marmara,Doğu Marmara
Sakarya,2015,252174,Aktif Sigortalılar,"01.Toplam Aktif Sigortalı (4a, 4b, 4c)",Kişi,Marmara,Doğu Marmara
Sakarya,2016,270826,Aktif Sigortalılar,"01.Toplam Aktif Sigortalı (4a, 4b, 4c)",Kişi,Marmara,Doğu Marmara
Sakarya,2017,280665,Aktif Sigortalılar,"01.Toplam Aktif Sigortalı (4a, 4b, 4c)",Kişi,Marmara,Doğu Marmara
Sakarya,2018,271772,Aktif Sigortalılar,"01.Toplam Aktif Sigortalı (4a, 4b, 4c)",Kişi,Marmara,Doğu Marmara
Sakarya,2019,272562,Aktif Sigortalılar,"01.Toplam Aktif Sigortalı (4a, 4b, 4c)",Kişi,Marmara,Doğu Marmara
Sakarya,2020,291319,Aktif Sigortalılar,"01.Toplam Aktif Sigortalı (4a, 4b, 4c)",Kişi,Marmara,Doğu Marmara
Sakarya,2021,312428,Aktif Sigortalılar,"01.Toplam Aktif Sigortalı (4a, 4b, 4c)",Kişi,Marmara,Doğu Marmara
Sakarya,2022,340241,Aktif Sigortalılar,"01.Toplam Aktif Sigortalı (4a, 4b, 4c)",Kişi,Marmara,Doğu Marmara
Sakarya,2023,328172,Aktif Sigortalılar,"01.Toplam Aktif Sigortalı (4a, 4b, 4c)",Kişi,Marmara,Doğu Marmara
Sakarya,2024,330128,Aktif Sigortalılar,"01.Toplam Aktif Sigortalı (4a, 4b, 4c)",Kişi,Marmara,Doğu Marmara
Samsun,2009,230994,Aktif Sigortalılar,"01.Toplam Aktif Sigortalı (4a, 4b, 4c)",Kişi,Karadeniz,Batı Karadeniz
Samsun,2010,239700,Aktif Sigortalılar,"01.Toplam Aktif Sigortalı (4a, 4b, 4c)",Kişi,Karadeniz,Batı Karadeniz
Samsun,2011,254189,Aktif Sigortalılar,"01.Toplam Aktif Sigortalı (4a, 4b, 4c)",Kişi,Karadeniz,Batı Karadeniz
Samsun,2012,259917,Aktif Sigortalılar,"01.Toplam Aktif Sigortalı (4a, 4b, 4c)",Kişi,Karadeniz,Batı Karadeniz
Samsun,2013,260871,Aktif Sigortalılar,"01.Toplam Aktif Sigortalı (4a, 4b, 4c)",Kişi,Karadeniz,Batı Karadeniz
Samsun,2014,270766,Aktif Sigortalılar,"01.Toplam Aktif Sigortalı (4a, 4b, 4c)",Kişi,Karadeniz,Batı Karadeniz
Samsun,2015,280631,Aktif Sigortalılar,"01.Toplam Aktif Sigortalı (4a, 4b, 4c)",Kişi,Karadeniz,Batı Karadeniz
Samsun,2016,294744,Aktif Sigortalılar,"01.Toplam Aktif Sigortalı (4a, 4b, 4c)",Kişi,Karadeniz,Batı Karadeniz
Samsun,2017,312177,Aktif Sigortalılar,"01.Toplam Aktif Sigortalı (4a, 4b, 4c)",Kişi,Karadeniz,Batı Karadeniz
Samsun,2018,306110,Aktif Sigortalılar,"01.Toplam Aktif Sigortalı (4a, 4b, 4c)",Kişi,Karadeniz,Batı Karadeniz
Samsun,2019,297182,Aktif Sigortalılar,"01.Toplam Aktif Sigortalı (4a, 4b, 4c)",Kişi,Karadeniz,Batı Karadeniz
Samsun,2020,315923,Aktif Sigortalılar,"01.Toplam Aktif Sigortalı (4a, 4b, 4c)",Kişi,Karadeniz,Batı Karadeniz
Samsun,2021,333425,Aktif Sigortalılar,"01.Toplam Aktif Sigortalı (4a, 4b, 4c)",Kişi,Karadeniz,Batı Karadeniz
Samsun,2022,364074,Aktif Sigortalılar,"01.Toplam Aktif Sigortalı (4a, 4b, 4c)",Kişi,Karadeniz,Batı Karadeniz
Samsun,2023,360184,Aktif Sigortalılar,"01.Toplam Aktif Sigortalı (4a, 4b, 4c)",Kişi,Karadeniz,Batı Karadeniz
Samsun,2024,366439,Aktif Sigortalılar,"01.Toplam Aktif Sigortalı (4a, 4b, 4c)",Kişi,Karadeniz,Batı Karadeniz
Siirt,2009,31135,Aktif Sigortalılar,"01.Toplam Aktif Sigortalı (4a, 4b, 4c)",Kişi,Güneydoğu Anadolu,Güneydoğu Anadolu
Siirt,2010,34337,Aktif Sigortalılar,"01.Toplam Aktif Sigortalı (4a, 4b, 4c)",Kişi,Güneydoğu Anadolu,Güneydoğu Anadolu
Siirt,2011,35918,Aktif Sigortalılar,"01.Toplam Aktif Sigortalı (4a, 4b, 4c)",Kişi,Güneydoğu Anadolu,Güneydoğu Anadolu
Siirt,2012,38904,Aktif Sigortalılar,"01.Toplam Aktif Sigortalı (4a, 4b, 4c)",Kişi,Güneydoğu Anadolu,Güneydoğu Anadolu
Siirt,2013,41092,Aktif Sigortalılar,"01.Toplam Aktif Sigortalı (4a, 4b, 4c)",Kişi,Güneydoğu Anadolu,Güneydoğu Anadolu
Siirt,2014,40556,Aktif Sigortalılar,"01.Toplam Aktif Sigortalı (4a, 4b, 4c)",Kişi,Güneydoğu Anadolu,Güneydoğu Anadolu
Siirt,2015,45379,Aktif Sigortalılar,"01.Toplam Aktif Sigortalı (4a, 4b, 4c)",Kişi,Güneydoğu Anadolu,Güneydoğu Anadolu
Siirt,2016,44853,Aktif Sigortalılar,"01.Toplam Aktif Sigortalı (4a, 4b, 4c)",Kişi,Güneydoğu Anadolu,Güneydoğu Anadolu
Siirt,2017,54765,Aktif Sigortalılar,"01.Toplam Aktif Sigortalı (4a, 4b, 4c)",Kişi,Güneydoğu Anadolu,Güneydoğu Anadolu
Siirt,2018,58714,Aktif Sigortalılar,"01.Toplam Aktif Sigortalı (4a, 4b, 4c)",Kişi,Güneydoğu Anadolu,Güneydoğu Anadolu
Siirt,2019,56964,Aktif Sigortalılar,"01.Toplam Aktif Sigortalı (4a, 4b, 4c)",Kişi,Güneydoğu Anadolu,Güneydoğu Anadolu
Siirt,2020,60903,Aktif Sigortalılar,"01.Toplam Aktif Sigortalı (4a, 4b, 4c)",Kişi,Güneydoğu Anadolu,Güneydoğu Anadolu
Siirt,2021,62188,Aktif Sigortalılar,"01.Toplam Aktif Sigortalı (4a, 4b, 4c)",Kişi,Güneydoğu Anadolu,Güneydoğu Anadolu
Siirt,2022,64416,Aktif Sigortalılar,"01.Toplam Aktif Sigortalı (4a, 4b, 4c)",Kişi,Güneydoğu Anadolu,Güneydoğu Anadolu
Siirt,2023,63123,Aktif Sigortalılar,"01.Toplam Aktif Sigortalı (4a, 4b, 4c)",Kişi,Güneydoğu Anadolu,Güneydoğu Anadolu
Siirt,2024,64024,Aktif Sigortalılar,"01.Toplam Aktif Sigortalı (4a, 4b, 4c)",Kişi,Güneydoğu Anadolu,Güneydoğu Anadolu
Sinop,2009,41173,Aktif Sigortalılar,"01.Toplam Aktif Sigortalı (4a, 4b, 4c)",Kişi,Karadeniz,Batı Karadeniz
Sinop,2010,43126,Aktif Sigortalılar,"01.Toplam Aktif Sigortalı (4a, 4b, 4c)",Kişi,Karadeniz,Batı Karadeniz
Sinop,2011,43594,Aktif Sigortalılar,"01.Toplam Aktif Sigortalı (4a, 4b, 4c)",Kişi,Karadeniz,Batı Karadeniz
Sinop,2012,44228,Aktif Sigortalılar,"01.Toplam Aktif Sigortalı (4a, 4b, 4c)",Kişi,Karadeniz,Batı Karadeniz
Sinop,2013,43506,Aktif Sigortalılar,"01.Toplam Aktif Sigortalı (4a, 4b, 4c)",Kişi,Karadeniz,Batı Karadeniz
Sinop,2014,42512,Aktif Sigortalılar,"01.Toplam Aktif Sigortalı (4a, 4b, 4c)",Kişi,Karadeniz,Batı Karadeniz
Sinop,2015,45487,Aktif Sigortalılar,"01.Toplam Aktif Sigortalı (4a, 4b, 4c)",Kişi,Karadeniz,Batı Karadeniz
Sinop,2016,45228,Aktif Sigortalılar,"01.Toplam Aktif Sigortalı (4a, 4b, 4c)",Kişi,Karadeniz,Batı Karadeniz
Sinop,2017,48396,Aktif Sigortalılar,"01.Toplam Aktif Sigortalı (4a, 4b, 4c)",Kişi,Karadeniz,Batı Karadeniz
Sinop,2018,48241,Aktif Sigortalılar,"01.Toplam Aktif Sigortalı (4a, 4b, 4c)",Kişi,Karadeniz,Batı Karadeniz
Sinop,2019,45901,Aktif Sigortalılar,"01.Toplam Aktif Sigortalı (4a, 4b, 4c)",Kişi,Karadeniz,Batı Karadeniz
Sinop,2020,49050,Aktif Sigortalılar,"01.Toplam Aktif Sigortalı (4a, 4b, 4c)",Kişi,Karadeniz,Batı Karadeniz
Sinop,2021,51970,Aktif Sigortalılar,"01.Toplam Aktif Sigortalı (4a, 4b, 4c)",Kişi,Karadeniz,Batı Karadeniz
Sinop,2022,56862,Aktif Sigortalılar,"01.Toplam Aktif Sigortalı (4a, 4b, 4c)",Kişi,Karadeniz,Batı Karadeniz
Sinop,2023,54523,Aktif Sigortalılar,"01.Toplam Aktif Sigortalı (4a, 4b, 4c)",Kişi,Karadeniz,Batı Karadeniz
Sinop,2024,54520,Aktif Sigortalılar,"01.Toplam Aktif Sigortalı (4a, 4b, 4c)",Kişi,Karadeniz,Batı Karadeniz
Sivas,2009,111854,Aktif Sigortalılar,"01.Toplam Aktif Sigortalı (4a, 4b, 4c)",Kişi,İç Anadolu,Orta Anadolu
Sivas,2010,118373,Aktif Sigortalılar,"01.Toplam Aktif Sigortalı (4a, 4b, 4c)",Kişi,İç Anadolu,Orta Anadolu
Sivas,2011,121893,Aktif Sigortalılar,"01.Toplam Aktif Sigortalı (4a, 4b, 4c)",Kişi,İç Anadolu,Orta Anadolu
Sivas,2012,124852,Aktif Sigortalılar,"01.Toplam Aktif Sigortalı (4a, 4b, 4c)",Kişi,İç Anadolu,Orta Anadolu
Sivas,2013,125123,Aktif Sigortalılar,"01.Toplam Aktif Sigortalı (4a, 4b, 4c)",Kişi,İç Anadolu,Orta Anadolu
Sivas,2014,127932,Aktif Sigortalılar,"01.Toplam Aktif Sigortalı (4a, 4b, 4c)",Kişi,İç Anadolu,Orta Anadolu
Sivas,2015,138831,Aktif Sigortalılar,"01.Toplam Aktif Sigortalı (4a, 4b, 4c)",Kişi,İç Anadolu,Orta Anadolu
Sivas,2016,136832,Aktif Sigortalılar,"01.Toplam Aktif Sigortalı (4a, 4b, 4c)",Kişi,İç Anadolu,Orta Anadolu
Sivas,2017,143150,Aktif Sigortalılar,"01.Toplam Aktif Sigortalı (4a, 4b, 4c)",Kişi,İç Anadolu,Orta Anadolu
Sivas,2018,144742,Aktif Sigortalılar,"01.Toplam Aktif Sigortalı (4a, 4b, 4c)",Kişi,İç Anadolu,Orta Anadolu
Sivas,2019,138517,Aktif Sigortalılar,"01.Toplam Aktif Sigortalı (4a, 4b, 4c)",Kişi,İç Anadolu,Orta Anadolu
Sivas,2020,142759,Aktif Sigortalılar,"01.Toplam Aktif Sigortalı (4a, 4b, 4c)",Kişi,İç Anadolu,Orta Anadolu
Sivas,2021,148178,Aktif Sigortalılar,"01.Toplam Aktif Sigortalı (4a, 4b, 4c)",Kişi,İç Anadolu,Orta Anadolu
Sivas,2022,158377,Aktif Sigortalılar,"01.Toplam Aktif Sigortalı (4a, 4b, 4c)",Kişi,İç Anadolu,Orta Anadolu
Sivas,2023,150791,Aktif Sigortalılar,"01.Toplam Aktif Sigortalı (4a, 4b, 4c)",Kişi,İç Anadolu,Orta Anadolu
Sivas,2024,150537,Aktif Sigortalılar,"01.Toplam Aktif Sigortalı (4a, 4b, 4c)",Kişi,İç Anadolu,Orta Anadolu
Tekirdağ,2009,226683,Aktif Sigortalılar,"01.Toplam Aktif Sigortalı (4a, 4b, 4c)",Kişi,Marmara,Batı Marmara
Tekirdağ,2010,248345,Aktif Sigortalılar,"01.Toplam Aktif Sigortalı (4a, 4b, 4c)",Kişi,Marmara,Batı Marmara
Tekirdağ,2011,264654,Aktif Sigortalılar,"01.Toplam Aktif Sigortalı (4a, 4b, 4c)",Kişi,Marmara,Batı Marmara
Tekirdağ,2012,278610,Aktif Sigortalılar,"01.Toplam Aktif Sigortalı (4a, 4b, 4c)",Kişi,Marmara,Batı Marmara
Tekirdağ,2013,289433,Aktif Sigortalılar,"01.Toplam Aktif Sigortalı (4a, 4b, 4c)",Kişi,Marmara,Batı Marmara
Tekirdağ,2014,308067,Aktif Sigortalılar,"01.Toplam Aktif Sigortalı (4a, 4b, 4c)",Kişi,Marmara,Batı Marmara
Tekirdağ,2015,320639,Aktif Sigortalılar,"01.Toplam Aktif Sigortalı (4a, 4b, 4c)",Kişi,Marmara,Batı Marmara
Tekirdağ,2016,330502,Aktif Sigortalılar,"01.Toplam Aktif Sigortalı (4a, 4b, 4c)",Kişi,Marmara,Batı Marmara
Tekirdağ,2017,352405,Aktif Sigortalılar,"01.Toplam Aktif Sigortalı (4a, 4b, 4c)",Kişi,Marmara,Batı Marmara
Tekirdağ,2018,346708,Aktif Sigortalılar,"01.Toplam Aktif Sigortalı (4a, 4b, 4c)",Kişi,Marmara,Batı Marmara
Tekirdağ,2019,349064,Aktif Sigortalılar,"01.Toplam Aktif Sigortalı (4a, 4b, 4c)",Kişi,Marmara,Batı Marmara
Tekirdağ,2020,382749,Aktif Sigortalılar,"01.Toplam Aktif Sigortalı (4a, 4b, 4c)",Kişi,Marmara,Batı Marmara
Tekirdağ,2021,410113,Aktif Sigortalılar,"01.Toplam Aktif Sigortalı (4a, 4b, 4c)",Kişi,Marmara,Batı Marmara
Tekirdağ,2022,438972,Aktif Sigortalılar,"01.Toplam Aktif Sigortalı (4a, 4b, 4c)",Kişi,Marmara,Batı Marmara
Tekirdağ,2023,407859,Aktif Sigortalılar,"01.Toplam Aktif Sigortalı (4a, 4b, 4c)",Kişi,Marmara,Batı Marmara
Tekirdağ,2024,403266,Aktif Sigortalılar,"01.Toplam Aktif Sigortalı (4a, 4b, 4c)",Kişi,Marmara,Batı Marmara
Tokat,2009,93629,Aktif Sigortalılar,"01.Toplam Aktif Sigortalı (4a, 4b, 4c)",Kişi,Karadeniz,Batı Karadeniz
Tokat,2010,99508,Aktif Sigortalılar,"01.Toplam Aktif Sigortalı (4a, 4b, 4c)",Kişi,Karadeniz,Batı Karadeniz
Tokat,2011,101927,Aktif Sigortalılar,"01.Toplam Aktif Sigortalı (4a, 4b, 4c)",Kişi,Karadeniz,Batı Karadeniz
Tokat,2012,102991,Aktif Sigortalılar,"01.Toplam Aktif Sigortalı (4a, 4b, 4c)",Kişi,Karadeniz,Batı Karadeniz
Tokat,2013,101952,Aktif Sigortalılar,"01.Toplam Aktif Sigortalı (4a, 4b, 4c)",Kişi,Karadeniz,Batı Karadeniz
Tokat,2014,103981,Aktif Sigortalılar,"01.Toplam Aktif Sigortalı (4a, 4b, 4c)",Kişi,Karadeniz,Batı Karadeniz
Tokat,2015,110191,Aktif Sigortalılar,"01.Toplam Aktif Sigortalı (4a, 4b, 4c)",Kişi,Karadeniz,Batı Karadeniz
Tokat,2016,113838,Aktif Sigortalılar,"01.Toplam Aktif Sigortalı (4a, 4b, 4c)",Kişi,Karadeniz,Batı Karadeniz
Tokat,2017,121568,Aktif Sigortalılar,"01.Toplam Aktif Sigortalı (4a, 4b, 4c)",Kişi,Karadeniz,Batı Karadeniz
Tokat,2018,120230,Aktif Sigortalılar,"01.Toplam Aktif Sigortalı (4a, 4b, 4c)",Kişi,Karadeniz,Batı Karadeniz
Tokat,2019,115037,Aktif Sigortalılar,"01.Toplam Aktif Sigortalı (4a, 4b, 4c)",Kişi,Karadeniz,Batı Karadeniz
Tokat,2020,123666,Aktif Sigortalılar,"01.Toplam Aktif Sigortalı (4a, 4b, 4c)",Kişi,Karadeniz,Batı Karadeniz
Tokat,2021,129078,Aktif Sigortalılar,"01.Toplam Aktif Sigortalı (4a, 4b, 4c)",Kişi,Karadeniz,Batı Karadeniz
Tokat,2022,137842,Aktif Sigortalılar,"01.Toplam Aktif Sigortalı (4a, 4b, 4c)",Kişi,Karadeniz,Batı Karadeniz
Tokat,2023,133463,Aktif Sigortalılar,"01.Toplam Aktif Sigortalı (4a, 4b, 4c)",Kişi,Karadeniz,Batı Karadeniz
Tokat,2024,133649,Aktif Sigortalılar,"01.Toplam Aktif Sigortalı (4a, 4b, 4c)",Kişi,Karadeniz,Batı Karadeniz
Trabzon,2009,154743,Aktif Sigortalılar,"01.Toplam Aktif Sigortalı (4a, 4b, 4c)",Kişi,Karadeniz,Doğu Karadeniz
Trabzon,2010,163556,Aktif Sigortalılar,"01.Toplam Aktif Sigortalı (4a, 4b, 4c)",Kişi,Karadeniz,Doğu Karadeniz
Trabzon,2011,171627,Aktif Sigortalılar,"01.Toplam Aktif Sigortalı (4a, 4b, 4c)",Kişi,Karadeniz,Doğu Karadeniz
Trabzon,2012,173505,Aktif Sigortalılar,"01.Toplam Aktif Sigortalı (4a, 4b, 4c)",Kişi,Karadeniz,Doğu Karadeniz
Trabzon,2013,175253,Aktif Sigortalılar,"01.Toplam Aktif Sigortalı (4a, 4b, 4c)",Kişi,Karadeniz,Doğu Karadeniz
Trabzon,2014,180415,Aktif Sigortalılar,"01.Toplam Aktif Sigortalı (4a, 4b, 4c)",Kişi,Karadeniz,Doğu Karadeniz
Trabzon,2015,187114,Aktif Sigortalılar,"01.Toplam Aktif Sigortalı (4a, 4b, 4c)",Kişi,Karadeniz,Doğu Karadeniz
Trabzon,2016,197043,Aktif Sigortalılar,"01.Toplam Aktif Sigortalı (4a, 4b, 4c)",Kişi,Karadeniz,Doğu Karadeniz
Trabzon,2017,207475,Aktif Sigortalılar,"01.Toplam Aktif Sigortalı (4a, 4b, 4c)",Kişi,Karadeniz,Doğu Karadeniz
Trabzon,2018,201489,Aktif Sigortalılar,"01.Toplam Aktif Sigortalı (4a, 4b, 4c)",Kişi,Karadeniz,Doğu Karadeniz
Trabzon,2019,194529,Aktif Sigortalılar,"01.Toplam Aktif Sigortalı (4a, 4b, 4c)",Kişi,Karadeniz,Doğu Karadeniz
Trabzon,2020,197323,Aktif Sigortalılar,"01.Toplam Aktif Sigortalı (4a, 4b, 4c)",Kişi,Karadeniz,Doğu Karadeniz
Trabzon,2021,206233,Aktif Sigortalılar,"01.Toplam Aktif Sigortalı (4a, 4b, 4c)",Kişi,Karadeniz,Doğu Karadeniz
Trabzon,2022,215361,Aktif Sigortalılar,"01.Toplam Aktif Sigortalı (4a, 4b, 4c)",Kişi,Karadeniz,Doğu Karadeniz
Trabzon,2023,208033,Aktif Sigortalılar,"01.Toplam Aktif Sigortalı (4a, 4b, 4c)",Kişi,Karadeniz,Doğu Karadeniz
Trabzon,2024,210566,Aktif Sigortalılar,"01.Toplam Aktif Sigortalı (4a, 4b, 4c)",Kişi,Karadeniz,Doğu Karadeniz
Tunceli,2009,16275,Aktif Sigortalılar,"01.Toplam Aktif Sigortalı (4a, 4b, 4c)",Kişi,Doğu Anadolu,Ortadoğu Anadolu
Tunceli,2010,17092,Aktif Sigortalılar,"01.Toplam Aktif Sigortalı (4a, 4b, 4c)",Kişi,Doğu Anadolu,Ortadoğu Anadolu
Tunceli,2011,18154,Aktif Sigortalılar,"01.Toplam Aktif Sigortalı (4a, 4b, 4c)",Kişi,Doğu Anadolu,Ortadoğu Anadolu
Tunceli,2012,19340,Aktif Sigortalılar,"01.Toplam Aktif Sigortalı (4a, 4b, 4c)",Kişi,Doğu Anadolu,Ortadoğu Anadolu
Tunceli,2013,19792,Aktif Sigortalılar,"01.Toplam Aktif Sigortalı (4a, 4b, 4c)",Kişi,Doğu Anadolu,Ortadoğu Anadolu
Tunceli,2014,19645,Aktif Sigortalılar,"01.Toplam Aktif Sigortalı (4a, 4b, 4c)",Kişi,Doğu Anadolu,Ortadoğu Anadolu
Tunceli,2015,21753,Aktif Sigortalılar,"01.Toplam Aktif Sigortalı (4a, 4b, 4c)",Kişi,Doğu Anadolu,Ortadoğu Anadolu
Tunceli,2016,20067,Aktif Sigortalılar,"01.Toplam Aktif Sigortalı (4a, 4b, 4c)",Kişi,Doğu Anadolu,Ortadoğu Anadolu
Tunceli,2017,23371,Aktif Sigortalılar,"01.Toplam Aktif Sigortalı (4a, 4b, 4c)",Kişi,Doğu Anadolu,Ortadoğu Anadolu
Tunceli,2018,25005,Aktif Sigortalılar,"01.Toplam Aktif Sigortalı (4a, 4b, 4c)",Kişi,Doğu Anadolu,Ortadoğu Anadolu
Tunceli,2019,25603,Aktif Sigortalılar,"01.Toplam Aktif Sigortalı (4a, 4b, 4c)",Kişi,Doğu Anadolu,Ortadoğu Anadolu
Tunceli,2020,26146,Aktif Sigortalılar,"01.Toplam Aktif Sigortalı (4a, 4b, 4c)",Kişi,Doğu Anadolu,Ortadoğu Anadolu
Tunceli,2021,26860,Aktif Sigortalılar,"01.Toplam Aktif Sigortalı (4a, 4b, 4c)",Kişi,Doğu Anadolu,Ortadoğu Anadolu
Tunceli,2022,27904,Aktif Sigortalılar,"01.Toplam Aktif Sigortalı (4a, 4b, 4c)",Kişi,Doğu Anadolu,Ortadoğu Anadolu
Tunceli,2023,27981,Aktif Sigortalılar,"01.Toplam Aktif Sigortalı (4a, 4b, 4c)",Kişi,Doğu Anadolu,Ortadoğu Anadolu
Tunceli,2024,28963,Aktif Sigortalılar,"01.Toplam Aktif Sigortalı (4a, 4b, 4c)",Kişi,Doğu Anadolu,Ortadoğu Anadolu
Uşak,2009,79689,Aktif Sigortalılar,"01.Toplam Aktif Sigortalı (4a, 4b, 4c)",Kişi,Ege,Ege
Uşak,2010,84022,Aktif Sigortalılar,"01.Toplam Aktif Sigortalı (4a, 4b, 4c)",Kişi,Ege,Ege
Uşak,2011,87183,Aktif Sigortalılar,"01.Toplam Aktif Sigortalı (4a, 4b, 4c)",Kişi,Ege,Ege
Uşak,2012,89398,Aktif Sigortalılar,"01.Toplam Aktif Sigortalı (4a, 4b, 4c)",Kişi,Ege,Ege
Uşak,2013,90807,Aktif Sigortalılar,"01.Toplam Aktif Sigortalı (4a, 4b, 4c)",Kişi,Ege,Ege
Uşak,2014,93937,Aktif Sigortalılar,"01.Toplam Aktif Sigortalı (4a, 4b, 4c)",Kişi,Ege,Ege
Uşak,2015,98939,Aktif Sigortalılar,"01.Toplam Aktif Sigortalı (4a, 4b, 4c)",Kişi,Ege,Ege
Uşak,2016,102674,Aktif Sigortalılar,"01.Toplam Aktif Sigortalı (4a, 4b, 4c)",Kişi,Ege,Ege
Uşak,2017,107629,Aktif Sigortalılar,"01.Toplam Aktif Sigortalı (4a, 4b, 4c)",Kişi,Ege,Ege
Uşak,2018,104008,Aktif Sigortalılar,"01.Toplam Aktif Sigortalı (4a, 4b, 4c)",Kişi,Ege,Ege
Uşak,2019,104260,Aktif Sigortalılar,"01.Toplam Aktif Sigortalı (4a, 4b, 4c)",Kişi,Ege,Ege
Uşak,2020,111563,Aktif Sigortalılar,"01.Toplam Aktif Sigortalı (4a, 4b, 4c)",Kişi,Ege,Ege
Uşak,2021,118469,Aktif Sigortalılar,"01.Toplam Aktif Sigortalı (4a, 4b, 4c)",Kişi,Ege,Ege
Uşak,2022,120977,Aktif Sigortalılar,"01.Toplam Aktif Sigortalı (4a, 4b, 4c)",Kişi,Ege,Ege
Uşak,2023,114543,Aktif Sigortalılar,"01.Toplam Aktif Sigortalı (4a, 4b, 4c)",Kişi,Ege,Ege
Uşak,2024,113592,Aktif Sigortalılar,"01.Toplam Aktif Sigortalı (4a, 4b, 4c)",Kişi,Ege,Ege
Van,2009,78205,Aktif Sigortalılar,"01.Toplam Aktif Sigortalı (4a, 4b, 4c)",Kişi,Doğu Anadolu,Ortadoğu Anadolu
Van,2010,88879,Aktif Sigortalılar,"01.Toplam Aktif Sigortalı (4a, 4b, 4c)",Kişi,Doğu Anadolu,Ortadoğu Anadolu
Van,2011,89868,Aktif Sigortalılar,"01.Toplam Aktif Sigortalı (4a, 4b, 4c)",Kişi,Doğu Anadolu,Ortadoğu Anadolu
Van,2012,113889,Aktif Sigortalılar,"01.Toplam Aktif Sigortalı (4a, 4b, 4c)",Kişi,Doğu Anadolu,Ortadoğu Anadolu
Van,2013,113300,Aktif Sigortalılar,"01.Toplam Aktif Sigortalı (4a, 4b, 4c)",Kişi,Doğu Anadolu,Ortadoğu Anadolu
Van,2014,116178,Aktif Sigortalılar,"01.Toplam Aktif Sigortalı (4a, 4b, 4c)",Kişi,Doğu Anadolu,Ortadoğu Anadolu
Van,2015,126307,Aktif Sigortalılar,"01.Toplam Aktif Sigortalı (4a, 4b, 4c)",Kişi,Doğu Anadolu,Ortadoğu Anadolu
Van,2016,134307,Aktif Sigortalılar,"01.Toplam Aktif Sigortalı (4a, 4b, 4c)",Kişi,Doğu Anadolu,Ortadoğu Anadolu
Van,2017,153689,Aktif Sigortalılar,"01.Toplam Aktif Sigortalı (4a, 4b, 4c)",Kişi,Doğu Anadolu,Ortadoğu Anadolu
Van,2018,161287,Aktif Sigortalılar,"01.Toplam Aktif Sigortalı (4a, 4b, 4c)",Kişi,Doğu Anadolu,Ortadoğu Anadolu
Van,2019,165881,Aktif Sigortalılar,"01.Toplam Aktif Sigortalı (4a, 4b, 4c)",Kişi,Doğu Anadolu,Ortadoğu Anadolu
Van,2020,180946,Aktif Sigortalılar,"01.Toplam Aktif Sigortalı (4a, 4b, 4c)",Kişi,Doğu Anadolu,Ortadoğu Anadolu
Van,2021,195324,Aktif Sigortalılar,"01.Toplam Aktif Sigortalı (4a, 4b, 4c)",Kişi,Doğu Anadolu,Ortadoğu Anadolu
Van,2022,214438,Aktif Sigortalılar,"01.Toplam Aktif Sigortalı (4a, 4b, 4c)",Kişi,Doğu Anadolu,Ortadoğu Anadolu
Van,2023,210207,Aktif Sigortalılar,"01.Toplam Aktif Sigortalı (4a, 4b, 4c)",Kişi,Doğu Anadolu,Ortadoğu Anadolu
Van,2024,206785,Aktif Sigortalılar,"01.Toplam Aktif Sigortalı (4a, 4b, 4c)",Kişi,Doğu Anadolu,Ortadoğu Anadolu
Yalova,2009,46157,Aktif Sigortalılar,"01.Toplam Aktif Sigortalı (4a, 4b, 4c)",Kişi,Marmara,Doğu Marmara
Yalova,2010,50072,Aktif Sigortalılar,"01.Toplam Aktif Sigortalı (4a, 4b, 4c)",Kişi,Marmara,Doğu Marmara
Yalova,2011,53573,Aktif Sigortalılar,"01.Toplam Aktif Sigortalı (4a, 4b, 4c)",Kişi,Marmara,Doğu Marmara
Yalova,2012,56900,Aktif Sigortalılar,"01.Toplam Aktif Sigortalı (4a, 4b, 4c)",Kişi,Marmara,Doğu Marmara
Yalova,2013,61457,Aktif Sigortalılar,"01.Toplam Aktif Sigortalı (4a, 4b, 4c)",Kişi,Marmara,Doğu Marmara
Yalova,2014,69734,Aktif Sigortalılar,"01.Toplam Aktif Sigortalı (4a, 4b, 4c)",Kişi,Marmara,Doğu Marmara
Yalova,2015,73959,Aktif Sigortalılar,"01.Toplam Aktif Sigortalı (4a, 4b, 4c)",Kişi,Marmara,Doğu Marmara
Yalova,2016,75102,Aktif Sigortalılar,"01.Toplam Aktif Sigortalı (4a, 4b, 4c)",Kişi,Marmara,Doğu Marmara
Yalova,2017,79912,Aktif Sigortalılar,"01.Toplam Aktif Sigortalı (4a, 4b, 4c)",Kişi,Marmara,Doğu Marmara
Yalova,2018,81940,Aktif Sigortalılar,"01.Toplam Aktif Sigortalı (4a, 4b, 4c)",Kişi,Marmara,Doğu Marmara
Yalova,2019,87116,Aktif Sigortalılar,"01.Toplam Aktif Sigortalı (4a, 4b, 4c)",Kişi,Marmara,Doğu Marmara
Yalova,2020,94371,Aktif Sigortalılar,"01.Toplam Aktif Sigortalı (4a, 4b, 4c)",Kişi,Marmara,Doğu Marmara
Yalova,2021,101754,Aktif Sigortalılar,"01.Toplam Aktif Sigortalı (4a, 4b, 4c)",Kişi,Marmara,Doğu Marmara
Yalova,2022,116941,Aktif Sigortalılar,"01.Toplam Aktif Sigortalı (4a, 4b, 4c)",Kişi,Marmara,Doğu Marmara
Yalova,2023,114867,Aktif Sigortalılar,"01.Toplam Aktif Sigortalı (4a, 4b, 4c)",Kişi,Marmara,Doğu Marmara
Yalova,2024,115680,Aktif Sigortalılar,"01.Toplam Aktif Sigortalı (4a, 4b, 4c)",Kişi,Marmara,Doğu Marmara
Yozgat,2009,75538,Aktif Sigortalılar,"01.Toplam Aktif Sigortalı (4a, 4b, 4c)",Kişi,İç Anadolu,Orta Anadolu
Yozgat,2010,81182,Aktif Sigortalılar,"01.Toplam Aktif Sigortalı (4a, 4b, 4c)",Kişi,İç Anadolu,Orta Anadolu
Yozgat,2011,83730,Aktif Sigortalılar,"01.Toplam Aktif Sigortalı (4a, 4b, 4c)",Kişi,İç Anadolu,Orta Anadolu
Yozgat,2012,83316,Aktif Sigortalılar,"01.Toplam Aktif Sigortalı (4a, 4b, 4c)",Kişi,İç Anadolu,Orta Anadolu
Yozgat,2013,81325,Aktif Sigortalılar,"01.Toplam Aktif Sigortalı (4a, 4b, 4c)",Kişi,İç Anadolu,Orta Anadolu
Yozgat,2014,81106,Aktif Sigortalılar,"01.Toplam Aktif Sigortalı (4a, 4b, 4c)",Kişi,İç Anadolu,Orta Anadolu
Yozgat,2015,85294,Aktif Sigortalılar,"01.Toplam Aktif Sigortalı (4a, 4b, 4c)",Kişi,İç Anadolu,Orta Anadolu
Yozgat,2016,83625,Aktif Sigortalılar,"01.Toplam Aktif Sigortalı (4a, 4b, 4c)",Kişi,İç Anadolu,Orta Anadolu
Yozgat,2017,88507,Aktif Sigortalılar,"01.Toplam Aktif Sigortalı (4a, 4b, 4c)",Kişi,İç Anadolu,Orta Anadolu
Yozgat,2018,87432,Aktif Sigortalılar,"01.Toplam Aktif Sigortalı (4a, 4b, 4c)",Kişi,İç Anadolu,Orta Anadolu
Yozgat,2019,85527,Aktif Sigortalılar,"01.Toplam Aktif Sigortalı (4a, 4b, 4c)",Kişi,İç Anadolu,Orta Anadolu
Yozgat,2020,89198,Aktif Sigortalılar,"01.Toplam Aktif Sigortalı (4a, 4b, 4c)",Kişi,İç Anadolu,Orta Anadolu
Yozgat,2021,91587,Aktif Sigortalılar,"01.Toplam Aktif Sigortalı (4a, 4b, 4c)",Kişi,İç Anadolu,Orta Anadolu
Yozgat,2022,94895,Aktif Sigortalılar,"01.Toplam Aktif Sigortalı (4a, 4b, 4c)",Kişi,İç Anadolu,Orta Anadolu
Yozgat,2023,91988,Aktif Sigortalılar,"01.Toplam Aktif Sigortalı (4a, 4b, 4c)",Kişi,İç Anadolu,Orta Anadolu
Yozgat,2024,94055,Aktif Sigortalılar,"01.Toplam Aktif Sigortalı (4a, 4b, 4c)",Kişi,İç Anadolu,Orta Anadolu
Zonguldak,2009,144320,Aktif Sigortalılar,"01.Toplam Aktif Sigortalı (4a, 4b, 4c)",Kişi,Karadeniz,Batı Karadeniz
Zonguldak,2010,144751,Aktif Sigortalılar,"01.Toplam Aktif Sigortalı (4a, 4b, 4c)",Kişi,Karadeniz,Batı Karadeniz
Zonguldak,2011,139794,Aktif Sigortalılar,"01.Toplam Aktif Sigortalı (4a, 4b, 4c)",Kişi,Karadeniz,Batı Karadeniz
Zonguldak,2012,135254,Aktif Sigortalılar,"01.Toplam Aktif Sigortalı (4a, 4b, 4c)",Kişi,Karadeniz,Batı Karadeniz
Zonguldak,2013,125348,Aktif Sigortalılar,"01.Toplam Aktif Sigortalı (4a, 4b, 4c)",Kişi,Karadeniz,Batı Karadeniz
Zonguldak,2014,128260,Aktif Sigortalılar,"01.Toplam Aktif Sigortalı (4a, 4b, 4c)",Kişi,Karadeniz,Batı Karadeniz
Zonguldak,2015,132899,Aktif Sigortalılar,"01.Toplam Aktif Sigortalı (4a, 4b, 4c)",Kişi,Karadeniz,Batı Karadeniz
Zonguldak,2016,132059,Aktif Sigortalılar,"01.Toplam Aktif Sigortalı (4a, 4b, 4c)",Kişi,Karadeniz,Batı Karadeniz
Zonguldak,2017,138418,Aktif Sigortalılar,"01.Toplam Aktif Sigortalı (4a, 4b, 4c)",Kişi,Karadeniz,Batı Karadeniz
Zonguldak,2018,136719,Aktif Sigortalılar,"01.Toplam Aktif Sigortalı (4a, 4b, 4c)",Kişi,Karadeniz,Batı Karadeniz
Zonguldak,2019,133438,Aktif Sigortalılar,"01.Toplam Aktif Sigortalı (4a, 4b, 4c)",Kişi,Karadeniz,Batı Karadeniz
Zonguldak,2020,138165,Aktif Sigortalılar,"01.Toplam Aktif Sigortalı (4a, 4b, 4c)",Kişi,Karadeniz,Batı Karadeniz
Zonguldak,2021,144035,Aktif Sigortalılar,"01.Toplam Aktif Sigortalı (4a, 4b, 4c)",Kişi,Karadeniz,Batı Karadeniz
Zonguldak,2022,160605,Aktif Sigortalılar,"01.Toplam Aktif Sigortalı (4a, 4b, 4c)",Kişi,Karadeniz,Batı Karadeniz
Zonguldak,2023,148014,Aktif Sigortalılar,"01.Toplam Aktif Sigortalı (4a, 4b, 4c)",Kişi,Karadeniz,Batı Karadeniz
Zonguldak,2024,149557,Aktif Sigortalılar,"01.Toplam Aktif Sigortalı (4a, 4b, 4c)",Kişi,Karadeniz,Batı Karadeniz
Çanakkale,2009,111751,Aktif Sigortalılar,"01.Toplam Aktif Sigortalı (4a, 4b, 4c)",Kişi,Marmara,Batı Marmara
Çanakkale,2010,116598,Aktif Sigortalılar,"01.Toplam Aktif Sigortalı (4a, 4b, 4c)",Kişi,Marmara,Batı Marmara
Çanakkale,2011,123010,Aktif Sigortalılar,"01.Toplam Aktif Sigortalı (4a, 4b, 4c)",Kişi,Marmara,Batı Marmara
Çanakkale,2012,125507,Aktif Sigortalılar,"01.Toplam Aktif Sigortalı (4a, 4b, 4c)",Kişi,Marmara,Batı Marmara
Çanakkale,2013,127322,Aktif Sigortalılar,"01.Toplam Aktif Sigortalı (4a, 4b, 4c)",Kişi,Marmara,Batı Marmara
Çanakkale,2014,129029,Aktif Sigortalılar,"01.Toplam Aktif Sigortalı (4a, 4b, 4c)",Kişi,Marmara,Batı Marmara
Çanakkale,2015,137458,Aktif Sigortalılar,"01.Toplam Aktif Sigortalı (4a, 4b, 4c)",Kişi,Marmara,Batı Marmara
Çanakkale,2016,142916,Aktif Sigortalılar,"01.Toplam Aktif Sigortalı (4a, 4b, 4c)",Kişi,Marmara,Batı Marmara
Çanakkale,2017,151279,Aktif Sigortalılar,"01.Toplam Aktif Sigortalı (4a, 4b, 4c)",Kişi,Marmara,Batı Marmara
Çanakkale,2018,147390,Aktif Sigortalılar,"01.Toplam Aktif Sigortalı (4a, 4b, 4c)",Kişi,Marmara,Batı Marmara
Çanakkale,2019,148412,Aktif Sigortalılar,"01.Toplam Aktif Sigortalı (4a, 4b, 4c)",Kişi,Marmara,Batı Marmara
Çanakkale,2020,157044,Aktif Sigortalılar,"01.Toplam Aktif Sigortalı (4a, 4b, 4c)",Kişi,Marmara,Batı Marmara
Çanakkale,2021,166160,Aktif Sigortalılar,"01.Toplam Aktif Sigortalı (4a, 4b, 4c)",Kişi,Marmara,Batı Marmara
Çanakkale,2022,174273,Aktif Sigortalılar,"01.Toplam Aktif Sigortalı (4a, 4b, 4c)",Kişi,Marmara,Batı Marmara
Çanakkale,2023,167415,Aktif Sigortalılar,"01.Toplam Aktif Sigortalı (4a, 4b, 4c)",Kişi,Marmara,Batı Marmara
Çanakkale,2024,167989,Aktif Sigortalılar,"01.Toplam Aktif Sigortalı (4a, 4b, 4c)",Kişi,Marmara,Batı Marmara
Çankırı,2009,34717,Aktif Sigortalılar,"01.Toplam Aktif Sigortalı (4a, 4b, 4c)",Kişi,İç Anadolu,Batı Karadeniz
Çankırı,2010,37603,Aktif Sigortalılar,"01.Toplam Aktif Sigortalı (4a, 4b, 4c)",Kişi,İç Anadolu,Batı Karadeniz
Çankırı,2011,39373,Aktif Sigortalılar,"01.Toplam Aktif Sigortalı (4a, 4b, 4c)",Kişi,İç Anadolu,Batı Karadeniz
Çankırı,2012,41279,Aktif Sigortalılar,"01.Toplam Aktif Sigortalı (4a, 4b, 4c)",Kişi,İç Anadolu,Batı Karadeniz
Çankırı,2013,40115,Aktif Sigortalılar,"01.Toplam Aktif Sigortalı (4a, 4b, 4c)",Kişi,İç Anadolu,Batı Karadeniz
Çankırı,2014,41973,Aktif Sigortalılar,"01.Toplam Aktif Sigortalı (4a, 4b, 4c)",Kişi,İç Anadolu,Batı Karadeniz
Çankırı,2015,44193,Aktif Sigortalılar,"01.Toplam Aktif Sigortalı (4a, 4b, 4c)",Kişi,İç Anadolu,Batı Karadeniz
Çankırı,2016,43861,Aktif Sigortalılar,"01.Toplam Aktif Sigortalı (4a, 4b, 4c)",Kişi,İç Anadolu,Batı Karadeniz
Çankırı,2017,47582,Aktif Sigortalılar,"01.Toplam Aktif Sigortalı (4a, 4b, 4c)",Kişi,İç Anadolu,Batı Karadeniz
Çankırı,2018,47333,Aktif Sigortalılar,"01.Toplam Aktif Sigortalı (4a, 4b, 4c)",Kişi,İç Anadolu,Batı Karadeniz
Çankırı,2019,44924,Aktif Sigortalılar,"01.Toplam Aktif Sigortalı (4a, 4b, 4c)",Kişi,İç Anadolu,Batı Karadeniz
Çankırı,2020,48479,Aktif Sigortalılar,"01.Toplam Aktif Sigortalı (4a, 4b, 4c)",Kişi,İç Anadolu,Batı Karadeniz
Çankırı,2021,51615,Aktif Sigortalılar,"01.Toplam Aktif Sigortalı (4a, 4b, 4c)",Kişi,İç Anadolu,Batı Karadeniz
Çankırı,2022,54541,Aktif Sigortalılar,"01.Toplam Aktif Sigortalı (4a, 4b, 4c)",Kişi,İç Anadolu,Batı Karadeniz
Çankırı,2023,53199,Aktif Sigortalılar,"01.Toplam Aktif Sigortalı (4a, 4b, 4c)",Kişi,İç Anadolu,Batı Karadeniz
Çankırı,2024,54448,Aktif Sigortalılar,"01.Toplam Aktif Sigortalı (4a, 4b, 4c)",Kişi,İç Anadolu,Batı Karadeniz
Çorum,2009,100429,Aktif Sigortalılar,"01.Toplam Aktif Sigortalı (4a, 4b, 4c)",Kişi,Karadeniz,Batı Karadeniz
Çorum,2010,104722,Aktif Sigortalılar,"01.Toplam Aktif Sigortalı (4a, 4b, 4c)",Kişi,Karadeniz,Batı Karadeniz
Çorum,2011,106384,Aktif Sigortalılar,"01.Toplam Aktif Sigortalı (4a, 4b, 4c)",Kişi,Karadeniz,Batı Karadeniz
Çorum,2012,104910,Aktif Sigortalılar,"01.Toplam Aktif Sigortalı (4a, 4b, 4c)",Kişi,Karadeniz,Batı Karadeniz
Çorum,2013,103661,Aktif Sigortalılar,"01.Toplam Aktif Sigortalı (4a, 4b, 4c)",Kişi,Karadeniz,Batı Karadeniz
Çorum,2014,102142,Aktif Sigortalılar,"01.Toplam Aktif Sigortalı (4a, 4b, 4c)",Kişi,Karadeniz,Batı Karadeniz
Çorum,2015,106599,Aktif Sigortalılar,"01.Toplam Aktif Sigortalı (4a, 4b, 4c)",Kişi,Karadeniz,Batı Karadeniz
Çorum,2016,113724,Aktif Sigortalılar,"01.Toplam Aktif Sigortalı (4a, 4b, 4c)",Kişi,Karadeniz,Batı Karadeniz
Çorum,2017,118315,Aktif Sigortalılar,"01.Toplam Aktif Sigortalı (4a, 4b, 4c)",Kişi,Karadeniz,Batı Karadeniz
Çorum,2018,113303,Aktif Sigortalılar,"01.Toplam Aktif Sigortalı (4a, 4b, 4c)",Kişi,Karadeniz,Batı Karadeniz
Çorum,2019,108399,Aktif Sigortalılar,"01.Toplam Aktif Sigortalı (4a, 4b, 4c)",Kişi,Karadeniz,Batı Karadeniz
Çorum,2020,114215,Aktif Sigortalılar,"01.Toplam Aktif Sigortalı (4a, 4b, 4c)",Kişi,Karadeniz,Batı Karadeniz
Çorum,2021,117697,Aktif Sigortalılar,"01.Toplam Aktif Sigortalı (4a, 4b, 4c)",Kişi,Karadeniz,Batı Karadeniz
Çorum,2022,126023,Aktif Sigortalılar,"01.Toplam Aktif Sigortalı (4a, 4b, 4c)",Kişi,Karadeniz,Batı Karadeniz
Çorum,2023,120766,Aktif Sigortalılar,"01.Toplam Aktif Sigortalı (4a, 4b, 4c)",Kişi,Karadeniz,Batı Karadeniz
Çorum,2024,123217,Aktif Sigortalılar,"01.Toplam Aktif Sigortalı (4a, 4b, 4c)",Kişi,Karadeniz,Batı Karadeniz
İstanbul,2009,3559227,Aktif Sigortalılar,"01.Toplam Aktif Sigortalı (4a, 4b, 4c)",Kişi,Marmara,İstanbul
İstanbul,2010,3836231,Aktif Sigortalılar,"01.Toplam Aktif Sigortalı (4a, 4b, 4c)",Kişi,Marmara,İstanbul
İstanbul,2011,4181462,Aktif Sigortalılar,"01.Toplam Aktif Sigortalı (4a, 4b, 4c)",Kişi,Marmara,İstanbul
İstanbul,2012,4535637,Aktif Sigortalılar,"01.Toplam Aktif Sigortalı (4a, 4b, 4c)",Kişi,Marmara,İstanbul
İstanbul,2013,4757836,Aktif Sigortalılar,"01.Toplam Aktif Sigortalı (4a, 4b, 4c)",Kişi,Marmara,İstanbul
İstanbul,2014,5063036,Aktif Sigortalılar,"01.Toplam Aktif Sigortalı (4a, 4b, 4c)",Kişi,Marmara,İstanbul
İstanbul,2015,5233496,Aktif Sigortalılar,"01.Toplam Aktif Sigortalı (4a, 4b, 4c)",Kişi,Marmara,İstanbul
İstanbul,2016,5194737,Aktif Sigortalılar,"01.Toplam Aktif Sigortalı (4a, 4b, 4c)",Kişi,Marmara,İstanbul
İstanbul,2017,5350911,Aktif Sigortalılar,"01.Toplam Aktif Sigortalı (4a, 4b, 4c)",Kişi,Marmara,İstanbul
İstanbul,2018,5291838,Aktif Sigortalılar,"01.Toplam Aktif Sigortalı (4a, 4b, 4c)",Kişi,Marmara,İstanbul
İstanbul,2019,5338602,Aktif Sigortalılar,"01.Toplam Aktif Sigortalı (4a, 4b, 4c)",Kişi,Marmara,İstanbul
İstanbul,2020,5649571,Aktif Sigortalılar,"01.Toplam Aktif Sigortalı (4a, 4b, 4c)",Kişi,Marmara,İstanbul
İstanbul,2021,5999959,Aktif Sigortalılar,"01.Toplam Aktif Sigortalı (4a, 4b, 4c)",Kişi,Marmara,İstanbul
İstanbul,2022,6393122,Aktif Sigortalılar,"01.Toplam Aktif Sigortalı (4a, 4b, 4c)",Kişi,Marmara,İstanbul
İstanbul,2023,6068025,Aktif Sigortalılar,"01.Toplam Aktif Sigortalı (4a, 4b, 4c)",Kişi,Marmara,İstanbul
İstanbul,2024,6079754,Aktif Sigortalılar,"01.Toplam Aktif Sigortalı (4a, 4b, 4c)",Kişi,Marmara,İstanbul
İzmir,2009,933529,Aktif Sigortalılar,"01.Toplam Aktif Sigortalı (4a, 4b, 4c)",Kişi,Ege,Ege
İzmir,2010,993281,Aktif Sigortalılar,"01.Toplam Aktif Sigortalı (4a, 4b, 4c)",Kişi,Ege,Ege
İzmir,2011,1061805,Aktif Sigortalılar,"01.Toplam Aktif Sigortalı (4a, 4b, 4c)",Kişi,Ege,Ege
İzmir,2012,1085711,Aktif Sigortalılar,"01.Toplam Aktif Sigortalı (4a, 4b, 4c)",Kişi,Ege,Ege
İzmir,2013,1120182,Aktif Sigortalılar,"01.Toplam Aktif Sigortalı (4a, 4b, 4c)",Kişi,Ege,Ege
İzmir,2014,1167463,Aktif Sigortalılar,"01.Toplam Aktif Sigortalı (4a, 4b, 4c)",Kişi,Ege,Ege
İzmir,2015,1211730,Aktif Sigortalılar,"01.Toplam Aktif Sigortalı (4a, 4b, 4c)",Kişi,Ege,Ege
İzmir,2016,1266538,Aktif Sigortalılar,"01.Toplam Aktif Sigortalı (4a, 4b, 4c)",Kişi,Ege,Ege
İzmir,2017,1336119,Aktif Sigortalılar,"01.Toplam Aktif Sigortalı (4a, 4b, 4c)",Kişi,Ege,Ege
İzmir,2018,1316506,Aktif Sigortalılar,"01.Toplam Aktif Sigortalı (4a, 4b, 4c)",Kişi,Ege,Ege
İzmir,2019,1301506,Aktif Sigortalılar,"01.Toplam Aktif Sigortalı (4a, 4b, 4c)",Kişi,Ege,Ege
İzmir,2020,1368884,Aktif Sigortalılar,"01.Toplam Aktif Sigortalı (4a, 4b, 4c)",Kişi,Ege,Ege
İzmir,2021,1454529,Aktif Sigortalılar,"01.Toplam Aktif Sigortalı (4a, 4b, 4c)",Kişi,Ege,Ege
İzmir,2022,1527030,Aktif Sigortalılar,"01.Toplam Aktif Sigortalı (4a, 4b, 4c)",Kişi,Ege,Ege
İzmir,2023,1444596,Aktif Sigortalılar,"01.Toplam Aktif Sigortalı (4a, 4b, 4c)",Kişi,Ege,Ege
İzmir,2024,1450093,Aktif Sigortalılar,"01.Toplam Aktif Sigortalı (4a, 4b, 4c)",Kişi,Ege,Ege
Şanlıurfa,2009,131064,Aktif Sigortalılar,"01.Toplam Aktif Sigortalı (4a, 4b, 4c)",Kişi,Güneydoğu Anadolu,Güneydoğu Anadolu
Şanlıurfa,2010,151334,Aktif Sigortalılar,"01.Toplam Aktif Sigortalı (4a, 4b, 4c)",Kişi,Güneydoğu Anadolu,Güneydoğu Anadolu
Şanlıurfa,2011,180489,Aktif Sigortalılar,"01.Toplam Aktif Sigortalı (4a, 4b, 4c)",Kişi,Güneydoğu Anadolu,Güneydoğu Anadolu
Şanlıurfa,2012,201867,Aktif Sigortalılar,"01.Toplam Aktif Sigortalı (4a, 4b, 4c)",Kişi,Güneydoğu Anadolu,Güneydoğu Anadolu
Şanlıurfa,2013,202769,Aktif Sigortalılar,"01.Toplam Aktif Sigortalı (4a, 4b, 4c)",Kişi,Güneydoğu Anadolu,Güneydoğu Anadolu
Şanlıurfa,2014,216709,Aktif Sigortalılar,"01.Toplam Aktif Sigortalı (4a, 4b, 4c)",Kişi,Güneydoğu Anadolu,Güneydoğu Anadolu
Şanlıurfa,2015,239882,Aktif Sigortalılar,"01.Toplam Aktif Sigortalı (4a, 4b, 4c)",Kişi,Güneydoğu Anadolu,Güneydoğu Anadolu
Şanlıurfa,2016,242156,Aktif Sigortalılar,"01.Toplam Aktif Sigortalı (4a, 4b, 4c)",Kişi,Güneydoğu Anadolu,Güneydoğu Anadolu
Şanlıurfa,2017,264380,Aktif Sigortalılar,"01.Toplam Aktif Sigortalı (4a, 4b, 4c)",Kişi,Güneydoğu Anadolu,Güneydoğu Anadolu
Şanlıurfa,2018,268749,Aktif Sigortalılar,"01.Toplam Aktif Sigortalı (4a, 4b, 4c)",Kişi,Güneydoğu Anadolu,Güneydoğu Anadolu
Şanlıurfa,2019,268778,Aktif Sigortalılar,"01.Toplam Aktif Sigortalı (4a, 4b, 4c)",Kişi,Güneydoğu Anadolu,Güneydoğu Anadolu
Şanlıurfa,2020,300533,Aktif Sigortalılar,"01.Toplam Aktif Sigortalı (4a, 4b, 4c)",Kişi,Güneydoğu Anadolu,Güneydoğu Anadolu
Şanlıurfa,2021,330461,Aktif Sigortalılar,"01.Toplam Aktif Sigortalı (4a, 4b, 4c)",Kişi,Güneydoğu Anadolu,Güneydoğu Anadolu
Şanlıurfa,2022,361232,Aktif Sigortalılar,"01.Toplam Aktif Sigortalı (4a, 4b, 4c)",Kişi,Güneydoğu Anadolu,Güneydoğu Anadolu
Şanlıurfa,2023,369117,Aktif Sigortalılar,"01.Toplam Aktif Sigortalı (4a, 4b, 4c)",Kişi,Güneydoğu Anadolu,Güneydoğu Anadolu
Şanlıurfa,2024,373456,Aktif Sigortalılar,"01.Toplam Aktif Sigortalı (4a, 4b, 4c)",Kişi,Güneydoğu Anadolu,Güneydoğu Anadolu
Şırnak,2009,36317,Aktif Sigortalılar,"01.Toplam Aktif Sigortalı (4a, 4b, 4c)",Kişi,Güneydoğu Anadolu,Güneydoğu Anadolu
Şırnak,2010,40976,Aktif Sigortalılar,"01.Toplam Aktif Sigortalı (4a, 4b, 4c)",Kişi,Güneydoğu Anadolu,Güneydoğu Anadolu
Şırnak,2011,46463,Aktif Sigortalılar,"01.Toplam Aktif Sigortalı (4a, 4b, 4c)",Kişi,Güneydoğu Anadolu,Güneydoğu Anadolu
Şırnak,2012,51201,Aktif Sigortalılar,"01.Toplam Aktif Sigortalı (4a, 4b, 4c)",Kişi,Güneydoğu Anadolu,Güneydoğu Anadolu
Şırnak,2013,53794,Aktif Sigortalılar,"01.Toplam Aktif Sigortalı (4a, 4b, 4c)",Kişi,Güneydoğu Anadolu,Güneydoğu Anadolu
Şırnak,2014,56849,Aktif Sigortalılar,"01.Toplam Aktif Sigortalı (4a, 4b, 4c)",Kişi,Güneydoğu Anadolu,Güneydoğu Anadolu
Şırnak,2015,49571,Aktif Sigortalılar,"01.Toplam Aktif Sigortalı (4a, 4b, 4c)",Kişi,Güneydoğu Anadolu,Güneydoğu Anadolu
Şırnak,2016,69916,Aktif Sigortalılar,"01.Toplam Aktif Sigortalı (4a, 4b, 4c)",Kişi,Güneydoğu Anadolu,Güneydoğu Anadolu
Şırnak,2017,86465,Aktif Sigortalılar,"01.Toplam Aktif Sigortalı (4a, 4b, 4c)",Kişi,Güneydoğu Anadolu,Güneydoğu Anadolu
Şırnak,2018,89195,Aktif Sigortalılar,"01.Toplam Aktif Sigortalı (4a, 4b, 4c)",Kişi,Güneydoğu Anadolu,Güneydoğu Anadolu
Şırnak,2019,90818,Aktif Sigortalılar,"01.Toplam Aktif Sigortalı (4a, 4b, 4c)",Kişi,Güneydoğu Anadolu,Güneydoğu Anadolu
Şırnak,2020,100624,Aktif Sigortalılar,"01.Toplam Aktif Sigortalı (4a, 4b, 4c)",Kişi,Güneydoğu Anadolu,Güneydoğu Anadolu
Şırnak,2021,107885,Aktif Sigortalılar,"01.Toplam Aktif Sigortalı (4a, 4b, 4c)",Kişi,Güneydoğu Anadolu,Güneydoğu Anadolu
Şırnak,2022,117084,Aktif Sigortalılar,"01.Toplam Aktif Sigortalı (4a, 4b, 4c)",Kişi,Güneydoğu Anadolu,Güneydoğu Anadolu
Şırnak,2023,118458,Aktif Sigortalılar,"01.Toplam Aktif Sigortalı (4a, 4b, 4c)",Kişi,Güneydoğu Anadolu,Güneydoğu Anadolu
Şırnak,2024,124195,Aktif Sigortalılar,"01.Toplam Aktif Sigortalı (4a, 4b, 4c)",Kişi,Güneydoğu Anadolu,Güneydoğu Anadolu
