variant,model_name,province,year,target_column,actual_target,predicted_class,predicted_probability,prediction_source
Rich Feature Rate Model,logistic_regression,Adana,2021,high_justice_risk,0,0,0.32740346455027763,out_of_fold
Rich Feature Rate Model,logistic_regression,Adıyaman,2021,high_justice_risk,0,0,0.10534096726074006,out_of_fold
Rich Feature Rate Model,logistic_regression,Afyonkarahisar,2021,high_justice_risk,1,1,0.5179912768812391,out_of_fold
Rich Feature Rate Model,logistic_regression,Aksaray,2021,high_justice_risk,0,1,0.7863044741439293,out_of_fold
Rich Feature Rate Model,logistic_regression,Amasya,2021,high_justice_risk,0,1,0.5581910585970812,out_of_fold
Rich Feature Rate Model,logistic_regression,Ankara,2021,high_justice_risk,1,1,0.9982813316570659,out_of_fold
Rich Feature Rate Model,logistic_regression,Antalya,2021,high_justice_risk,1,1,0.9046409504417013,out_of_fold
Rich Feature Rate Model,logistic_regression,Ardahan,2021,high_justice_risk,1,0,0.45898804454261033,out_of_fold
Rich Feature Rate Model,logistic_regression,Artvin,2021,high_justice_risk,0,0,0.44551798191261316,out_of_fold
Rich Feature Rate Model,logistic_regression,Aydın,2021,high_justice_risk,1,1,0.8423259666295809,out_of_fold
Rich Feature Rate Model,logistic_regression,Ağrı,2021,high_justice_risk,0,0,0.023483144142968822,out_of_fold
Rich Feature Rate Model,logistic_regression,Balıkesir,2021,high_justice_risk,1,1,0.8777392279399757,out_of_fold
Rich Feature Rate Model,logistic_regression,Bartın,2021,high_justice_risk,1,0,0.12491150213683781,out_of_fold
Rich Feature Rate Model,logistic_regression,Batman,2021,high_justice_risk,0,0,0.21046067441864819,out_of_fold
Rich Feature Rate Model,logistic_regression,Bayburt,2021,high_justice_risk,0,0,0.2415261265060037,out_of_fold
Rich Feature Rate Model,logistic_regression,Bilecik,2021,high_justice_risk,1,0,0.4250141702305707,out_of_fold
Rich Feature Rate Model,logistic_regression,Bingöl,2021,high_justice_risk,0,0,0.0321812467105132,out_of_fold
Rich Feature Rate Model,logistic_regression,Bitlis,2021,high_justice_risk,0,0,0.02640148937057606,out_of_fold
Rich Feature Rate Model,logistic_regression,Bolu,2021,high_justice_risk,1,1,0.572974462482105,out_of_fold
Rich Feature Rate Model,logistic_regression,Burdur,2021,high_justice_risk,1,1,0.8029205985762943,out_of_fold
Rich Feature Rate Model,logistic_regression,Bursa,2021,high_justice_risk,1,1,0.6957979750120022,out_of_fold
Rich Feature Rate Model,logistic_regression,Denizli,2021,high_justice_risk,1,1,0.956137399644675,out_of_fold
Rich Feature Rate Model,logistic_regression,Diyarbakır,2021,high_justice_risk,0,0,0.06039052290171186,out_of_fold
Rich Feature Rate Model,logistic_regression,Düzce,2021,high_justice_risk,0,0,0.475542973743347,out_of_fold
Rich Feature Rate Model,logistic_regression,Edirne,2021,high_justice_risk,1,1,0.8359920748055893,out_of_fold
Rich Feature Rate Model,logistic_regression,Elazığ,2021,high_justice_risk,0,1,0.5346916125902552,out_of_fold
Rich Feature Rate Model,logistic_regression,Erzincan,2021,high_justice_risk,1,1,0.6946698132769444,out_of_fold
Rich Feature Rate Model,logistic_regression,Erzurum,2021,high_justice_risk,0,0,0.4212334590129777,out_of_fold
Rich Feature Rate Model,logistic_regression,Eskişehir,2021,high_justice_risk,1,1,0.782085567939714,out_of_fold
Rich Feature Rate Model,logistic_regression,Gaziantep,2021,high_justice_risk,1,0,0.38201052789833895,out_of_fold
Rich Feature Rate Model,logistic_regression,Giresun,2021,high_justice_risk,0,0,0.21007167695382692,out_of_fold
Rich Feature Rate Model,logistic_regression,Gümüşhane,2021,high_justice_risk,0,0,0.060870835259908364,out_of_fold
Rich Feature Rate Model,logistic_regression,Hakkari,2021,high_justice_risk,0,0,0.03022048165388099,out_of_fold
Rich Feature Rate Model,logistic_regression,Hatay,2021,high_justice_risk,0,0,0.36783183943167114,out_of_fold
Rich Feature Rate Model,logistic_regression,Isparta,2021,high_justice_risk,1,1,0.8640356979458973,out_of_fold
Rich Feature Rate Model,logistic_regression,Iğdır,2021,high_justice_risk,1,0,0.14462898265284166,out_of_fold
Rich Feature Rate Model,logistic_regression,Kahramanmaraş,2021,high_justice_risk,0,0,0.40348134958033033,out_of_fold
Rich Feature Rate Model,logistic_regression,Karabük,2021,high_justice_risk,1,1,0.9013026846717199,out_of_fold
Rich Feature Rate Model,logistic_regression,Karaman,2021,high_justice_risk,1,1,0.8420664308392903,out_of_fold
Rich Feature Rate Model,logistic_regression,Kars,2021,high_justice_risk,0,0,0.2163346505571036,out_of_fold
Rich Feature Rate Model,logistic_regression,Kastamonu,2021,high_justice_risk,1,0,0.28310946056243086,out_of_fold
Rich Feature Rate Model,logistic_regression,Kayseri,2021,high_justice_risk,1,1,0.626374908879993,out_of_fold
Rich Feature Rate Model,logistic_regression,Kilis,2021,high_justice_risk,1,1,0.581122875545046,out_of_fold
Rich Feature Rate Model,logistic_regression,Kocaeli,2021,high_justice_risk,0,1,0.9962793426766687,out_of_fold
Rich Feature Rate Model,logistic_regression,Konya,2021,high_justice_risk,1,1,0.8871859266788282,out_of_fold
Rich Feature Rate Model,logistic_regression,Kütahya,2021,high_justice_risk,0,1,0.8652964559221376,out_of_fold
Rich Feature Rate Model,logistic_regression,Kırklareli,2021,high_justice_risk,1,1,0.9339378515876109,out_of_fold
Rich Feature Rate Model,logistic_regression,Kırıkkale,2021,high_justice_risk,1,0,0.10968308964689366,out_of_fold
Rich Feature Rate Model,logistic_regression,Kırşehir,2021,high_justice_risk,0,0,0.25695793310485227,out_of_fold
Rich Feature Rate Model,logistic_regression,Malatya,2021,high_justice_risk,0,0,0.49084472535837864,out_of_fold
Rich Feature Rate Model,logistic_regression,Manisa,2021,high_justice_risk,1,1,0.9585025844859469,out_of_fold
Rich Feature Rate Model,logistic_regression,Mardin,2021,high_justice_risk,0,0,0.0792293418150682,out_of_fold
Rich Feature Rate Model,logistic_regression,Mersin,2021,high_justice_risk,1,1,0.9053251130706628,out_of_fold
Rich Feature Rate Model,logistic_regression,Muğla,2021,high_justice_risk,1,1,0.9672888063110666,out_of_fold
Rich Feature Rate Model,logistic_regression,Muş,2021,high_justice_risk,0,0,0.04406574094544809,out_of_fold
Rich Feature Rate Model,logistic_regression,Nevşehir,2021,high_justice_risk,1,1,0.7152047100763678,out_of_fold
Rich Feature Rate Model,logistic_regression,Niğde,2021,high_justice_risk,1,1,0.6897035210206144,out_of_fold
Rich Feature Rate Model,logistic_regression,Ordu,2021,high_justice_risk,0,0,0.109150990655676,out_of_fold
Rich Feature Rate Model,logistic_regression,Osmaniye,2021,high_justice_risk,1,0,0.3220301097398161,out_of_fold
Rich Feature Rate Model,logistic_regression,Rize,2021,high_justice_risk,0,0,0.3383366378045636,out_of_fold
Rich Feature Rate Model,logistic_regression,Sakarya,2021,high_justice_risk,0,1,0.8340025136736309,out_of_fold
Rich Feature Rate Model,logistic_regression,Samsun,2021,high_justice_risk,1,0,0.47562738911891755,out_of_fold
Rich Feature Rate Model,logistic_regression,Siirt,2021,high_justice_risk,0,0,0.0851934807165766,out_of_fold
Rich Feature Rate Model,logistic_regression,Sinop,2021,high_justice_risk,0,0,0.39096526528487735,out_of_fold
Rich Feature Rate Model,logistic_regression,Sivas,2021,high_justice_risk,0,0,0.3000447156372218,out_of_fold
Rich Feature Rate Model,logistic_regression,Tekirdağ,2021,high_justice_risk,1,1,0.9977873805126753,out_of_fold
Rich Feature Rate Model,logistic_regression,Tokat,2021,high_justice_risk,0,1,0.6635983626818371,out_of_fold
Rich Feature Rate Model,logistic_regression,Trabzon,2021,high_justice_risk,0,0,0.2846106647729366,out_of_fold
Rich Feature Rate Model,logistic_regression,Tunceli,2021,high_justice_risk,1,0,0.3050185327721969,out_of_fold
Rich Feature Rate Model,logistic_regression,Uşak,2021,high_justice_risk,1,1,0.9101844827193443,out_of_fold
Rich Feature Rate Model,logistic_regression,Van,2021,high_justice_risk,0,0,0.016068560826926884,out_of_fold
Rich Feature Rate Model,logistic_regression,Yalova,2021,high_justice_risk,1,1,0.9767873318570941,out_of_fold
Rich Feature Rate Model,logistic_regression,Yozgat,2021,high_justice_risk,0,0,0.2132442063707467,out_of_fold
Rich Feature Rate Model,logistic_regression,Zonguldak,2021,high_justice_risk,0,0,0.21449051352329715,out_of_fold
Rich Feature Rate Model,logistic_regression,Çanakkale,2021,high_justice_risk,1,1,0.9467853568527546,out_of_fold
Rich Feature Rate Model,logistic_regression,Çankırı,2021,high_justice_risk,0,0,0.38563153068346495,out_of_fold
Rich Feature Rate Model,logistic_regression,Çorum,2021,high_justice_risk,1,0,0.27615069031434597,out_of_fold
Rich Feature Rate Model,logistic_regression,İstanbul,2021,high_justice_risk,1,0,0.004013063841552205,out_of_fold
Rich Feature Rate Model,logistic_regression,İzmir,2021,high_justice_risk,1,1,0.9780683034131497,out_of_fold
Rich Feature Rate Model,logistic_regression,Şanlıurfa,2021,high_justice_risk,0,0,0.003928783475591081,out_of_fold
Rich Feature Rate Model,logistic_regression,Şırnak,2021,high_justice_risk,0,0,0.05681984372631153,out_of_fold
Rich Feature Rate Model,random_forest,Adana,2021,high_justice_risk,0,0,0.2890339635854342,out_of_fold
Rich Feature Rate Model,random_forest,Adıyaman,2021,high_justice_risk,0,0,0.16098392857142854,out_of_fold
Rich Feature Rate Model,random_forest,Afyonkarahisar,2021,high_justice_risk,1,0,0.4265778168590668,out_of_fold
Rich Feature Rate Model,random_forest,Aksaray,2021,high_justice_risk,0,1,0.557656746031746,out_of_fold
Rich Feature Rate Model,random_forest,Amasya,2021,high_justice_risk,0,1,0.6148869047619047,out_of_fold
Rich Feature Rate Model,random_forest,Ankara,2021,high_justice_risk,1,1,0.8411781808877394,out_of_fold
Rich Feature Rate Model,random_forest,Antalya,2021,high_justice_risk,1,1,0.8933267543859651,out_of_fold
Rich Feature Rate Model,random_forest,Ardahan,2021,high_justice_risk,1,0,0.4672050264550265,out_of_fold
Rich Feature Rate Model,random_forest,Artvin,2021,high_justice_risk,0,1,0.6217092611336033,out_of_fold
Rich Feature Rate Model,random_forest,Aydın,2021,high_justice_risk,1,1,0.7940694444444445,out_of_fold
Rich Feature Rate Model,random_forest,Ağrı,2021,high_justice_risk,0,0,0.164327380952381,out_of_fold
Rich Feature Rate Model,random_forest,Balıkesir,2021,high_justice_risk,1,1,0.7678296703296705,out_of_fold
Rich Feature Rate Model,random_forest,Bartın,2021,high_justice_risk,1,0,0.3082760989010989,out_of_fold
Rich Feature Rate Model,random_forest,Batman,2021,high_justice_risk,0,0,0.10440357142857143,out_of_fold
Rich Feature Rate Model,random_forest,Bayburt,2021,high_justice_risk,0,1,0.5459309210526316,out_of_fold
Rich Feature Rate Model,random_forest,Bilecik,2021,high_justice_risk,1,1,0.7112923471007839,out_of_fold
Rich Feature Rate Model,random_forest,Bingöl,2021,high_justice_risk,0,0,0.21194131794131799,out_of_fold
Rich Feature Rate Model,random_forest,Bitlis,2021,high_justice_risk,0,0,0.15366964285714288,out_of_fold
Rich Feature Rate Model,random_forest,Bolu,2021,high_justice_risk,1,1,0.7344865810359231,out_of_fold
Rich Feature Rate Model,random_forest,Burdur,2021,high_justice_risk,1,1,0.8246409774436091,out_of_fold
Rich Feature Rate Model,random_forest,Bursa,2021,high_justice_risk,1,1,0.6246667968469439,out_of_fold
Rich Feature Rate Model,random_forest,Denizli,2021,high_justice_risk,1,1,0.8249100877192984,out_of_fold
Rich Feature Rate Model,random_forest,Diyarbakır,2021,high_justice_risk,0,0,0.11294047619047619,out_of_fold
Rich Feature Rate Model,random_forest,Düzce,2021,high_justice_risk,0,1,0.5572782356532359,out_of_fold
Rich Feature Rate Model,random_forest,Edirne,2021,high_justice_risk,1,1,0.8165550595238099,out_of_fold
Rich Feature Rate Model,random_forest,Elazığ,2021,high_justice_risk,0,0,0.23540724716460015,out_of_fold
Rich Feature Rate Model,random_forest,Erzincan,2021,high_justice_risk,1,1,0.6207914103440418,out_of_fold
Rich Feature Rate Model,random_forest,Erzurum,2021,high_justice_risk,0,0,0.31844768009768015,out_of_fold
Rich Feature Rate Model,random_forest,Eskişehir,2021,high_justice_risk,1,1,0.8159861158578267,out_of_fold
Rich Feature Rate Model,random_forest,Gaziantep,2021,high_justice_risk,1,0,0.34199302413273003,out_of_fold
Rich Feature Rate Model,random_forest,Giresun,2021,high_justice_risk,0,0,0.29892873677248666,out_of_fold
Rich Feature Rate Model,random_forest,Gümüşhane,2021,high_justice_risk,0,0,0.49434659565580624,out_of_fold
Rich Feature Rate Model,random_forest,Hakkari,2021,high_justice_risk,0,0,0.27254329004329003,out_of_fold
Rich Feature Rate Model,random_forest,Hatay,2021,high_justice_risk,0,0,0.46106415343915347,out_of_fold
Rich Feature Rate Model,random_forest,Isparta,2021,high_justice_risk,1,1,0.6972393233271715,out_of_fold
Rich Feature Rate Model,random_forest,Iğdır,2021,high_justice_risk,1,0,0.3091426587301588,out_of_fold
Rich Feature Rate Model,random_forest,Kahramanmaraş,2021,high_justice_risk,0,0,0.16481144781144783,out_of_fold
Rich Feature Rate Model,random_forest,Karabük,2021,high_justice_risk,1,1,0.6138296703296704,out_of_fold
Rich Feature Rate Model,random_forest,Karaman,2021,high_justice_risk,1,1,0.8329166666666665,out_of_fold
Rich Feature Rate Model,random_forest,Kars,2021,high_justice_risk,0,0,0.236375,out_of_fold
Rich Feature Rate Model,random_forest,Kastamonu,2021,high_justice_risk,1,0,0.49981547619047617,out_of_fold
Rich Feature Rate Model,random_forest,Kayseri,2021,high_justice_risk,1,1,0.5599431157078217,out_of_fold
Rich Feature Rate Model,random_forest,Kilis,2021,high_justice_risk,1,1,0.615393132452343,out_of_fold
Rich Feature Rate Model,random_forest,Kocaeli,2021,high_justice_risk,0,1,0.977875,out_of_fold
Rich Feature Rate Model,random_forest,Konya,2021,high_justice_risk,1,1,0.7277150974025974,out_of_fold
Rich Feature Rate Model,random_forest,Kütahya,2021,high_justice_risk,0,1,0.7786522435897436,out_of_fold
Rich Feature Rate Model,random_forest,Kırklareli,2021,high_justice_risk,1,1,0.9120400432900432,out_of_fold
Rich Feature Rate Model,random_forest,Kırıkkale,2021,high_justice_risk,1,0,0.35738262085137085,out_of_fold
Rich Feature Rate Model,random_forest,Kırşehir,2021,high_justice_risk,0,0,0.3813010467344833,out_of_fold
Rich Feature Rate Model,random_forest,Malatya,2021,high_justice_risk,0,0,0.4414447055137844,out_of_fold
Rich Feature Rate Model,random_forest,Manisa,2021,high_justice_risk,1,1,0.792222145909646,out_of_fold
Rich Feature Rate Model,random_forest,Mardin,2021,high_justice_risk,0,0,0.05025000000000001,out_of_fold
Rich Feature Rate Model,random_forest,Mersin,2021,high_justice_risk,1,1,0.7802738095238098,out_of_fold
Rich Feature Rate Model,random_forest,Muğla,2021,high_justice_risk,1,1,0.8448897821949292,out_of_fold
Rich Feature Rate Model,random_forest,Muş,2021,high_justice_risk,0,0,0.24103571428571427,out_of_fold
Rich Feature Rate Model,random_forest,Nevşehir,2021,high_justice_risk,1,1,0.7032038690476189,out_of_fold
Rich Feature Rate Model,random_forest,Niğde,2021,high_justice_risk,1,0,0.477811507936508,out_of_fold
Rich Feature Rate Model,random_forest,Ordu,2021,high_justice_risk,0,0,0.38783206654456653,out_of_fold
Rich Feature Rate Model,random_forest,Osmaniye,2021,high_justice_risk,1,0,0.24986638116785176,out_of_fold
Rich Feature Rate Model,random_forest,Rize,2021,high_justice_risk,0,1,0.5137781385281384,out_of_fold
Rich Feature Rate Model,random_forest,Sakarya,2021,high_justice_risk,0,1,0.7596946097883598,out_of_fold
Rich Feature Rate Model,random_forest,Samsun,2021,high_justice_risk,1,0,0.47088820656467717,out_of_fold
Rich Feature Rate Model,random_forest,Siirt,2021,high_justice_risk,0,0,0.09854444444444445,out_of_fold
Rich Feature Rate Model,random_forest,Sinop,2021,high_justice_risk,0,1,0.566313857560568,out_of_fold
Rich Feature Rate Model,random_forest,Sivas,2021,high_justice_risk,0,0,0.137855102972363,out_of_fold
Rich Feature Rate Model,random_forest,Tekirdağ,2021,high_justice_risk,1,1,0.8132189153439157,out_of_fold
Rich Feature Rate Model,random_forest,Tokat,2021,high_justice_risk,0,0,0.48821099896835185,out_of_fold
Rich Feature Rate Model,random_forest,Trabzon,2021,high_justice_risk,0,1,0.5593379329004329,out_of_fold
Rich Feature Rate Model,random_forest,Tunceli,2021,high_justice_risk,1,1,0.6084592611336034,out_of_fold
Rich Feature Rate Model,random_forest,Uşak,2021,high_justice_risk,1,1,0.7747077991452991,out_of_fold
Rich Feature Rate Model,random_forest,Van,2021,high_justice_risk,0,0,0.04543872549019607,out_of_fold
Rich Feature Rate Model,random_forest,Yalova,2021,high_justice_risk,1,1,0.9485416666666666,out_of_fold
Rich Feature Rate Model,random_forest,Yozgat,2021,high_justice_risk,0,0,0.28699404761904757,out_of_fold
Rich Feature Rate Model,random_forest,Zonguldak,2021,high_justice_risk,0,0,0.1678476221490928,out_of_fold
Rich Feature Rate Model,random_forest,Çanakkale,2021,high_justice_risk,1,1,0.8175416666666666,out_of_fold
Rich Feature Rate Model,random_forest,Çankırı,2021,high_justice_risk,0,1,0.5037738095238095,out_of_fold
Rich Feature Rate Model,random_forest,Çorum,2021,high_justice_risk,1,0,0.35313238035113037,out_of_fold
Rich Feature Rate Model,random_forest,İstanbul,2021,high_justice_risk,1,1,0.7442142857142855,out_of_fold
Rich Feature Rate Model,random_forest,İzmir,2021,high_justice_risk,1,1,0.8297588298139769,out_of_fold
Rich Feature Rate Model,random_forest,Şanlıurfa,2021,high_justice_risk,0,0,0.12383333333333338,out_of_fold
Rich Feature Rate Model,random_forest,Şırnak,2021,high_justice_risk,0,0,0.11980555555555553,out_of_fold
Rich Feature Rate Model,xgboost,Adana,2021,high_justice_risk,0,0,0.0032227537594735622,out_of_fold
Rich Feature Rate Model,xgboost,Adıyaman,2021,high_justice_risk,0,0,0.032091010361909866,out_of_fold
Rich Feature Rate Model,xgboost,Afyonkarahisar,2021,high_justice_risk,1,1,0.6832320094108582,out_of_fold
Rich Feature Rate Model,xgboost,Aksaray,2021,high_justice_risk,0,1,0.9268290996551514,out_of_fold
Rich Feature Rate Model,xgboost,Amasya,2021,high_justice_risk,0,1,0.8426011800765991,out_of_fold
Rich Feature Rate Model,xgboost,Ankara,2021,high_justice_risk,1,1,0.9414792060852051,out_of_fold
Rich Feature Rate Model,xgboost,Antalya,2021,high_justice_risk,1,1,0.9697227478027344,out_of_fold
Rich Feature Rate Model,xgboost,Ardahan,2021,high_justice_risk,1,0,0.4097042679786682,out_of_fold
Rich Feature Rate Model,xgboost,Artvin,2021,high_justice_risk,0,1,0.8536301255226135,out_of_fold
Rich Feature Rate Model,xgboost,Aydın,2021,high_justice_risk,1,1,0.9677093625068665,out_of_fold
Rich Feature Rate Model,xgboost,Ağrı,2021,high_justice_risk,0,0,0.03788160905241966,out_of_fold
Rich Feature Rate Model,xgboost,Balıkesir,2021,high_justice_risk,1,1,0.8078505396842957,out_of_fold
Rich Feature Rate Model,xgboost,Bartın,2021,high_justice_risk,1,0,0.09929285943508148,out_of_fold
Rich Feature Rate Model,xgboost,Batman,2021,high_justice_risk,0,0,0.018979523330926895,out_of_fold
Rich Feature Rate Model,xgboost,Bayburt,2021,high_justice_risk,0,0,0.18827563524246216,out_of_fold
Rich Feature Rate Model,xgboost,Bilecik,2021,high_justice_risk,1,1,0.5531702041625977,out_of_fold
Rich Feature Rate Model,xgboost,Bingöl,2021,high_justice_risk,0,0,0.024163464084267616,out_of_fold
Rich Feature Rate Model,xgboost,Bitlis,2021,high_justice_risk,0,0,0.0716252252459526,out_of_fold
Rich Feature Rate Model,xgboost,Bolu,2021,high_justice_risk,1,1,0.8882197141647339,out_of_fold
Rich Feature Rate Model,xgboost,Burdur,2021,high_justice_risk,1,1,0.9894030094146729,out_of_fold
Rich Feature Rate Model,xgboost,Bursa,2021,high_justice_risk,1,0,0.49955758452415466,out_of_fold
Rich Feature Rate Model,xgboost,Denizli,2021,high_justice_risk,1,1,0.9613996744155884,out_of_fold
Rich Feature Rate Model,xgboost,Diyarbakır,2021,high_justice_risk,0,0,0.008342099376022816,out_of_fold
Rich Feature Rate Model,xgboost,Düzce,2021,high_justice_risk,0,1,0.7725361585617065,out_of_fold
Rich Feature Rate Model,xgboost,Edirne,2021,high_justice_risk,1,1,0.9798527956008911,out_of_fold
Rich Feature Rate Model,xgboost,Elazığ,2021,high_justice_risk,0,0,0.021103838458657265,out_of_fold
Rich Feature Rate Model,xgboost,Erzincan,2021,high_justice_risk,1,1,0.6710044741630554,out_of_fold
Rich Feature Rate Model,xgboost,Erzurum,2021,high_justice_risk,0,0,0.37379390001296997,out_of_fold
Rich Feature Rate Model,xgboost,Eskişehir,2021,high_justice_risk,1,0,0.376356303691864,out_of_fold
Rich Feature Rate Model,xgboost,Gaziantep,2021,high_justice_risk,1,0,0.31130704283714294,out_of_fold
Rich Feature Rate Model,xgboost,Giresun,2021,high_justice_risk,0,0,0.16446521878242493,out_of_fold
Rich Feature Rate Model,xgboost,Gümüşhane,2021,high_justice_risk,0,0,0.4410788118839264,out_of_fold
Rich Feature Rate Model,xgboost,Hakkari,2021,high_justice_risk,0,0,0.02176727168262005,out_of_fold
Rich Feature Rate Model,xgboost,Hatay,2021,high_justice_risk,0,1,0.8248042464256287,out_of_fold
Rich Feature Rate Model,xgboost,Isparta,2021,high_justice_risk,1,1,0.8575229048728943,out_of_fold
Rich Feature Rate Model,xgboost,Iğdır,2021,high_justice_risk,1,0,0.4984918534755707,out_of_fold
Rich Feature Rate Model,xgboost,Kahramanmaraş,2021,high_justice_risk,0,0,0.009869296103715897,out_of_fold
Rich Feature Rate Model,xgboost,Karabük,2021,high_justice_risk,1,1,0.6134202480316162,out_of_fold
Rich Feature Rate Model,xgboost,Karaman,2021,high_justice_risk,1,1,0.9961434006690979,out_of_fold
Rich Feature Rate Model,xgboost,Kars,2021,high_justice_risk,0,0,0.08926359564065933,out_of_fold
Rich Feature Rate Model,xgboost,Kastamonu,2021,high_justice_risk,1,0,0.4469325840473175,out_of_fold
Rich Feature Rate Model,xgboost,Kayseri,2021,high_justice_risk,1,0,0.07187072932720184,out_of_fold
Rich Feature Rate Model,xgboost,Kilis,2021,high_justice_risk,1,1,0.9130715131759644,out_of_fold
Rich Feature Rate Model,xgboost,Kocaeli,2021,high_justice_risk,0,1,0.9908095598220825,out_of_fold
Rich Feature Rate Model,xgboost,Konya,2021,high_justice_risk,1,1,0.9230552315711975,out_of_fold
Rich Feature Rate Model,xgboost,Kütahya,2021,high_justice_risk,0,1,0.992186427116394,out_of_fold
Rich Feature Rate Model,xgboost,Kırklareli,2021,high_justice_risk,1,1,0.9850434064865112,out_of_fold
Rich Feature Rate Model,xgboost,Kırıkkale,2021,high_justice_risk,1,0,0.07355723530054092,out_of_fold
Rich Feature Rate Model,xgboost,Kırşehir,2021,high_justice_risk,0,0,0.019056718796491623,out_of_fold
Rich Feature Rate Model,xgboost,Malatya,2021,high_justice_risk,0,0,0.3661896288394928,out_of_fold
Rich Feature Rate Model,xgboost,Manisa,2021,high_justice_risk,1,1,0.9943167567253113,out_of_fold
Rich Feature Rate Model,xgboost,Mardin,2021,high_justice_risk,0,0,0.007947586476802826,out_of_fold
Rich Feature Rate Model,xgboost,Mersin,2021,high_justice_risk,1,1,0.9209232330322266,out_of_fold
Rich Feature Rate Model,xgboost,Muğla,2021,high_justice_risk,1,1,0.9421786069869995,out_of_fold
Rich Feature Rate Model,xgboost,Muş,2021,high_justice_risk,0,0,0.2198442667722702,out_of_fold
Rich Feature Rate Model,xgboost,Nevşehir,2021,high_justice_risk,1,1,0.9560500979423523,out_of_fold
Rich Feature Rate Model,xgboost,Niğde,2021,high_justice_risk,1,1,0.6029109954833984,out_of_fold
Rich Feature Rate Model,xgboost,Ordu,2021,high_justice_risk,0,1,0.7252705097198486,out_of_fold
Rich Feature Rate Model,xgboost,Osmaniye,2021,high_justice_risk,1,0,0.11718754470348358,out_of_fold
Rich Feature Rate Model,xgboost,Rize,2021,high_justice_risk,0,1,0.5851892828941345,out_of_fold
Rich Feature Rate Model,xgboost,Sakarya,2021,high_justice_risk,0,1,0.8653647303581238,out_of_fold
Rich Feature Rate Model,xgboost,Samsun,2021,high_justice_risk,1,0,0.16792477667331696,out_of_fold
Rich Feature Rate Model,xgboost,Siirt,2021,high_justice_risk,0,0,0.014659831300377846,out_of_fold
Rich Feature Rate Model,xgboost,Sinop,2021,high_justice_risk,0,0,0.4650246798992157,out_of_fold
Rich Feature Rate Model,xgboost,Sivas,2021,high_justice_risk,0,0,0.002708331448957324,out_of_fold
Rich Feature Rate Model,xgboost,Tekirdağ,2021,high_justice_risk,1,1,0.9147253632545471,out_of_fold
Rich Feature Rate Model,xgboost,Tokat,2021,high_justice_risk,0,0,0.2951911687850952,out_of_fold
Rich Feature Rate Model,xgboost,Trabzon,2021,high_justice_risk,0,0,0.2847365736961365,out_of_fold
Rich Feature Rate Model,xgboost,Tunceli,2021,high_justice_risk,1,1,0.7594963312149048,out_of_fold
Rich Feature Rate Model,xgboost,Uşak,2021,high_justice_risk,1,1,0.9857282042503357,out_of_fold
Rich Feature Rate Model,xgboost,Van,2021,high_justice_risk,0,0,0.005626515485346317,out_of_fold
Rich Feature Rate Model,xgboost,Yalova,2021,high_justice_risk,1,1,0.9934506416320801,out_of_fold
Rich Feature Rate Model,xgboost,Yozgat,2021,high_justice_risk,0,0,0.10399747639894485,out_of_fold
Rich Feature Rate Model,xgboost,Zonguldak,2021,high_justice_risk,0,0,0.0027559271547943354,out_of_fold
Rich Feature Rate Model,xgboost,Çanakkale,2021,high_justice_risk,1,1,0.7714048624038696,out_of_fold
Rich Feature Rate Model,xgboost,Çankırı,2021,high_justice_risk,0,1,0.8810611367225647,out_of_fold
Rich Feature Rate Model,xgboost,Çorum,2021,high_justice_risk,1,0,0.3942379653453827,out_of_fold
Rich Feature Rate Model,xgboost,İstanbul,2021,high_justice_risk,1,1,0.9543799161911011,out_of_fold
Rich Feature Rate Model,xgboost,İzmir,2021,high_justice_risk,1,1,0.9342970252037048,out_of_fold
Rich Feature Rate Model,xgboost,Şanlıurfa,2021,high_justice_risk,0,0,0.017144635319709778,out_of_fold
Rich Feature Rate Model,xgboost,Şırnak,2021,high_justice_risk,0,0,0.08554241061210632,out_of_fold
Wide Coverage Flow Model,logistic_regression,Adana,2011,high_justice_flow,1,1,0.9956194289121081,out_of_fold
Wide Coverage Flow Model,logistic_regression,Adana,2012,high_justice_flow,1,1,0.996158480076652,out_of_fold
Wide Coverage Flow Model,logistic_regression,Adana,2013,high_justice_flow,1,1,0.9970866249992034,out_of_fold
Wide Coverage Flow Model,logistic_regression,Adana,2014,high_justice_flow,1,1,0.9976203881635594,out_of_fold
Wide Coverage Flow Model,logistic_regression,Adana,2015,high_justice_flow,1,1,0.9979306142095494,out_of_fold
Wide Coverage Flow Model,logistic_regression,Adana,2016,high_justice_flow,1,1,0.9985040358048295,out_of_fold
Wide Coverage Flow Model,logistic_regression,Adana,2017,high_justice_flow,1,1,0.9989198321786381,out_of_fold
Wide Coverage Flow Model,logistic_regression,Adana,2018,high_justice_flow,1,1,0.9985672367495075,out_of_fold
Wide Coverage Flow Model,logistic_regression,Adana,2019,high_justice_flow,1,1,0.9982974033664895,out_of_fold
Wide Coverage Flow Model,logistic_regression,Adana,2020,high_justice_flow,1,1,0.9988965732885113,out_of_fold
Wide Coverage Flow Model,logistic_regression,Adana,2021,high_justice_flow,1,1,0.9991770219812898,out_of_fold
Wide Coverage Flow Model,logistic_regression,Adıyaman,2011,high_justice_flow,0,0,0.47956323171983956,out_of_fold
Wide Coverage Flow Model,logistic_regression,Adıyaman,2012,high_justice_flow,0,0,0.47492886884031427,out_of_fold
Wide Coverage Flow Model,logistic_regression,Adıyaman,2013,high_justice_flow,0,0,0.4555396797002498,out_of_fold
Wide Coverage Flow Model,logistic_regression,Adıyaman,2014,high_justice_flow,0,0,0.4360263154360825,out_of_fold
Wide Coverage Flow Model,logistic_regression,Adıyaman,2015,high_justice_flow,0,0,0.41308161894391426,out_of_fold
Wide Coverage Flow Model,logistic_regression,Adıyaman,2016,high_justice_flow,0,0,0.4136284044763287,out_of_fold
Wide Coverage Flow Model,logistic_regression,Adıyaman,2017,high_justice_flow,0,0,0.4194923387592449,out_of_fold
Wide Coverage Flow Model,logistic_regression,Adıyaman,2018,high_justice_flow,0,0,0.43223591712706816,out_of_fold
Wide Coverage Flow Model,logistic_regression,Adıyaman,2019,high_justice_flow,0,0,0.39354255069671035,out_of_fold
Wide Coverage Flow Model,logistic_regression,Adıyaman,2020,high_justice_flow,0,0,0.4323819043816478,out_of_fold
Wide Coverage Flow Model,logistic_regression,Adıyaman,2021,high_justice_flow,0,0,0.4678667138937759,out_of_fold
Wide Coverage Flow Model,logistic_regression,Afyonkarahisar,2011,high_justice_flow,1,0,0.414719999218649,out_of_fold
Wide Coverage Flow Model,logistic_regression,Afyonkarahisar,2012,high_justice_flow,1,0,0.39169628456064487,out_of_fold
Wide Coverage Flow Model,logistic_regression,Afyonkarahisar,2013,high_justice_flow,1,0,0.3537274683678995,out_of_fold
Wide Coverage Flow Model,logistic_regression,Afyonkarahisar,2014,high_justice_flow,1,0,0.4095465620361531,out_of_fold
Wide Coverage Flow Model,logistic_regression,Afyonkarahisar,2015,high_justice_flow,1,0,0.45270110397404567,out_of_fold
Wide Coverage Flow Model,logistic_regression,Afyonkarahisar,2016,high_justice_flow,1,1,0.5001798949576054,out_of_fold
Wide Coverage Flow Model,logistic_regression,Afyonkarahisar,2017,high_justice_flow,1,1,0.5373150183814029,out_of_fold
Wide Coverage Flow Model,logistic_regression,Afyonkarahisar,2018,high_justice_flow,1,0,0.4969766155118886,out_of_fold
Wide Coverage Flow Model,logistic_regression,Afyonkarahisar,2019,high_justice_flow,1,0,0.46106418163344,out_of_fold
Wide Coverage Flow Model,logistic_regression,Afyonkarahisar,2020,high_justice_flow,1,1,0.5513355825947742,out_of_fold
Wide Coverage Flow Model,logistic_regression,Afyonkarahisar,2021,high_justice_flow,1,1,0.6093292893533635,out_of_fold
Wide Coverage Flow Model,logistic_regression,Aksaray,2011,high_justice_flow,0,0,0.32066771765434043,out_of_fold
Wide Coverage Flow Model,logistic_regression,Aksaray,2012,high_justice_flow,0,0,0.31401959350241154,out_of_fold
Wide Coverage Flow Model,logistic_regression,Aksaray,2013,high_justice_flow,0,0,0.2989719047579505,out_of_fold
Wide Coverage Flow Model,logistic_regression,Aksaray,2014,high_justice_flow,0,0,0.27606223724204343,out_of_fold
Wide Coverage Flow Model,logistic_regression,Aksaray,2015,high_justice_flow,0,0,0.26958145438718,out_of_fold
Wide Coverage Flow Model,logistic_regression,Aksaray,2016,high_justice_flow,0,0,0.27007018570006064,out_of_fold
Wide Coverage Flow Model,logistic_regression,Aksaray,2017,high_justice_flow,0,0,0.27134857366742005,out_of_fold
Wide Coverage Flow Model,logistic_regression,Aksaray,2018,high_justice_flow,0,0,0.2747014501491169,out_of_fold
Wide Coverage Flow Model,logistic_regression,Aksaray,2019,high_justice_flow,0,0,0.27860243152415104,out_of_fold
Wide Coverage Flow Model,logistic_regression,Aksaray,2020,high_justice_flow,0,0,0.3108083919450279,out_of_fold
Wide Coverage Flow Model,logistic_regression,Aksaray,2021,high_justice_flow,0,0,0.30792625041784966,out_of_fold
Wide Coverage Flow Model,logistic_regression,Amasya,2011,high_justice_flow,0,0,0.2683322204143201,out_of_fold
Wide Coverage Flow Model,logistic_regression,Amasya,2012,high_justice_flow,0,0,0.257956739752171,out_of_fold
Wide Coverage Flow Model,logistic_regression,Amasya,2013,high_justice_flow,0,0,0.2545200021908706,out_of_fold
Wide Coverage Flow Model,logistic_regression,Amasya,2014,high_justice_flow,0,0,0.24925420772161044,out_of_fold
Wide Coverage Flow Model,logistic_regression,Amasya,2015,high_justice_flow,0,0,0.24356634767992041,out_of_fold
Wide Coverage Flow Model,logistic_regression,Amasya,2016,high_justice_flow,0,0,0.24646345614931772,out_of_fold
Wide Coverage Flow Model,logistic_regression,Amasya,2017,high_justice_flow,0,0,0.26329128243811184,out_of_fold
Wide Coverage Flow Model,logistic_regression,Amasya,2018,high_justice_flow,0,0,0.26071546318477795,out_of_fold
Wide Coverage Flow Model,logistic_regression,Amasya,2019,high_justice_flow,0,0,0.26363937821363925,out_of_fold
Wide Coverage Flow Model,logistic_regression,Amasya,2020,high_justice_flow,0,0,0.28880102667670043,out_of_fold
Wide Coverage Flow Model,logistic_regression,Amasya,2021,high_justice_flow,0,0,0.28225491370343614,out_of_fold
Wide Coverage Flow Model,logistic_regression,Ankara,2011,high_justice_flow,1,1,1.0,out_of_fold
Wide Coverage Flow Model,logistic_regression,Ankara,2012,high_justice_flow,1,1,1.0,out_of_fold
Wide Coverage Flow Model,logistic_regression,Ankara,2013,high_justice_flow,1,1,1.0,out_of_fold
Wide Coverage Flow Model,logistic_regression,Ankara,2014,high_justice_flow,1,1,1.0,out_of_fold
Wide Coverage Flow Model,logistic_regression,Ankara,2015,high_justice_flow,1,1,1.0,out_of_fold
Wide Coverage Flow Model,logistic_regression,Ankara,2016,high_justice_flow,1,1,1.0,out_of_fold
Wide Coverage Flow Model,logistic_regression,Ankara,2017,high_justice_flow,1,1,1.0,out_of_fold
Wide Coverage Flow Model,logistic_regression,Ankara,2018,high_justice_flow,1,1,1.0,out_of_fold
Wide Coverage Flow Model,logistic_regression,Ankara,2019,high_justice_flow,1,1,1.0,out_of_fold
Wide Coverage Flow Model,logistic_regression,Ankara,2020,high_justice_flow,1,1,1.0,out_of_fold
Wide Coverage Flow Model,logistic_regression,Ankara,2021,high_justice_flow,1,1,1.0,out_of_fold
Wide Coverage Flow Model,logistic_regression,Antalya,2011,high_justice_flow,1,1,0.9994400571438701,out_of_fold
Wide Coverage Flow Model,logistic_regression,Antalya,2012,high_justice_flow,1,1,0.9996353117961453,out_of_fold
Wide Coverage Flow Model,logistic_regression,Antalya,2013,high_justice_flow,1,1,0.9997647957028255,out_of_fold
Wide Coverage Flow Model,logistic_regression,Antalya,2014,high_justice_flow,1,1,0.9998547141232288,out_of_fold
Wide Coverage Flow Model,logistic_regression,Antalya,2015,high_justice_flow,1,1,0.9998828765038728,out_of_fold
Wide Coverage Flow Model,logistic_regression,Antalya,2016,high_justice_flow,1,1,0.9998281651687411,out_of_fold
Wide Coverage Flow Model,logistic_regression,Antalya,2017,high_justice_flow,1,1,0.9999057254594214,out_of_fold
Wide Coverage Flow Model,logistic_regression,Antalya,2018,high_justice_flow,1,1,0.9999365536551131,out_of_fold
Wide Coverage Flow Model,logistic_regression,Antalya,2019,high_justice_flow,1,1,0.9999506150997446,out_of_fold
Wide Coverage Flow Model,logistic_regression,Antalya,2020,high_justice_flow,1,1,0.9999599785279737,out_of_fold
Wide Coverage Flow Model,logistic_regression,Antalya,2021,high_justice_flow,1,1,0.9999831409465215,out_of_fold
Wide Coverage Flow Model,logistic_regression,Ardahan,2011,high_justice_flow,0,0,0.12775300987707675,out_of_fold
Wide Coverage Flow Model,logistic_regression,Ardahan,2012,high_justice_flow,0,0,0.1211184795201585,out_of_fold
Wide Coverage Flow Model,logistic_regression,Ardahan,2013,high_justice_flow,0,0,0.10992037789878788,out_of_fold
Wide Coverage Flow Model,logistic_regression,Ardahan,2014,high_justice_flow,0,0,0.08858932167910757,out_of_fold
Wide Coverage Flow Model,logistic_regression,Ardahan,2015,high_justice_flow,0,0,0.07719060719304906,out_of_fold
Wide Coverage Flow Model,logistic_regression,Ardahan,2016,high_justice_flow,0,0,0.0760253252000101,out_of_fold
Wide Coverage Flow Model,logistic_regression,Ardahan,2017,high_justice_flow,0,0,0.08482149349395929,out_of_fold
Wide Coverage Flow Model,logistic_regression,Ardahan,2018,high_justice_flow,0,0,0.09180794466481501,out_of_fold
Wide Coverage Flow Model,logistic_regression,Ardahan,2019,high_justice_flow,0,0,0.08608876767735513,out_of_fold
Wide Coverage Flow Model,logistic_regression,Ardahan,2020,high_justice_flow,0,0,0.08848422043307701,out_of_fold
Wide Coverage Flow Model,logistic_regression,Ardahan,2021,high_justice_flow,0,0,0.0817245301195199,out_of_fold
Wide Coverage Flow Model,logistic_regression,Artvin,2011,high_justice_flow,0,0,0.2730736330868069,out_of_fold
Wide Coverage Flow Model,logistic_regression,Artvin,2012,high_justice_flow,0,0,0.26889454698311,out_of_fold
Wide Coverage Flow Model,logistic_regression,Artvin,2013,high_justice_flow,0,0,0.2675218081213023,out_of_fold
Wide Coverage Flow Model,logistic_regression,Artvin,2014,high_justice_flow,0,0,0.30834190696929653,out_of_fold
Wide Coverage Flow Model,logistic_regression,Artvin,2015,high_justice_flow,0,0,0.2816002239303914,out_of_fold
Wide Coverage Flow Model,logistic_regression,Artvin,2016,high_justice_flow,0,0,0.2745863732479911,out_of_fold
Wide Coverage Flow Model,logistic_regression,Artvin,2017,high_justice_flow,0,0,0.2720770595959343,out_of_fold
Wide Coverage Flow Model,logistic_regression,Artvin,2018,high_justice_flow,0,0,0.23208104964627632,out_of_fold
Wide Coverage Flow Model,logistic_regression,Artvin,2019,high_justice_flow,0,0,0.2284433974435881,out_of_fold
Wide Coverage Flow Model,logistic_regression,Artvin,2020,high_justice_flow,0,0,0.23899459519365152,out_of_fold
Wide Coverage Flow Model,logistic_regression,Artvin,2021,high_justice_flow,0,0,0.26175865183578273,out_of_fold
Wide Coverage Flow Model,logistic_regression,Aydın,2011,high_justice_flow,1,1,0.9003554419814123,out_of_fold
Wide Coverage Flow Model,logistic_regression,Aydın,2012,high_justice_flow,1,1,0.9050018042929514,out_of_fold
Wide Coverage Flow Model,logistic_regression,Aydın,2013,high_justice_flow,1,1,0.9085239553487966,out_of_fold
Wide Coverage Flow Model,logistic_regression,Aydın,2014,high_justice_flow,1,1,0.9169238546172489,out_of_fold
Wide Coverage Flow Model,logistic_regression,Aydın,2015,high_justice_flow,1,1,0.9263034453203295,out_of_fold
Wide Coverage Flow Model,logistic_regression,Aydın,2016,high_justice_flow,1,1,0.9399843809645501,out_of_fold
Wide Coverage Flow Model,logistic_regression,Aydın,2017,high_justice_flow,1,1,0.9504707700110622,out_of_fold
Wide Coverage Flow Model,logistic_regression,Aydın,2018,high_justice_flow,1,1,0.9181851794732243,out_of_fold
Wide Coverage Flow Model,logistic_regression,Aydın,2019,high_justice_flow,1,1,0.9140515309430114,out_of_fold
Wide Coverage Flow Model,logistic_regression,Aydın,2020,high_justice_flow,1,1,0.9284808616706322,out_of_fold
Wide Coverage Flow Model,logistic_regression,Aydın,2021,high_justice_flow,1,1,0.9380587877343286,out_of_fold
Wide Coverage Flow Model,logistic_regression,Ağrı,2011,high_justice_flow,0,0,0.2623280239554425,out_of_fold
Wide Coverage Flow Model,logistic_regression,Ağrı,2012,high_justice_flow,0,0,0.26062885001500036,out_of_fold
Wide Coverage Flow Model,logistic_regression,Ağrı,2013,high_justice_flow,0,0,0.23878895754325838,out_of_fold
Wide Coverage Flow Model,logistic_regression,Ağrı,2014,high_justice_flow,0,0,0.21391505031745423,out_of_fold
Wide Coverage Flow Model,logistic_regression,Ağrı,2015,high_justice_flow,0,0,0.2006797293637212,out_of_fold
Wide Coverage Flow Model,logistic_regression,Ağrı,2016,high_justice_flow,0,0,0.20741835718219936,out_of_fold
Wide Coverage Flow Model,logistic_regression,Ağrı,2017,high_justice_flow,0,0,0.23079322788359802,out_of_fold
Wide Coverage Flow Model,logistic_regression,Ağrı,2018,high_justice_flow,0,0,0.13881949370873914,out_of_fold
Wide Coverage Flow Model,logistic_regression,Ağrı,2019,high_justice_flow,0,0,0.14220643559086388,out_of_fold
Wide Coverage Flow Model,logistic_regression,Ağrı,2020,high_justice_flow,0,0,0.1612145936574155,out_of_fold
Wide Coverage Flow Model,logistic_regression,Ağrı,2021,high_justice_flow,0,0,0.16075436888961306,out_of_fold
Wide Coverage Flow Model,logistic_regression,Balıkesir,2011,high_justice_flow,1,1,0.9504142178774332,out_of_fold
Wide Coverage Flow Model,logistic_regression,Balıkesir,2012,high_justice_flow,1,1,0.9474790618416922,out_of_fold
Wide Coverage Flow Model,logistic_regression,Balıkesir,2013,high_justice_flow,1,1,0.9463468601682179,out_of_fold
Wide Coverage Flow Model,logistic_regression,Balıkesir,2014,high_justice_flow,1,1,0.9490069245391136,out_of_fold
Wide Coverage Flow Model,logistic_regression,Balıkesir,2015,high_justice_flow,1,1,0.9536018546100448,out_of_fold
Wide Coverage Flow Model,logistic_regression,Balıkesir,2016,high_justice_flow,1,1,0.9589807775496851,out_of_fold
Wide Coverage Flow Model,logistic_regression,Balıkesir,2017,high_justice_flow,1,1,0.9671628163521537,out_of_fold
Wide Coverage Flow Model,logistic_regression,Balıkesir,2018,high_justice_flow,1,1,0.9681369008194373,out_of_fold
Wide Coverage Flow Model,logistic_regression,Balıkesir,2019,high_justice_flow,1,1,0.9666546581714895,out_of_fold
Wide Coverage Flow Model,logistic_regression,Balıkesir,2020,high_justice_flow,1,1,0.9769397438211632,out_of_fold
Wide Coverage Flow Model,logistic_regression,Balıkesir,2021,high_justice_flow,1,1,0.9798446014121323,out_of_fold
Wide Coverage Flow Model,logistic_regression,Bartın,2011,high_justice_flow,0,0,0.2450044784691438,out_of_fold
Wide Coverage Flow Model,logistic_regression,Bartın,2012,high_justice_flow,0,0,0.23426246447197285,out_of_fold
Wide Coverage Flow Model,logistic_regression,Bartın,2013,high_justice_flow,0,0,0.22101162327911184,out_of_fold
Wide Coverage Flow Model,logistic_regression,Bartın,2014,high_justice_flow,0,0,0.19944931307274233,out_of_fold
Wide Coverage Flow Model,logistic_regression,Bartın,2015,high_justice_flow,0,0,0.19643495521690382,out_of_fold
Wide Coverage Flow Model,logistic_regression,Bartın,2016,high_justice_flow,0,0,0.1972168945703727,out_of_fold
Wide Coverage Flow Model,logistic_regression,Bartın,2017,high_justice_flow,0,0,0.21104407314975637,out_of_fold
Wide Coverage Flow Model,logistic_regression,Bartın,2018,high_justice_flow,0,0,0.18724825340394258,out_of_fold
Wide Coverage Flow Model,logistic_regression,Bartın,2019,high_justice_flow,0,0,0.2107766899538719,out_of_fold
Wide Coverage Flow Model,logistic_regression,Bartın,2020,high_justice_flow,0,0,0.21645957110720013,out_of_fold
Wide Coverage Flow Model,logistic_regression,Bartın,2021,high_justice_flow,0,0,0.20633972405960185,out_of_fold
Wide Coverage Flow Model,logistic_regression,Batman,2011,high_justice_flow,0,0,0.26295481860938147,out_of_fold
Wide Coverage Flow Model,logistic_regression,Batman,2012,high_justice_flow,0,0,0.26845937982946994,out_of_fold
Wide Coverage Flow Model,logistic_regression,Batman,2013,high_justice_flow,0,0,0.2544036977683088,out_of_fold
Wide Coverage Flow Model,logistic_regression,Batman,2014,high_justice_flow,1,0,0.23606149260775974,out_of_fold
Wide Coverage Flow Model,logistic_regression,Batman,2015,high_justice_flow,1,0,0.22056078330916826,out_of_fold
Wide Coverage Flow Model,logistic_regression,Batman,2016,high_justice_flow,1,0,0.2271766946417908,out_of_fold
Wide Coverage Flow Model,logistic_regression,Batman,2017,high_justice_flow,1,0,0.2693551155008749,out_of_fold
Wide Coverage Flow Model,logistic_regression,Batman,2018,high_justice_flow,1,0,0.211414682613059,out_of_fold
Wide Coverage Flow Model,logistic_regression,Batman,2019,high_justice_flow,1,0,0.23469601230394443,out_of_fold
Wide Coverage Flow Model,logistic_regression,Batman,2020,high_justice_flow,1,0,0.28784470125624556,out_of_fold
Wide Coverage Flow Model,logistic_regression,Batman,2021,high_justice_flow,0,0,0.29885477688391915,out_of_fold
Wide Coverage Flow Model,logistic_regression,Bayburt,2014,high_justice_flow,0,0,0.08258499834876551,out_of_fold
Wide Coverage Flow Model,logistic_regression,Bayburt,2015,high_justice_flow,0,0,0.084598142980702,out_of_fold
Wide Coverage Flow Model,logistic_regression,Bayburt,2016,high_justice_flow,0,0,0.07721059437620326,out_of_fold
Wide Coverage Flow Model,logistic_regression,Bayburt,2017,high_justice_flow,0,0,0.08995488077008237,out_of_fold
Wide Coverage Flow Model,logistic_regression,Bayburt,2018,high_justice_flow,0,0,0.08135316788103382,out_of_fold
Wide Coverage Flow Model,logistic_regression,Bayburt,2019,high_justice_flow,0,0,0.08439565795681439,out_of_fold
Wide Coverage Flow Model,logistic_regression,Bayburt,2020,high_justice_flow,0,0,0.08944321178884163,out_of_fold
Wide Coverage Flow Model,logistic_regression,Bayburt,2021,high_justice_flow,0,0,0.08155841037677884,out_of_fold
Wide Coverage Flow Model,logistic_regression,Bilecik,2011,high_justice_flow,0,0,0.4494410487646582,out_of_fold
Wide Coverage Flow Model,logistic_regression,Bilecik,2012,high_justice_flow,0,0,0.4391899782551561,out_of_fold
Wide Coverage Flow Model,logistic_regression,Bilecik,2013,high_justice_flow,0,0,0.4323490191112246,out_of_fold
Wide Coverage Flow Model,logistic_regression,Bilecik,2014,high_justice_flow,0,0,0.4396361776772947,out_of_fold
Wide Coverage Flow Model,logistic_regression,Bilecik,2015,high_justice_flow,0,0,0.42760893875721895,out_of_fold
Wide Coverage Flow Model,logistic_regression,Bilecik,2016,high_justice_flow,0,0,0.4125157749463945,out_of_fold
Wide Coverage Flow Model,logistic_regression,Bilecik,2017,high_justice_flow,0,0,0.410900096445143,out_of_fold
Wide Coverage Flow Model,logistic_regression,Bilecik,2018,high_justice_flow,0,0,0.4037607181372563,out_of_fold
Wide Coverage Flow Model,logistic_regression,Bilecik,2019,high_justice_flow,0,0,0.3774584688381319,out_of_fold
Wide Coverage Flow Model,logistic_regression,Bilecik,2020,high_justice_flow,0,0,0.41754676119385586,out_of_fold
Wide Coverage Flow Model,logistic_regression,Bilecik,2021,high_justice_flow,0,0,0.44070650178971815,out_of_fold
Wide Coverage Flow Model,logistic_regression,Bingöl,2011,high_justice_flow,0,0,0.20199608902180954,out_of_fold
Wide Coverage Flow Model,logistic_regression,Bingöl,2012,high_justice_flow,0,0,0.19967313260798134,out_of_fold
Wide Coverage Flow Model,logistic_regression,Bingöl,2013,high_justice_flow,0,0,0.19621470699589466,out_of_fold
Wide Coverage Flow Model,logistic_regression,Bingöl,2014,high_justice_flow,0,0,0.18579701767518883,out_of_fold
Wide Coverage Flow Model,logistic_regression,Bingöl,2015,high_justice_flow,0,0,0.19654434743020796,out_of_fold
Wide Coverage Flow Model,logistic_regression,Bingöl,2016,high_justice_flow,0,0,0.17409906071470915,out_of_fold
Wide Coverage Flow Model,logistic_regression,Bingöl,2017,high_justice_flow,0,0,0.1850010216914567,out_of_fold
Wide Coverage Flow Model,logistic_regression,Bingöl,2018,high_justice_flow,0,0,0.16025092674408417,out_of_fold
Wide Coverage Flow Model,logistic_regression,Bingöl,2019,high_justice_flow,0,0,0.14034524659439415,out_of_fold
Wide Coverage Flow Model,logistic_regression,Bingöl,2020,high_justice_flow,0,0,0.1741558476508001,out_of_fold
Wide Coverage Flow Model,logistic_regression,Bingöl,2021,high_justice_flow,0,0,0.17964811251125246,out_of_fold
Wide Coverage Flow Model,logistic_regression,Bitlis,2011,high_justice_flow,0,0,0.2252432456137827,out_of_fold
Wide Coverage Flow Model,logistic_regression,Bitlis,2012,high_justice_flow,0,0,0.21922714484322062,out_of_fold
Wide Coverage Flow Model,logistic_regression,Bitlis,2013,high_justice_flow,0,0,0.20601846756959666,out_of_fold
Wide Coverage Flow Model,logistic_regression,Bitlis,2014,high_justice_flow,0,0,0.1974803103523688,out_of_fold
Wide Coverage Flow Model,logistic_regression,Bitlis,2015,high_justice_flow,0,0,0.2050338680073192,out_of_fold
Wide Coverage Flow Model,logistic_regression,Bitlis,2016,high_justice_flow,0,0,0.1778291017334358,out_of_fold
Wide Coverage Flow Model,logistic_regression,Bitlis,2017,high_justice_flow,0,0,0.19201571426124778,out_of_fold
Wide Coverage Flow Model,logistic_regression,Bitlis,2018,high_justice_flow,0,0,0.1555737857703228,out_of_fold
Wide Coverage Flow Model,logistic_regression,Bitlis,2019,high_justice_flow,0,0,0.13200290803616124,out_of_fold
Wide Coverage Flow Model,logistic_regression,Bitlis,2020,high_justice_flow,0,0,0.1624864379867622,out_of_fold
Wide Coverage Flow Model,logistic_regression,Bitlis,2021,high_justice_flow,0,0,0.17203930984992627,out_of_fold
Wide Coverage Flow Model,logistic_regression,Bolu,2011,high_justice_flow,0,0,0.08778903700318401,out_of_fold
Wide Coverage Flow Model,logistic_regression,Bolu,2012,high_justice_flow,0,0,0.08808492712228179,out_of_fold
Wide Coverage Flow Model,logistic_regression,Bolu,2013,high_justice_flow,0,0,0.08919100679832845,out_of_fold
Wide Coverage Flow Model,logistic_regression,Bolu,2014,high_justice_flow,0,0,0.09360194700625078,out_of_fold
Wide Coverage Flow Model,logistic_regression,Bolu,2015,high_justice_flow,0,0,0.09403171787278772,out_of_fold
Wide Coverage Flow Model,logistic_regression,Bolu,2016,high_justice_flow,0,0,0.09213687437843171,out_of_fold
Wide Coverage Flow Model,logistic_regression,Bolu,2017,high_justice_flow,0,0,0.09151263240480573,out_of_fold
Wide Coverage Flow Model,logistic_regression,Bolu,2018,high_justice_flow,0,0,0.14372649254104067,out_of_fold
Wide Coverage Flow Model,logistic_regression,Bolu,2019,high_justice_flow,0,0,0.13917787680769544,out_of_fold
Wide Coverage Flow Model,logistic_regression,Bolu,2020,high_justice_flow,0,0,0.1529218573022115,out_of_fold
Wide Coverage Flow Model,logistic_regression,Bolu,2021,high_justice_flow,0,0,0.1418589488789207,out_of_fold
Wide Coverage Flow Model,logistic_regression,Burdur,2011,high_justice_flow,0,1,0.8735797405971387,out_of_fold
Wide Coverage Flow Model,logistic_regression,Burdur,2012,high_justice_flow,0,1,0.8693267291607091,out_of_fold
Wide Coverage Flow Model,logistic_regression,Burdur,2013,high_justice_flow,0,1,0.8695702800789928,out_of_fold
Wide Coverage Flow Model,logistic_regression,Burdur,2014,high_justice_flow,0,1,0.8587116651752399,out_of_fold
Wide Coverage Flow Model,logistic_regression,Burdur,2015,high_justice_flow,0,1,0.8629571903782889,out_of_fold
Wide Coverage Flow Model,logistic_regression,Burdur,2016,high_justice_flow,0,1,0.8594595124648596,out_of_fold
Wide Coverage Flow Model,logistic_regression,Burdur,2017,high_justice_flow,0,1,0.869813446594432,out_of_fold
Wide Coverage Flow Model,logistic_regression,Burdur,2018,high_justice_flow,0,1,0.8344142398409149,out_of_fold
Wide Coverage Flow Model,logistic_regression,Burdur,2019,high_justice_flow,0,1,0.8431420642445975,out_of_fold
Wide Coverage Flow Model,logistic_regression,Burdur,2020,high_justice_flow,0,1,0.8510447453231524,out_of_fold
Wide Coverage Flow Model,logistic_regression,Burdur,2021,high_justice_flow,0,1,0.8482795948350285,out_of_fold
Wide Coverage Flow Model,logistic_regression,Bursa,2011,high_justice_flow,1,1,0.9999399439077322,out_of_fold
Wide Coverage Flow Model,logistic_regression,Bursa,2012,high_justice_flow,1,1,0.9999593642037368,out_of_fold
Wide Coverage Flow Model,logistic_regression,Bursa,2013,high_justice_flow,1,1,0.999969493578526,out_of_fold
Wide Coverage Flow Model,logistic_regression,Bursa,2014,high_justice_flow,1,1,0.9999795750083692,out_of_fold
Wide Coverage Flow Model,logistic_regression,Bursa,2015,high_justice_flow,1,1,0.9999868514494467,out_of_fold
Wide Coverage Flow Model,logistic_regression,Bursa,2016,high_justice_flow,1,1,0.9999934219914621,out_of_fold
Wide Coverage Flow Model,logistic_regression,Bursa,2017,high_justice_flow,1,1,0.9999959579921182,out_of_fold
Wide Coverage Flow Model,logistic_regression,Bursa,2018,high_justice_flow,1,1,0.9999953471098929,out_of_fold
Wide Coverage Flow Model,logistic_regression,Bursa,2019,high_justice_flow,1,1,0.9999944654926104,out_of_fold
Wide Coverage Flow Model,logistic_regression,Bursa,2020,high_justice_flow,1,1,0.9999974702611032,out_of_fold
Wide Coverage Flow Model,logistic_regression,Bursa,2021,high_justice_flow,1,1,0.9999990288137417,out_of_fold
Wide Coverage Flow Model,logistic_regression,Denizli,2011,high_justice_flow,1,1,0.9861724146941827,out_of_fold
Wide Coverage Flow Model,logistic_regression,Denizli,2012,high_justice_flow,1,1,0.9858892191896512,out_of_fold
Wide Coverage Flow Model,logistic_regression,Denizli,2013,high_justice_flow,1,1,0.9884640583684436,out_of_fold
Wide Coverage Flow Model,logistic_regression,Denizli,2014,high_justice_flow,1,1,0.9883536337624674,out_of_fold
Wide Coverage Flow Model,logistic_regression,Denizli,2015,high_justice_flow,1,1,0.988582388556009,out_of_fold
Wide Coverage Flow Model,logistic_regression,Denizli,2016,high_justice_flow,1,1,0.9900538993954859,out_of_fold
Wide Coverage Flow Model,logistic_regression,Denizli,2017,high_justice_flow,1,1,0.9921795484742143,out_of_fold
Wide Coverage Flow Model,logistic_regression,Denizli,2018,high_justice_flow,1,1,0.9902627728913268,out_of_fold
Wide Coverage Flow Model,logistic_regression,Denizli,2019,high_justice_flow,1,1,0.9905063692547871,out_of_fold
Wide Coverage Flow Model,logistic_regression,Denizli,2020,high_justice_flow,1,1,0.9924922469693341,out_of_fold
Wide Coverage Flow Model,logistic_regression,Denizli,2021,high_justice_flow,1,1,0.993614559650629,out_of_fold
Wide Coverage Flow Model,logistic_regression,Diyarbakır,2011,high_justice_flow,1,1,0.7919737138332011,out_of_fold
Wide Coverage Flow Model,logistic_regression,Diyarbakır,2012,high_justice_flow,1,1,0.8068283960415311,out_of_fold
Wide Coverage Flow Model,logistic_regression,Diyarbakır,2013,high_justice_flow,1,1,0.794568924505797,out_of_fold
Wide Coverage Flow Model,logistic_regression,Diyarbakır,2014,high_justice_flow,1,1,0.817123670306394,out_of_fold
Wide Coverage Flow Model,logistic_regression,Diyarbakır,2015,high_justice_flow,1,1,0.8148091844371889,out_of_fold
Wide Coverage Flow Model,logistic_regression,Diyarbakır,2016,high_justice_flow,1,1,0.8457897850139438,out_of_fold
Wide Coverage Flow Model,logistic_regression,Diyarbakır,2017,high_justice_flow,1,1,0.8787274523293843,out_of_fold
Wide Coverage Flow Model,logistic_regression,Diyarbakır,2018,high_justice_flow,1,1,0.9021687976974387,out_of_fold
Wide Coverage Flow Model,logistic_regression,Diyarbakır,2019,high_justice_flow,1,1,0.8945038471401794,out_of_fold
Wide Coverage Flow Model,logistic_regression,Diyarbakır,2020,high_justice_flow,1,1,0.9298603358936383,out_of_fold
Wide Coverage Flow Model,logistic_regression,Diyarbakır,2021,high_justice_flow,1,1,0.9496783403717122,out_of_fold
Wide Coverage Flow Model,logistic_regression,Düzce,2011,high_justice_flow,0,0,0.11847087185979871,out_of_fold
Wide Coverage Flow Model,logistic_regression,Düzce,2012,high_justice_flow,0,0,0.11347800855361218,out_of_fold
Wide Coverage Flow Model,logistic_regression,Düzce,2013,high_justice_flow,0,0,0.10931648536901278,out_of_fold
Wide Coverage Flow Model,logistic_regression,Düzce,2014,high_justice_flow,0,0,0.10840714919076191,out_of_fold
Wide Coverage Flow Model,logistic_regression,Düzce,2015,high_justice_flow,0,0,0.1004403358890633,out_of_fold
Wide Coverage Flow Model,logistic_regression,Düzce,2016,high_justice_flow,0,0,0.10736127035510756,out_of_fold
Wide Coverage Flow Model,logistic_regression,Düzce,2017,high_justice_flow,0,0,0.118726811608255,out_of_fold
Wide Coverage Flow Model,logistic_regression,Düzce,2018,high_justice_flow,0,0,0.14764504419750893,out_of_fold
Wide Coverage Flow Model,logistic_regression,Düzce,2019,high_justice_flow,0,0,0.1458216401154266,out_of_fold
Wide Coverage Flow Model,logistic_regression,Düzce,2020,high_justice_flow,0,0,0.16831346571749173,out_of_fold
Wide Coverage Flow Model,logistic_regression,Düzce,2021,high_justice_flow,0,0,0.1608313820012372,out_of_fold
Wide Coverage Flow Model,logistic_regression,Edirne,2011,high_justice_flow,1,1,0.5841568842027272,out_of_fold
Wide Coverage Flow Model,logistic_regression,Edirne,2012,high_justice_flow,1,1,0.5899265929166975,out_of_fold
Wide Coverage Flow Model,logistic_regression,Edirne,2013,high_justice_flow,1,1,0.5843865568964712,out_of_fold
Wide Coverage Flow Model,logistic_regression,Edirne,2014,high_justice_flow,1,1,0.5740859225813106,out_of_fold
Wide Coverage Flow Model,logistic_regression,Edirne,2015,high_justice_flow,1,1,0.5957300555583701,out_of_fold
Wide Coverage Flow Model,logistic_regression,Edirne,2016,high_justice_flow,1,1,0.6057384770350355,out_of_fold
Wide Coverage Flow Model,logistic_regression,Edirne,2017,high_justice_flow,1,1,0.6206006560231971,out_of_fold
Wide Coverage Flow Model,logistic_regression,Edirne,2018,high_justice_flow,1,1,0.583807338766227,out_of_fold
Wide Coverage Flow Model,logistic_regression,Edirne,2019,high_justice_flow,1,1,0.5834768648560181,out_of_fold
Wide Coverage Flow Model,logistic_regression,Edirne,2020,high_justice_flow,1,1,0.608789996044346,out_of_fold
Wide Coverage Flow Model,logistic_regression,Edirne,2021,high_justice_flow,1,1,0.5989518011710054,out_of_fold
Wide Coverage Flow Model,logistic_regression,Elazığ,2011,high_justice_flow,1,0,0.28437865830708725,out_of_fold
Wide Coverage Flow Model,logistic_regression,Elazığ,2012,high_justice_flow,1,0,0.27942933000624054,out_of_fold
Wide Coverage Flow Model,logistic_regression,Elazığ,2013,high_justice_flow,1,0,0.2644669185225908,out_of_fold
Wide Coverage Flow Model,logistic_regression,Elazığ,2014,high_justice_flow,1,0,0.23724950972844852,out_of_fold
Wide Coverage Flow Model,logistic_regression,Elazığ,2015,high_justice_flow,1,0,0.22573467642417586,out_of_fold
Wide Coverage Flow Model,logistic_regression,Elazığ,2016,high_justice_flow,1,0,0.23330119431679064,out_of_fold
Wide Coverage Flow Model,logistic_regression,Elazığ,2017,high_justice_flow,1,0,0.2815959994325233,out_of_fold
Wide Coverage Flow Model,logistic_regression,Elazığ,2018,high_justice_flow,1,0,0.24033731803262523,out_of_fold
Wide Coverage Flow Model,logistic_regression,Elazığ,2019,high_justice_flow,0,0,0.2378992637319326,out_of_fold
Wide Coverage Flow Model,logistic_regression,Elazığ,2020,high_justice_flow,0,0,0.3263138098240253,out_of_fold
Wide Coverage Flow Model,logistic_regression,Elazığ,2021,high_justice_flow,1,0,0.2902146420466688,out_of_fold
Wide Coverage Flow Model,logistic_regression,Erzincan,2011,high_justice_flow,0,0,0.22398012656064228,out_of_fold
Wide Coverage Flow Model,logistic_regression,Erzincan,2012,high_justice_flow,0,0,0.22178281615357848,out_of_fold
Wide Coverage Flow Model,logistic_regression,Erzincan,2013,high_justice_flow,0,0,0.21376407167902925,out_of_fold
Wide Coverage Flow Model,logistic_regression,Erzincan,2014,high_justice_flow,0,0,0.208352692129273,out_of_fold
Wide Coverage Flow Model,logistic_regression,Erzincan,2015,high_justice_flow,0,0,0.19552916835875842,out_of_fold
Wide Coverage Flow Model,logistic_regression,Erzincan,2016,high_justice_flow,0,0,0.18786377714005437,out_of_fold
Wide Coverage Flow Model,logistic_regression,Erzincan,2017,high_justice_flow,0,0,0.18806849309830864,out_of_fold
Wide Coverage Flow Model,logistic_regression,Erzincan,2018,high_justice_flow,0,0,0.1401146195159021,out_of_fold
Wide Coverage Flow Model,logistic_regression,Erzincan,2019,high_justice_flow,0,0,0.13215505682015535,out_of_fold
Wide Coverage Flow Model,logistic_regression,Erzincan,2020,high_justice_flow,0,0,0.15166174534445703,out_of_fold
Wide Coverage Flow Model,logistic_regression,Erzincan,2021,high_justice_flow,0,0,0.17095107454126582,out_of_fold
Wide Coverage Flow Model,logistic_regression,Erzurum,2011,high_justice_flow,1,0,0.40864312717565177,out_of_fold
Wide Coverage Flow Model,logistic_regression,Erzurum,2012,high_justice_flow,1,0,0.4512434586274136,out_of_fold
Wide Coverage Flow Model,logistic_regression,Erzurum,2013,high_justice_flow,1,0,0.3967594487448295,out_of_fold
Wide Coverage Flow Model,logistic_regression,Erzurum,2014,high_justice_flow,1,0,0.4084950119221783,out_of_fold
Wide Coverage Flow Model,logistic_regression,Erzurum,2015,high_justice_flow,1,0,0.4163699488822405,out_of_fold
Wide Coverage Flow Model,logistic_regression,Erzurum,2016,high_justice_flow,1,0,0.4194032559280194,out_of_fold
Wide Coverage Flow Model,logistic_regression,Erzurum,2017,high_justice_flow,1,0,0.4552733538648458,out_of_fold
Wide Coverage Flow Model,logistic_regression,Erzurum,2018,high_justice_flow,1,0,0.3846369516845777,out_of_fold
Wide Coverage Flow Model,logistic_regression,Erzurum,2019,high_justice_flow,1,0,0.3306527844712687,out_of_fold
Wide Coverage Flow Model,logistic_regression,Erzurum,2020,high_justice_flow,1,0,0.41613281644945693,out_of_fold
Wide Coverage Flow Model,logistic_regression,Erzurum,2021,high_justice_flow,1,0,0.4833497838547403,out_of_fold
Wide Coverage Flow Model,logistic_regression,Eskişehir,2011,high_justice_flow,1,0,0.21056027750194337,out_of_fold
Wide Coverage Flow Model,logistic_regression,Eskişehir,2012,high_justice_flow,1,0,0.2223994106298536,out_of_fold
Wide Coverage Flow Model,logistic_regression,Eskişehir,2013,high_justice_flow,1,0,0.2381261875812452,out_of_fold
Wide Coverage Flow Model,logistic_regression,Eskişehir,2014,high_justice_flow,1,0,0.26191445691004206,out_of_fold
Wide Coverage Flow Model,logistic_regression,Eskişehir,2015,high_justice_flow,1,0,0.2755543287469135,out_of_fold
Wide Coverage Flow Model,logistic_regression,Eskişehir,2016,high_justice_flow,1,0,0.30179039992704404,out_of_fold
Wide Coverage Flow Model,logistic_regression,Eskişehir,2017,high_justice_flow,1,0,0.34694197550969064,out_of_fold
Wide Coverage Flow Model,logistic_regression,Eskişehir,2018,high_justice_flow,1,0,0.2792370382174034,out_of_fold
Wide Coverage Flow Model,logistic_regression,Eskişehir,2019,high_justice_flow,1,0,0.29209672668892867,out_of_fold
Wide Coverage Flow Model,logistic_regression,Eskişehir,2020,high_justice_flow,1,0,0.34943538228946847,out_of_fold
Wide Coverage Flow Model,logistic_regression,Eskişehir,2021,high_justice_flow,1,0,0.36673449469879715,out_of_fold
Wide Coverage Flow Model,logistic_regression,Gaziantep,2011,high_justice_flow,1,1,0.961606577482241,out_of_fold
Wide Coverage Flow Model,logistic_regression,Gaziantep,2012,high_justice_flow,1,1,0.9769341798841471,out_of_fold
Wide Coverage Flow Model,logistic_regression,Gaziantep,2013,high_justice_flow,1,1,0.9829742561771048,out_of_fold
Wide Coverage Flow Model,logistic_regression,Gaziantep,2014,high_justice_flow,1,1,0.9843063012524661,out_of_fold
Wide Coverage Flow Model,logistic_regression,Gaziantep,2015,high_justice_flow,1,1,0.9845391588648296,out_of_fold
Wide Coverage Flow Model,logistic_regression,Gaziantep,2016,high_justice_flow,1,1,0.9871830054773458,out_of_fold
Wide Coverage Flow Model,logistic_regression,Gaziantep,2017,high_justice_flow,1,1,0.9926325813090561,out_of_fold
Wide Coverage Flow Model,logistic_regression,Gaziantep,2018,high_justice_flow,1,1,0.9904133771319052,out_of_fold
Wide Coverage Flow Model,logistic_regression,Gaziantep,2019,high_justice_flow,1,1,0.9923528654598782,out_of_fold
Wide Coverage Flow Model,logistic_regression,Gaziantep,2020,high_justice_flow,1,1,0.9960763467614253,out_of_fold
Wide Coverage Flow Model,logistic_regression,Gaziantep,2021,high_justice_flow,1,1,0.9975846024933243,out_of_fold
Wide Coverage Flow Model,logistic_regression,Giresun,2011,high_justice_flow,0,0,0.40406453811946536,out_of_fold
Wide Coverage Flow Model,logistic_regression,Giresun,2012,high_justice_flow,0,0,0.39415007046327605,out_of_fold
Wide Coverage Flow Model,logistic_regression,Giresun,2013,high_justice_flow,0,0,0.38196357822454297,out_of_fold
Wide Coverage Flow Model,logistic_regression,Giresun,2014,high_justice_flow,0,0,0.40848767085790166,out_of_fold
Wide Coverage Flow Model,logistic_regression,Giresun,2015,high_justice_flow,0,0,0.3958841776211843,out_of_fold
Wide Coverage Flow Model,logistic_regression,Giresun,2016,high_justice_flow,0,0,0.4151590353779028,out_of_fold
Wide Coverage Flow Model,logistic_regression,Giresun,2017,high_justice_flow,0,0,0.4023367099925785,out_of_fold
Wide Coverage Flow Model,logistic_regression,Giresun,2018,high_justice_flow,0,0,0.4278921763274283,out_of_fold
Wide Coverage Flow Model,logistic_regression,Giresun,2019,high_justice_flow,0,0,0.42107007213663117,out_of_fold
Wide Coverage Flow Model,logistic_regression,Giresun,2020,high_justice_flow,0,0,0.43392825743317215,out_of_fold
Wide Coverage Flow Model,logistic_regression,Giresun,2021,high_justice_flow,0,0,0.4624680745881592,out_of_fold
Wide Coverage Flow Model,logistic_regression,Gümüşhane,2012,high_justice_flow,0,0,0.2048061815824419,out_of_fold
Wide Coverage Flow Model,logistic_regression,Gümüşhane,2013,high_justice_flow,0,0,0.1985770136123217,out_of_fold
Wide Coverage Flow Model,logistic_regression,Gümüşhane,2014,high_justice_flow,0,0,0.19111044762943608,out_of_fold
Wide Coverage Flow Model,logistic_regression,Gümüşhane,2015,high_justice_flow,0,0,0.20459866785147024,out_of_fold
Wide Coverage Flow Model,logistic_regression,Gümüşhane,2016,high_justice_flow,0,0,0.2105013155422198,out_of_fold
Wide Coverage Flow Model,logistic_regression,Gümüşhane,2017,high_justice_flow,0,0,0.24872920994664824,out_of_fold
Wide Coverage Flow Model,logistic_regression,Gümüşhane,2018,high_justice_flow,0,0,0.18365536913826608,out_of_fold
Wide Coverage Flow Model,logistic_regression,Gümüşhane,2019,high_justice_flow,0,0,0.1905235925105056,out_of_fold
Wide Coverage Flow Model,logistic_regression,Gümüşhane,2020,high_justice_flow,0,0,0.19924097709592806,out_of_fold
Wide Coverage Flow Model,logistic_regression,Gümüşhane,2021,high_justice_flow,0,0,0.18563050433399525,out_of_fold
Wide Coverage Flow Model,logistic_regression,Hakkari,2011,high_justice_flow,0,0,0.2196693084978826,out_of_fold
Wide Coverage Flow Model,logistic_regression,Hakkari,2012,high_justice_flow,0,0,0.21060583003537584,out_of_fold
Wide Coverage Flow Model,logistic_regression,Hakkari,2013,high_justice_flow,0,0,0.20692589087972094,out_of_fold
Wide Coverage Flow Model,logistic_regression,Hakkari,2014,high_justice_flow,0,0,0.18786403076426594,out_of_fold
Wide Coverage Flow Model,logistic_regression,Hakkari,2015,high_justice_flow,0,0,0.17113658891590036,out_of_fold
Wide Coverage Flow Model,logistic_regression,Hakkari,2016,high_justice_flow,0,0,0.15707697622921152,out_of_fold
Wide Coverage Flow Model,logistic_regression,Hakkari,2017,high_justice_flow,0,0,0.16233877629382804,out_of_fold
Wide Coverage Flow Model,logistic_regression,Hakkari,2018,high_justice_flow,0,0,0.18142893674585941,out_of_fold
Wide Coverage Flow Model,logistic_regression,Hakkari,2019,high_justice_flow,0,0,0.16255239587334408,out_of_fold
Wide Coverage Flow Model,logistic_regression,Hakkari,2020,high_justice_flow,0,0,0.19628150444070513,out_of_fold
Wide Coverage Flow Model,logistic_regression,Hakkari,2021,high_justice_flow,0,0,0.1981061143605995,out_of_fold
Wide Coverage Flow Model,logistic_regression,Hatay,2011,high_justice_flow,1,1,0.9620689521196323,out_of_fold
Wide Coverage Flow Model,logistic_regression,Hatay,2012,high_justice_flow,1,1,0.9640695093308479,out_of_fold
Wide Coverage Flow Model,logistic_regression,Hatay,2013,high_justice_flow,1,1,0.9651914456573983,out_of_fold
Wide Coverage Flow Model,logistic_regression,Hatay,2014,high_justice_flow,1,1,0.9627232018960847,out_of_fold
Wide Coverage Flow Model,logistic_regression,Hatay,2015,high_justice_flow,1,1,0.9660124791958052,out_of_fold
Wide Coverage Flow Model,logistic_regression,Hatay,2016,high_justice_flow,1,1,0.9744052164104446,out_of_fold
Wide Coverage Flow Model,logistic_regression,Hatay,2017,high_justice_flow,1,1,0.9799344419834009,out_of_fold
Wide Coverage Flow Model,logistic_regression,Hatay,2018,high_justice_flow,1,1,0.9793228666356968,out_of_fold
Wide Coverage Flow Model,logistic_regression,Hatay,2019,high_justice_flow,1,1,0.9781494377349387,out_of_fold
Wide Coverage Flow Model,logistic_regression,Hatay,2020,high_justice_flow,1,1,0.9843523998340235,out_of_fold
Wide Coverage Flow Model,logistic_regression,Hatay,2021,high_justice_flow,1,1,0.9878309707103909,out_of_fold
Wide Coverage Flow Model,logistic_regression,Isparta,2011,high_justice_flow,1,1,0.5660206947304169,out_of_fold
Wide Coverage Flow Model,logistic_regression,Isparta,2012,high_justice_flow,1,1,0.5504061391889483,out_of_fold
Wide Coverage Flow Model,logistic_regression,Isparta,2013,high_justice_flow,1,1,0.5496602988877204,out_of_fold
Wide Coverage Flow Model,logistic_regression,Isparta,2014,high_justice_flow,1,1,0.5439359134356903,out_of_fold
Wide Coverage Flow Model,logistic_regression,Isparta,2015,high_justice_flow,1,1,0.5681623805424975,out_of_fold
Wide Coverage Flow Model,logistic_regression,Isparta,2016,high_justice_flow,1,1,0.5745320418910453,out_of_fold
Wide Coverage Flow Model,logistic_regression,Isparta,2017,high_justice_flow,1,1,0.6269609259757822,out_of_fold
Wide Coverage Flow Model,logistic_regression,Isparta,2018,high_justice_flow,1,1,0.6521008625859145,out_of_fold
Wide Coverage Flow Model,logistic_regression,Isparta,2019,high_justice_flow,1,1,0.6563105612108441,out_of_fold
Wide Coverage Flow Model,logistic_regression,Isparta,2020,high_justice_flow,1,1,0.6607625615125026,out_of_fold
Wide Coverage Flow Model,logistic_regression,Isparta,2021,high_justice_flow,1,1,0.6516122455539209,out_of_fold
Wide Coverage Flow Model,logistic_regression,Iğdır,2011,high_justice_flow,0,0,0.17271399488515185,out_of_fold
Wide Coverage Flow Model,logistic_regression,Iğdır,2012,high_justice_flow,0,0,0.17150900447186473,out_of_fold
Wide Coverage Flow Model,logistic_regression,Iğdır,2013,high_justice_flow,0,0,0.16147148869255776,out_of_fold
Wide Coverage Flow Model,logistic_regression,Iğdır,2014,high_justice_flow,0,0,0.14119321179714878,out_of_fold
Wide Coverage Flow Model,logistic_regression,Iğdır,2015,high_justice_flow,0,0,0.13640894309545532,out_of_fold
Wide Coverage Flow Model,logistic_regression,Iğdır,2016,high_justice_flow,0,0,0.13646246719155983,out_of_fold
Wide Coverage Flow Model,logistic_regression,Iğdır,2017,high_justice_flow,0,0,0.14303978289987063,out_of_fold
Wide Coverage Flow Model,logistic_regression,Iğdır,2018,high_justice_flow,0,0,0.12219710620986673,out_of_fold
Wide Coverage Flow Model,logistic_regression,Iğdır,2019,high_justice_flow,0,0,0.12216353744996025,out_of_fold
Wide Coverage Flow Model,logistic_regression,Iğdır,2020,high_justice_flow,0,0,0.13602000980449225,out_of_fold
Wide Coverage Flow Model,logistic_regression,Iğdır,2021,high_justice_flow,0,0,0.11755699442119201,out_of_fold
Wide Coverage Flow Model,logistic_regression,Kahramanmaraş,2011,high_justice_flow,1,1,0.9761176206970147,out_of_fold
Wide Coverage Flow Model,logistic_regression,Kahramanmaraş,2012,high_justice_flow,1,1,0.9792768111054986,out_of_fold
Wide Coverage Flow Model,logistic_regression,Kahramanmaraş,2013,high_justice_flow,1,1,0.9792708707858324,out_of_fold
Wide Coverage Flow Model,logistic_regression,Kahramanmaraş,2014,high_justice_flow,1,1,0.9780498372805642,out_of_fold
Wide Coverage Flow Model,logistic_regression,Kahramanmaraş,2015,high_justice_flow,1,1,0.9782619948321656,out_of_fold
Wide Coverage Flow Model,logistic_regression,Kahramanmaraş,2016,high_justice_flow,1,1,0.9809829173899164,out_of_fold
Wide Coverage Flow Model,logistic_regression,Kahramanmaraş,2017,high_justice_flow,1,1,0.984277806447208,out_of_fold
Wide Coverage Flow Model,logistic_regression,Kahramanmaraş,2018,high_justice_flow,1,1,0.981597327487128,out_of_fold
Wide Coverage Flow Model,logistic_regression,Kahramanmaraş,2019,high_justice_flow,1,1,0.9824988120675615,out_of_fold
Wide Coverage Flow Model,logistic_regression,Kahramanmaraş,2020,high_justice_flow,1,1,0.98745505828586,out_of_fold
Wide Coverage Flow Model,logistic_regression,Kahramanmaraş,2021,high_justice_flow,1,1,0.9889902153299899,out_of_fold
Wide Coverage Flow Model,logistic_regression,Karabük,2011,high_justice_flow,0,0,0.32052618695661084,out_of_fold
Wide Coverage Flow Model,logistic_regression,Karabük,2012,high_justice_flow,0,0,0.30763630820924365,out_of_fold
Wide Coverage Flow Model,logistic_regression,Karabük,2013,high_justice_flow,0,0,0.30968337790387673,out_of_fold
Wide Coverage Flow Model,logistic_regression,Karabük,2014,high_justice_flow,0,0,0.31462573340628286,out_of_fold
Wide Coverage Flow Model,logistic_regression,Karabük,2015,high_justice_flow,0,0,0.30885239177062795,out_of_fold
Wide Coverage Flow Model,logistic_regression,Karabük,2016,high_justice_flow,0,0,0.3074488104416089,out_of_fold
Wide Coverage Flow Model,logistic_regression,Karabük,2017,high_justice_flow,0,0,0.2976509837425479,out_of_fold
Wide Coverage Flow Model,logistic_regression,Karabük,2018,high_justice_flow,0,0,0.29962538321850646,out_of_fold
Wide Coverage Flow Model,logistic_regression,Karabük,2019,high_justice_flow,0,0,0.29237831554109595,out_of_fold
Wide Coverage Flow Model,logistic_regression,Karabük,2020,high_justice_flow,0,0,0.2872732059470361,out_of_fold
Wide Coverage Flow Model,logistic_regression,Karabük,2021,high_justice_flow,0,0,0.29732534924807774,out_of_fold
Wide Coverage Flow Model,logistic_regression,Karaman,2011,high_justice_flow,0,0,0.3267894219030538,out_of_fold
Wide Coverage Flow Model,logistic_regression,Karaman,2012,high_justice_flow,0,0,0.3244346395817156,out_of_fold
Wide Coverage Flow Model,logistic_regression,Karaman,2013,high_justice_flow,0,0,0.31654732365099614,out_of_fold
Wide Coverage Flow Model,logistic_regression,Karaman,2014,high_justice_flow,0,0,0.2946637784416774,out_of_fold
Wide Coverage Flow Model,logistic_regression,Karaman,2015,high_justice_flow,0,0,0.26931761693153433,out_of_fold
Wide Coverage Flow Model,logistic_regression,Karaman,2016,high_justice_flow,0,0,0.2773699733930119,out_of_fold
Wide Coverage Flow Model,logistic_regression,Karaman,2017,high_justice_flow,0,0,0.30050300885747405,out_of_fold
Wide Coverage Flow Model,logistic_regression,Karaman,2018,high_justice_flow,0,0,0.3117947900348211,out_of_fold
Wide Coverage Flow Model,logistic_regression,Karaman,2019,high_justice_flow,0,0,0.3153052863363874,out_of_fold
Wide Coverage Flow Model,logistic_regression,Karaman,2020,high_justice_flow,0,0,0.3354573406577566,out_of_fold
Wide Coverage Flow Model,logistic_regression,Karaman,2021,high_justice_flow,0,0,0.31351284510150895,out_of_fold
Wide Coverage Flow Model,logistic_regression,Kars,2011,high_justice_flow,0,0,0.035782490897964064,out_of_fold
Wide Coverage Flow Model,logistic_regression,Kars,2012,high_justice_flow,0,0,0.03839104318349767,out_of_fold
Wide Coverage Flow Model,logistic_regression,Kars,2013,high_justice_flow,0,0,0.033370662540024305,out_of_fold
Wide Coverage Flow Model,logistic_regression,Kars,2014,high_justice_flow,0,0,0.028162135502409744,out_of_fold
Wide Coverage Flow Model,logistic_regression,Kars,2015,high_justice_flow,0,0,0.025603303062425555,out_of_fold
Wide Coverage Flow Model,logistic_regression,Kars,2016,high_justice_flow,0,0,0.024202212341224945,out_of_fold
Wide Coverage Flow Model,logistic_regression,Kars,2017,high_justice_flow,0,0,0.023793387065789533,out_of_fold
Wide Coverage Flow Model,logistic_regression,Kars,2018,high_justice_flow,0,0,0.01913774806814037,out_of_fold
Wide Coverage Flow Model,logistic_regression,Kars,2019,high_justice_flow,0,0,0.015919077192093494,out_of_fold
Wide Coverage Flow Model,logistic_regression,Kars,2020,high_justice_flow,0,0,0.017021074257832995,out_of_fold
Wide Coverage Flow Model,logistic_regression,Kars,2021,high_justice_flow,0,0,0.01571920209692511,out_of_fold
Wide Coverage Flow Model,logistic_regression,Kastamonu,2011,high_justice_flow,0,0,0.3703553823754398,out_of_fold
Wide Coverage Flow Model,logistic_regression,Kastamonu,2012,high_justice_flow,0,0,0.3679008734924232,out_of_fold
Wide Coverage Flow Model,logistic_regression,Kastamonu,2013,high_justice_flow,0,0,0.351779534394215,out_of_fold
Wide Coverage Flow Model,logistic_regression,Kastamonu,2014,high_justice_flow,0,0,0.37148556424910856,out_of_fold
Wide Coverage Flow Model,logistic_regression,Kastamonu,2015,high_justice_flow,0,0,0.3624211917470457,out_of_fold
Wide Coverage Flow Model,logistic_regression,Kastamonu,2016,high_justice_flow,0,0,0.3587454408270952,out_of_fold
Wide Coverage Flow Model,logistic_regression,Kastamonu,2017,high_justice_flow,0,0,0.35992646303959247,out_of_fold
Wide Coverage Flow Model,logistic_regression,Kastamonu,2018,high_justice_flow,0,0,0.35191976712086853,out_of_fold
Wide Coverage Flow Model,logistic_regression,Kastamonu,2019,high_justice_flow,0,0,0.3389605784266899,out_of_fold
Wide Coverage Flow Model,logistic_regression,Kastamonu,2020,high_justice_flow,0,0,0.34571604821364615,out_of_fold
Wide Coverage Flow Model,logistic_regression,Kastamonu,2021,high_justice_flow,0,0,0.37520024660038226,out_of_fold
Wide Coverage Flow Model,logistic_regression,Kayseri,2011,high_justice_flow,1,1,0.9961274365484183,out_of_fold
Wide Coverage Flow Model,logistic_regression,Kayseri,2012,high_justice_flow,1,1,0.9969931727995135,out_of_fold
Wide Coverage Flow Model,logistic_regression,Kayseri,2013,high_justice_flow,1,1,0.9978307632456288,out_of_fold
Wide Coverage Flow Model,logistic_regression,Kayseri,2014,high_justice_flow,1,1,0.9983395570282653,out_of_fold
Wide Coverage Flow Model,logistic_regression,Kayseri,2015,high_justice_flow,1,1,0.9985792296572169,out_of_fold
Wide Coverage Flow Model,logistic_regression,Kayseri,2016,high_justice_flow,1,1,0.9987430852606914,out_of_fold
Wide Coverage Flow Model,logistic_regression,Kayseri,2017,high_justice_flow,1,1,0.9990566431673835,out_of_fold
Wide Coverage Flow Model,logistic_regression,Kayseri,2018,high_justice_flow,1,1,0.9987392599541708,out_of_fold
Wide Coverage Flow Model,logistic_regression,Kayseri,2019,high_justice_flow,1,1,0.9986212961012967,out_of_fold
Wide Coverage Flow Model,logistic_regression,Kayseri,2020,high_justice_flow,1,1,0.9994651016516362,out_of_fold
Wide Coverage Flow Model,logistic_regression,Kayseri,2021,high_justice_flow,1,1,0.9997127674630377,out_of_fold
Wide Coverage Flow Model,logistic_regression,Kilis,2011,high_justice_flow,0,0,0.11193657166125531,out_of_fold
Wide Coverage Flow Model,logistic_regression,Kilis,2012,high_justice_flow,0,0,0.10705949278327183,out_of_fold
Wide Coverage Flow Model,logistic_regression,Kilis,2013,high_justice_flow,0,0,0.10570673237812815,out_of_fold
Wide Coverage Flow Model,logistic_regression,Kilis,2014,high_justice_flow,0,0,0.10331681109538646,out_of_fold
Wide Coverage Flow Model,logistic_regression,Kilis,2015,high_justice_flow,0,0,0.10109216950309262,out_of_fold
Wide Coverage Flow Model,logistic_regression,Kilis,2016,high_justice_flow,0,0,0.09841234098656469,out_of_fold
Wide Coverage Flow Model,logistic_regression,Kilis,2017,high_justice_flow,0,0,0.10455210342019922,out_of_fold
Wide Coverage Flow Model,logistic_regression,Kilis,2018,high_justice_flow,0,0,0.10119849472542183,out_of_fold
Wide Coverage Flow Model,logistic_regression,Kilis,2019,high_justice_flow,0,0,0.10274034012740571,out_of_fold
Wide Coverage Flow Model,logistic_regression,Kilis,2020,high_justice_flow,0,0,0.10594869525089226,out_of_fold
Wide Coverage Flow Model,logistic_regression,Kilis,2021,high_justice_flow,0,0,0.10049197767551007,out_of_fold
Wide Coverage Flow Model,logistic_regression,Kocaeli,2011,high_justice_flow,1,1,0.9764313899371736,out_of_fold
Wide Coverage Flow Model,logistic_regression,Kocaeli,2012,high_justice_flow,1,1,0.9831134745143133,out_of_fold
Wide Coverage Flow Model,logistic_regression,Kocaeli,2013,high_justice_flow,1,1,0.9873525016642841,out_of_fold
Wide Coverage Flow Model,logistic_regression,Kocaeli,2014,high_justice_flow,1,1,0.9917034438306199,out_of_fold
Wide Coverage Flow Model,logistic_regression,Kocaeli,2015,high_justice_flow,1,1,0.9936049379527901,out_of_fold
Wide Coverage Flow Model,logistic_regression,Kocaeli,2016,high_justice_flow,1,1,0.9961259583833202,out_of_fold
Wide Coverage Flow Model,logistic_regression,Kocaeli,2017,high_justice_flow,1,1,0.9976293629941522,out_of_fold
Wide Coverage Flow Model,logistic_regression,Kocaeli,2018,high_justice_flow,1,1,0.9978061607987797,out_of_fold
Wide Coverage Flow Model,logistic_regression,Kocaeli,2019,high_justice_flow,1,1,0.9976825725931014,out_of_fold
Wide Coverage Flow Model,logistic_regression,Kocaeli,2020,high_justice_flow,1,1,0.9992287376422551,out_of_fold
Wide Coverage Flow Model,logistic_regression,Kocaeli,2021,high_justice_flow,1,1,0.9995213641723549,out_of_fold
Wide Coverage Flow Model,logistic_regression,Konya,2011,high_justice_flow,1,1,0.9120478582934167,out_of_fold
Wide Coverage Flow Model,logistic_regression,Konya,2012,high_justice_flow,1,1,0.9320872002841817,out_of_fold
Wide Coverage Flow Model,logistic_regression,Konya,2013,high_justice_flow,1,1,0.9359796356802907,out_of_fold
Wide Coverage Flow Model,logistic_regression,Konya,2014,high_justice_flow,1,1,0.9418159235848295,out_of_fold
Wide Coverage Flow Model,logistic_regression,Konya,2015,high_justice_flow,1,1,0.9536029309283746,out_of_fold
Wide Coverage Flow Model,logistic_regression,Konya,2016,high_justice_flow,1,1,0.9608305834998451,out_of_fold
Wide Coverage Flow Model,logistic_regression,Konya,2017,high_justice_flow,1,1,0.9743370814356406,out_of_fold
Wide Coverage Flow Model,logistic_regression,Konya,2018,high_justice_flow,1,1,0.9736706831252037,out_of_fold
Wide Coverage Flow Model,logistic_regression,Konya,2019,high_justice_flow,1,1,0.9751212175759983,out_of_fold
Wide Coverage Flow Model,logistic_regression,Konya,2020,high_justice_flow,1,1,0.984389694507807,out_of_fold
Wide Coverage Flow Model,logistic_regression,Konya,2021,high_justice_flow,1,1,0.9888958751830152,out_of_fold
Wide Coverage Flow Model,logistic_regression,Kütahya,2011,high_justice_flow,1,0,0.2819374396415929,out_of_fold
Wide Coverage Flow Model,logistic_regression,Kütahya,2012,high_justice_flow,1,0,0.27005875403760415,out_of_fold
Wide Coverage Flow Model,logistic_regression,Kütahya,2013,high_justice_flow,1,0,0.23479106235881353,out_of_fold
Wide Coverage Flow Model,logistic_regression,Kütahya,2014,high_justice_flow,1,0,0.23376013279419086,out_of_fold
Wide Coverage Flow Model,logistic_regression,Kütahya,2015,high_justice_flow,1,0,0.2274848298579412,out_of_fold
Wide Coverage Flow Model,logistic_regression,Kütahya,2016,high_justice_flow,1,0,0.2665416437229852,out_of_fold
Wide Coverage Flow Model,logistic_regression,Kütahya,2017,high_justice_flow,0,0,0.2815611601729389,out_of_fold
Wide Coverage Flow Model,logistic_regression,Kütahya,2018,high_justice_flow,1,0,0.2024197648431646,out_of_fold
Wide Coverage Flow Model,logistic_regression,Kütahya,2019,high_justice_flow,1,0,0.18096323056749816,out_of_fold
Wide Coverage Flow Model,logistic_regression,Kütahya,2020,high_justice_flow,1,0,0.22925050808841507,out_of_fold
Wide Coverage Flow Model,logistic_regression,Kütahya,2021,high_justice_flow,1,0,0.2778743603478082,out_of_fold
Wide Coverage Flow Model,logistic_regression,Kırklareli,2011,high_justice_flow,0,1,0.5393913828103826,out_of_fold
Wide Coverage Flow Model,logistic_regression,Kırklareli,2012,high_justice_flow,0,1,0.529962823902127,out_of_fold
Wide Coverage Flow Model,logistic_regression,Kırklareli,2013,high_justice_flow,0,1,0.5353994276867771,out_of_fold
Wide Coverage Flow Model,logistic_regression,Kırklareli,2014,high_justice_flow,0,1,0.5422497831571087,out_of_fold
Wide Coverage Flow Model,logistic_regression,Kırklareli,2015,high_justice_flow,0,1,0.5598694964715601,out_of_fold
Wide Coverage Flow Model,logistic_regression,Kırklareli,2016,high_justice_flow,0,1,0.5705258824623554,out_of_fold
Wide Coverage Flow Model,logistic_regression,Kırklareli,2017,high_justice_flow,0,1,0.604415394171066,out_of_fold
Wide Coverage Flow Model,logistic_regression,Kırklareli,2018,high_justice_flow,0,1,0.552066531118659,out_of_fold
Wide Coverage Flow Model,logistic_regression,Kırklareli,2019,high_justice_flow,0,1,0.573514710274693,out_of_fold
Wide Coverage Flow Model,logistic_regression,Kırklareli,2020,high_justice_flow,0,1,0.6026630908625004,out_of_fold
Wide Coverage Flow Model,logistic_regression,Kırklareli,2021,high_justice_flow,0,1,0.6000751657678893,out_of_fold
Wide Coverage Flow Model,logistic_regression,Kırıkkale,2011,high_justice_flow,0,0,0.18428330799907414,out_of_fold
Wide Coverage Flow Model,logistic_regression,Kırıkkale,2012,high_justice_flow,0,0,0.170403986294674,out_of_fold
Wide Coverage Flow Model,logistic_regression,Kırıkkale,2013,high_justice_flow,0,0,0.1687891172492371,out_of_fold
Wide Coverage Flow Model,logistic_regression,Kırıkkale,2014,high_justice_flow,0,0,0.16423191005767307,out_of_fold
Wide Coverage Flow Model,logistic_regression,Kırıkkale,2015,high_justice_flow,0,0,0.1660005461013283,out_of_fold
Wide Coverage Flow Model,logistic_regression,Kırıkkale,2016,high_justice_flow,0,0,0.16354863710785275,out_of_fold
Wide Coverage Flow Model,logistic_regression,Kırıkkale,2017,high_justice_flow,0,0,0.16632683926173142,out_of_fold
Wide Coverage Flow Model,logistic_regression,Kırıkkale,2018,high_justice_flow,0,0,0.17940488031539506,out_of_fold
Wide Coverage Flow Model,logistic_regression,Kırıkkale,2019,high_justice_flow,0,0,0.18428555095716723,out_of_fold
Wide Coverage Flow Model,logistic_regression,Kırıkkale,2020,high_justice_flow,0,0,0.2058021378600662,out_of_fold
Wide Coverage Flow Model,logistic_regression,Kırıkkale,2021,high_justice_flow,0,0,0.1982744643642718,out_of_fold
Wide Coverage Flow Model,logistic_regression,Kırşehir,2011,high_justice_flow,0,0,0.17921199319065903,out_of_fold
Wide Coverage Flow Model,logistic_regression,Kırşehir,2012,high_justice_flow,0,0,0.16628855358612055,out_of_fold
Wide Coverage Flow Model,logistic_regression,Kırşehir,2013,high_justice_flow,0,0,0.15838332133094749,out_of_fold
Wide Coverage Flow Model,logistic_regression,Kırşehir,2014,high_justice_flow,0,0,0.15470209889670117,out_of_fold
Wide Coverage Flow Model,logistic_regression,Kırşehir,2015,high_justice_flow,0,0,0.14849284194451948,out_of_fold
Wide Coverage Flow Model,logistic_regression,Kırşehir,2016,high_justice_flow,0,0,0.14406258328084476,out_of_fold
Wide Coverage Flow Model,logistic_regression,Kırşehir,2017,high_justice_flow,0,0,0.13722155131835295,out_of_fold
Wide Coverage Flow Model,logistic_regression,Kırşehir,2018,high_justice_flow,0,0,0.11124598883731973,out_of_fold
Wide Coverage Flow Model,logistic_regression,Kırşehir,2019,high_justice_flow,0,0,0.1027416206940946,out_of_fold
Wide Coverage Flow Model,logistic_regression,Kırşehir,2020,high_justice_flow,0,0,0.10480230592325934,out_of_fold
Wide Coverage Flow Model,logistic_regression,Kırşehir,2021,high_justice_flow,0,0,0.10954766496796899,out_of_fold
Wide Coverage Flow Model,logistic_regression,Malatya,2011,high_justice_flow,1,1,0.5622524784719746,out_of_fold
Wide Coverage Flow Model,logistic_regression,Malatya,2012,high_justice_flow,1,1,0.5668226670832384,out_of_fold
Wide Coverage Flow Model,logistic_regression,Malatya,2013,high_justice_flow,1,1,0.5592174995766855,out_of_fold
Wide Coverage Flow Model,logistic_regression,Malatya,2014,high_justice_flow,1,1,0.5437461963513809,out_of_fold
Wide Coverage Flow Model,logistic_regression,Malatya,2015,high_justice_flow,1,1,0.5244711640968269,out_of_fold
Wide Coverage Flow Model,logistic_regression,Malatya,2016,high_justice_flow,1,1,0.5513212676887403,out_of_fold
Wide Coverage Flow Model,logistic_regression,Malatya,2017,high_justice_flow,1,1,0.5944960477551802,out_of_fold
Wide Coverage Flow Model,logistic_regression,Malatya,2018,high_justice_flow,1,1,0.6046672569091863,out_of_fold
Wide Coverage Flow Model,logistic_regression,Malatya,2019,high_justice_flow,1,1,0.5929572601456344,out_of_fold
Wide Coverage Flow Model,logistic_regression,Malatya,2020,high_justice_flow,1,1,0.6349845911844103,out_of_fold
Wide Coverage Flow Model,logistic_regression,Malatya,2021,high_justice_flow,1,1,0.6486842498069871,out_of_fold
Wide Coverage Flow Model,logistic_regression,Manisa,2011,high_justice_flow,1,1,0.9702679577756108,out_of_fold
Wide Coverage Flow Model,logistic_regression,Manisa,2012,high_justice_flow,1,1,0.9749445428854832,out_of_fold
Wide Coverage Flow Model,logistic_regression,Manisa,2013,high_justice_flow,1,1,0.9764581354227289,out_of_fold
Wide Coverage Flow Model,logistic_regression,Manisa,2014,high_justice_flow,1,1,0.9777933265025506,out_of_fold
Wide Coverage Flow Model,logistic_regression,Manisa,2015,high_justice_flow,1,1,0.9808274782838329,out_of_fold
Wide Coverage Flow Model,logistic_regression,Manisa,2016,high_justice_flow,1,1,0.985966449903184,out_of_fold
Wide Coverage Flow Model,logistic_regression,Manisa,2017,high_justice_flow,1,1,0.9901203449442542,out_of_fold
Wide Coverage Flow Model,logistic_regression,Manisa,2018,high_justice_flow,1,1,0.9888143358303748,out_of_fold
Wide Coverage Flow Model,logistic_regression,Manisa,2019,high_justice_flow,1,1,0.9874391396479705,out_of_fold
Wide Coverage Flow Model,logistic_regression,Manisa,2020,high_justice_flow,1,1,0.9916478451001025,out_of_fold
Wide Coverage Flow Model,logistic_regression,Manisa,2021,high_justice_flow,1,1,0.9933412608002552,out_of_fold
Wide Coverage Flow Model,logistic_regression,Mardin,2011,high_justice_flow,1,0,0.33874011606866394,out_of_fold
Wide Coverage Flow Model,logistic_regression,Mardin,2012,high_justice_flow,1,0,0.3573663838455427,out_of_fold
Wide Coverage Flow Model,logistic_regression,Mardin,2013,high_justice_flow,1,0,0.34100833880091214,out_of_fold
Wide Coverage Flow Model,logistic_regression,Mardin,2014,high_justice_flow,1,0,0.32280727839209644,out_of_fold
Wide Coverage Flow Model,logistic_regression,Mardin,2015,high_justice_flow,1,0,0.31843108762929845,out_of_fold
Wide Coverage Flow Model,logistic_regression,Mardin,2016,high_justice_flow,1,0,0.32594099322173686,out_of_fold
Wide Coverage Flow Model,logistic_regression,Mardin,2017,high_justice_flow,1,0,0.41147165029466853,out_of_fold
Wide Coverage Flow Model,logistic_regression,Mardin,2018,high_justice_flow,1,0,0.3101389776436965,out_of_fold
Wide Coverage Flow Model,logistic_regression,Mardin,2019,high_justice_flow,1,0,0.32611174683430727,out_of_fold
Wide Coverage Flow Model,logistic_regression,Mardin,2020,high_justice_flow,1,0,0.40720154372574546,out_of_fold
Wide Coverage Flow Model,logistic_regression,Mardin,2021,high_justice_flow,1,0,0.4085200254371912,out_of_fold
Wide Coverage Flow Model,logistic_regression,Mersin,2011,high_justice_flow,1,1,0.9853281740613554,out_of_fold
Wide Coverage Flow Model,logistic_regression,Mersin,2012,high_justice_flow,1,1,0.9873594451772745,out_of_fold
Wide Coverage Flow Model,logistic_regression,Mersin,2013,high_justice_flow,1,1,0.9854287751407927,out_of_fold
Wide Coverage Flow Model,logistic_regression,Mersin,2014,high_justice_flow,1,1,0.987673164973844,out_of_fold
Wide Coverage Flow Model,logistic_regression,Mersin,2015,high_justice_flow,1,1,0.9901423097194068,out_of_fold
Wide Coverage Flow Model,logistic_regression,Mersin,2016,high_justice_flow,1,1,0.9934548194440028,out_of_fold
Wide Coverage Flow Model,logistic_regression,Mersin,2017,high_justice_flow,1,1,0.9950457440246224,out_of_fold
Wide Coverage Flow Model,logistic_regression,Mersin,2018,high_justice_flow,1,1,0.993909099988646,out_of_fold
Wide Coverage Flow Model,logistic_regression,Mersin,2019,high_justice_flow,1,1,0.9936864793893826,out_of_fold
Wide Coverage Flow Model,logistic_regression,Mersin,2020,high_justice_flow,1,1,0.9960216464546359,out_of_fold
Wide Coverage Flow Model,logistic_regression,Mersin,2021,high_justice_flow,1,1,0.9977655707908683,out_of_fold
Wide Coverage Flow Model,logistic_regression,Muğla,2011,high_justice_flow,1,1,0.9470913641926212,out_of_fold
Wide Coverage Flow Model,logistic_regression,Muğla,2012,high_justice_flow,1,1,0.9534238559513909,out_of_fold
Wide Coverage Flow Model,logistic_regression,Muğla,2013,high_justice_flow,1,1,0.9575938344517148,out_of_fold
Wide Coverage Flow Model,logistic_regression,Muğla,2014,high_justice_flow,1,1,0.9688035982829267,out_of_fold
Wide Coverage Flow Model,logistic_regression,Muğla,2015,high_justice_flow,1,1,0.9772261438908811,out_of_fold
Wide Coverage Flow Model,logistic_regression,Muğla,2016,high_justice_flow,1,1,0.9827535936542058,out_of_fold
Wide Coverage Flow Model,logistic_regression,Muğla,2017,high_justice_flow,1,1,0.9896350433444724,out_of_fold
Wide Coverage Flow Model,logistic_regression,Muğla,2018,high_justice_flow,1,1,0.9814297208354326,out_of_fold
Wide Coverage Flow Model,logistic_regression,Muğla,2019,high_justice_flow,1,1,0.9805557336189874,out_of_fold
Wide Coverage Flow Model,logistic_regression,Muğla,2020,high_justice_flow,1,1,0.9896378943714932,out_of_fold
Wide Coverage Flow Model,logistic_regression,Muğla,2021,high_justice_flow,1,1,0.9955076987408135,out_of_fold
Wide Coverage Flow Model,logistic_regression,Muş,2011,high_justice_flow,0,0,0.3668641480512663,out_of_fold
Wide Coverage Flow Model,logistic_regression,Muş,2012,high_justice_flow,0,0,0.3578128824767523,out_of_fold
Wide Coverage Flow Model,logistic_regression,Muş,2013,high_justice_flow,0,0,0.33365129448672004,out_of_fold
Wide Coverage Flow Model,logistic_regression,Muş,2014,high_justice_flow,0,0,0.3158848111994668,out_of_fold
Wide Coverage Flow Model,logistic_regression,Muş,2015,high_justice_flow,0,0,0.3075179569187525,out_of_fold
Wide Coverage Flow Model,logistic_regression,Muş,2016,high_justice_flow,0,0,0.31448503714167364,out_of_fold
Wide Coverage Flow Model,logistic_regression,Muş,2017,high_justice_flow,0,0,0.3358220176337613,out_of_fold
Wide Coverage Flow Model,logistic_regression,Muş,2018,high_justice_flow,0,0,0.2421923387787013,out_of_fold
Wide Coverage Flow Model,logistic_regression,Muş,2019,high_justice_flow,0,0,0.2482494517025102,out_of_fold
Wide Coverage Flow Model,logistic_regression,Muş,2020,high_justice_flow,0,0,0.2821330208299073,out_of_fold
Wide Coverage Flow Model,logistic_regression,Muş,2021,high_justice_flow,0,0,0.26705797408507115,out_of_fold
Wide Coverage Flow Model,logistic_regression,Nevşehir,2011,high_justice_flow,0,0,0.08816483744953511,out_of_fold
Wide Coverage Flow Model,logistic_regression,Nevşehir,2012,high_justice_flow,0,0,0.08542910018895648,out_of_fold
Wide Coverage Flow Model,logistic_regression,Nevşehir,2013,high_justice_flow,0,0,0.08453132722833659,out_of_fold
Wide Coverage Flow Model,logistic_regression,Nevşehir,2014,high_justice_flow,0,0,0.07944792063904658,out_of_fold
Wide Coverage Flow Model,logistic_regression,Nevşehir,2015,high_justice_flow,0,0,0.0785952649042888,out_of_fold
Wide Coverage Flow Model,logistic_regression,Nevşehir,2016,high_justice_flow,0,0,0.0721685869280305,out_of_fold
Wide Coverage Flow Model,logistic_regression,Nevşehir,2017,high_justice_flow,0,0,0.07800366073508684,out_of_fold
Wide Coverage Flow Model,logistic_regression,Nevşehir,2018,high_justice_flow,0,0,0.0783371371847322,out_of_fold
Wide Coverage Flow Model,logistic_regression,Nevşehir,2019,high_justice_flow,0,0,0.08049269794021276,out_of_fold
Wide Coverage Flow Model,logistic_regression,Nevşehir,2020,high_justice_flow,0,0,0.08261973419616288,out_of_fold
Wide Coverage Flow Model,logistic_regression,Nevşehir,2021,high_justice_flow,0,0,0.08082543962375285,out_of_fold
Wide Coverage Flow Model,logistic_regression,Niğde,2011,high_justice_flow,0,0,0.2670657480865618,out_of_fold
Wide Coverage Flow Model,logistic_regression,Niğde,2012,high_justice_flow,0,0,0.26798695379517024,out_of_fold
Wide Coverage Flow Model,logistic_regression,Niğde,2013,high_justice_flow,0,0,0.2566147246381101,out_of_fold
Wide Coverage Flow Model,logistic_regression,Niğde,2014,high_justice_flow,0,0,0.24630142396667218,out_of_fold
Wide Coverage Flow Model,logistic_regression,Niğde,2015,high_justice_flow,0,0,0.24302533898469772,out_of_fold
Wide Coverage Flow Model,logistic_regression,Niğde,2016,high_justice_flow,0,0,0.2455511182128504,out_of_fold
Wide Coverage Flow Model,logistic_regression,Niğde,2017,high_justice_flow,0,0,0.26474522800710215,out_of_fold
Wide Coverage Flow Model,logistic_regression,Niğde,2018,high_justice_flow,0,0,0.2285228056625572,out_of_fold
Wide Coverage Flow Model,logistic_regression,Niğde,2019,high_justice_flow,0,0,0.23691369734627826,out_of_fold
Wide Coverage Flow Model,logistic_regression,Niğde,2020,high_justice_flow,0,0,0.25781482882603024,out_of_fold
Wide Coverage Flow Model,logistic_regression,Niğde,2021,high_justice_flow,0,0,0.252534371790221,out_of_fold
Wide Coverage Flow Model,logistic_regression,Ordu,2011,high_justice_flow,1,0,0.4056304266283964,out_of_fold
Wide Coverage Flow Model,logistic_regression,Ordu,2012,high_justice_flow,1,0,0.3784708279034701,out_of_fold
Wide Coverage Flow Model,logistic_regression,Ordu,2013,high_justice_flow,1,0,0.3160644147074991,out_of_fold
Wide Coverage Flow Model,logistic_regression,Ordu,2014,high_justice_flow,1,0,0.31070092054436976,out_of_fold
Wide Coverage Flow Model,logistic_regression,Ordu,2015,high_justice_flow,1,0,0.3014103013589337,out_of_fold
Wide Coverage Flow Model,logistic_regression,Ordu,2016,high_justice_flow,1,0,0.3855806763052664,out_of_fold
Wide Coverage Flow Model,logistic_regression,Ordu,2017,high_justice_flow,1,0,0.4671055293835967,out_of_fold
Wide Coverage Flow Model,logistic_regression,Ordu,2018,high_justice_flow,1,0,0.4996202970524563,out_of_fold
Wide Coverage Flow Model,logistic_regression,Ordu,2019,high_justice_flow,1,0,0.43644984377941726,out_of_fold
Wide Coverage Flow Model,logistic_regression,Ordu,2020,high_justice_flow,1,0,0.4997425627668794,out_of_fold
Wide Coverage Flow Model,logistic_regression,Ordu,2021,high_justice_flow,1,1,0.557331676310211,out_of_fold
Wide Coverage Flow Model,logistic_regression,Osmaniye,2011,high_justice_flow,0,1,0.6178921602616311,out_of_fold
Wide Coverage Flow Model,logistic_regression,Osmaniye,2012,high_justice_flow,1,1,0.6033373443469271,out_of_fold
Wide Coverage Flow Model,logistic_regression,Osmaniye,2013,high_justice_flow,1,1,0.55728704944287,out_of_fold
Wide Coverage Flow Model,logistic_regression,Osmaniye,2014,high_justice_flow,1,1,0.5537821479294073,out_of_fold
Wide Coverage Flow Model,logistic_regression,Osmaniye,2015,high_justice_flow,1,1,0.5477567530082619,out_of_fold
Wide Coverage Flow Model,logistic_regression,Osmaniye,2016,high_justice_flow,1,1,0.5588168863503912,out_of_fold
Wide Coverage Flow Model,logistic_regression,Osmaniye,2017,high_justice_flow,1,1,0.5647112115816684,out_of_fold
Wide Coverage Flow Model,logistic_regression,Osmaniye,2018,high_justice_flow,1,1,0.5917813165037932,out_of_fold
Wide Coverage Flow Model,logistic_regression,Osmaniye,2019,high_justice_flow,1,1,0.5696690046744421,out_of_fold
Wide Coverage Flow Model,logistic_regression,Osmaniye,2020,high_justice_flow,1,1,0.6088066270091899,out_of_fold
Wide Coverage Flow Model,logistic_regression,Osmaniye,2021,high_justice_flow,1,1,0.645863975209956,out_of_fold
Wide Coverage Flow Model,logistic_regression,Rize,2011,high_justice_flow,0,0,0.20088095218680346,out_of_fold
Wide Coverage Flow Model,logistic_regression,Rize,2012,high_justice_flow,0,0,0.19503466450781018,out_of_fold
Wide Coverage Flow Model,logistic_regression,Rize,2013,high_justice_flow,0,0,0.18663740936657372,out_of_fold
Wide Coverage Flow Model,logistic_regression,Rize,2014,high_justice_flow,0,0,0.17564970029931748,out_of_fold
Wide Coverage Flow Model,logistic_regression,Rize,2015,high_justice_flow,0,0,0.17900730512863486,out_of_fold
Wide Coverage Flow Model,logistic_regression,Rize,2016,high_justice_flow,0,0,0.1829321209957791,out_of_fold
Wide Coverage Flow Model,logistic_regression,Rize,2017,high_justice_flow,0,0,0.19948595323763982,out_of_fold
Wide Coverage Flow Model,logistic_regression,Rize,2018,high_justice_flow,0,0,0.24182588973849697,out_of_fold
Wide Coverage Flow Model,logistic_regression,Rize,2019,high_justice_flow,0,0,0.24274139954244647,out_of_fold
Wide Coverage Flow Model,logistic_regression,Rize,2020,high_justice_flow,0,0,0.27360598617527065,out_of_fold
Wide Coverage Flow Model,logistic_regression,Rize,2021,high_justice_flow,0,0,0.2695554499583885,out_of_fold
Wide Coverage Flow Model,logistic_regression,Sakarya,2011,high_justice_flow,1,0,0.48436469948662564,out_of_fold
Wide Coverage Flow Model,logistic_regression,Sakarya,2012,high_justice_flow,1,0,0.49187223904910027,out_of_fold
Wide Coverage Flow Model,logistic_regression,Sakarya,2013,high_justice_flow,1,1,0.5170966166535105,out_of_fold
Wide Coverage Flow Model,logistic_regression,Sakarya,2014,high_justice_flow,1,1,0.531970375884234,out_of_fold
Wide Coverage Flow Model,logistic_regression,Sakarya,2015,high_justice_flow,1,1,0.5740422230468046,out_of_fold
Wide Coverage Flow Model,logistic_regression,Sakarya,2016,high_justice_flow,1,1,0.639215062936402,out_of_fold
Wide Coverage Flow Model,logistic_regression,Sakarya,2017,high_justice_flow,1,1,0.6748635214387629,out_of_fold
Wide Coverage Flow Model,logistic_regression,Sakarya,2018,high_justice_flow,1,1,0.6407697297838854,out_of_fold
Wide Coverage Flow Model,logistic_regression,Sakarya,2019,high_justice_flow,1,1,0.6503762284235847,out_of_fold
Wide Coverage Flow Model,logistic_regression,Sakarya,2020,high_justice_flow,1,1,0.7139731643246753,out_of_fold
Wide Coverage Flow Model,logistic_regression,Sakarya,2021,high_justice_flow,1,1,0.750280438442861,out_of_fold
Wide Coverage Flow Model,logistic_regression,Samsun,2011,high_justice_flow,1,1,0.8682054468275806,out_of_fold
Wide Coverage Flow Model,logistic_regression,Samsun,2012,high_justice_flow,1,1,0.8693791520422918,out_of_fold
Wide Coverage Flow Model,logistic_regression,Samsun,2013,high_justice_flow,1,1,0.8649269929604734,out_of_fold
Wide Coverage Flow Model,logistic_regression,Samsun,2014,high_justice_flow,1,1,0.865595141663415,out_of_fold
Wide Coverage Flow Model,logistic_regression,Samsun,2015,high_justice_flow,1,1,0.8702529904959488,out_of_fold
Wide Coverage Flow Model,logistic_regression,Samsun,2016,high_justice_flow,1,1,0.8874077882912448,out_of_fold
Wide Coverage Flow Model,logistic_regression,Samsun,2017,high_justice_flow,1,1,0.9125759705612606,out_of_fold
Wide Coverage Flow Model,logistic_regression,Samsun,2018,high_justice_flow,1,1,0.8827505221711901,out_of_fold
Wide Coverage Flow Model,logistic_regression,Samsun,2019,high_justice_flow,1,1,0.8641060261600065,out_of_fold
Wide Coverage Flow Model,logistic_regression,Samsun,2020,high_justice_flow,1,1,0.9023591403742613,out_of_fold
Wide Coverage Flow Model,logistic_regression,Samsun,2021,high_justice_flow,1,1,0.9192227521194192,out_of_fold
Wide Coverage Flow Model,logistic_regression,Siirt,2011,high_justice_flow,0,0,0.13699642945155208,out_of_fold
Wide Coverage Flow Model,logistic_regression,Siirt,2012,high_justice_flow,0,0,0.1413712997331563,out_of_fold
Wide Coverage Flow Model,logistic_regression,Siirt,2013,high_justice_flow,0,0,0.1350928971894722,out_of_fold
Wide Coverage Flow Model,logistic_regression,Siirt,2014,high_justice_flow,0,0,0.11625467063889681,out_of_fold
Wide Coverage Flow Model,logistic_regression,Siirt,2015,high_justice_flow,0,0,0.11405586413689112,out_of_fold
Wide Coverage Flow Model,logistic_regression,Siirt,2016,high_justice_flow,0,0,0.09871343551640101,out_of_fold
Wide Coverage Flow Model,logistic_regression,Siirt,2017,high_justice_flow,0,0,0.10918257157192225,out_of_fold
Wide Coverage Flow Model,logistic_regression,Siirt,2018,high_justice_flow,0,0,0.10103529059608828,out_of_fold
Wide Coverage Flow Model,logistic_regression,Siirt,2019,high_justice_flow,0,0,0.08546691294378082,out_of_fold
Wide Coverage Flow Model,logistic_regression,Siirt,2020,high_justice_flow,0,0,0.10157335252055257,out_of_fold
Wide Coverage Flow Model,logistic_regression,Siirt,2021,high_justice_flow,0,0,0.10243735573903667,out_of_fold
Wide Coverage Flow Model,logistic_regression,Sinop,2011,high_justice_flow,0,0,0.2866463124645199,out_of_fold
Wide Coverage Flow Model,logistic_regression,Sinop,2012,high_justice_flow,0,0,0.2733348535891028,out_of_fold
Wide Coverage Flow Model,logistic_regression,Sinop,2013,high_justice_flow,0,0,0.2631589050597684,out_of_fold
Wide Coverage Flow Model,logistic_regression,Sinop,2014,high_justice_flow,0,0,0.23795623041885988,out_of_fold
Wide Coverage Flow Model,logistic_regression,Sinop,2015,high_justice_flow,0,0,0.23254021997244254,out_of_fold
Wide Coverage Flow Model,logistic_regression,Sinop,2016,high_justice_flow,0,0,0.22432961490206552,out_of_fold
Wide Coverage Flow Model,logistic_regression,Sinop,2017,high_justice_flow,0,0,0.24255921622035312,out_of_fold
Wide Coverage Flow Model,logistic_regression,Sinop,2018,high_justice_flow,0,0,0.2091568240525608,out_of_fold
Wide Coverage Flow Model,logistic_regression,Sinop,2019,high_justice_flow,0,0,0.21488807930176373,out_of_fold
Wide Coverage Flow Model,logistic_regression,Sinop,2020,high_justice_flow,0,0,0.22717816446077502,out_of_fold
Wide Coverage Flow Model,logistic_regression,Sinop,2021,high_justice_flow,0,0,0.21279801096069775,out_of_fold
Wide Coverage Flow Model,logistic_regression,Sivas,2011,high_justice_flow,1,0,0.17669466899129094,out_of_fold
Wide Coverage Flow Model,logistic_regression,Sivas,2012,high_justice_flow,1,0,0.1733139598483482,out_of_fold
Wide Coverage Flow Model,logistic_regression,Sivas,2013,high_justice_flow,1,0,0.16531317786105848,out_of_fold
Wide Coverage Flow Model,logistic_regression,Sivas,2014,high_justice_flow,1,0,0.1564676609166114,out_of_fold
Wide Coverage Flow Model,logistic_regression,Sivas,2015,high_justice_flow,1,0,0.15764623538995123,out_of_fold
Wide Coverage Flow Model,logistic_regression,Sivas,2016,high_justice_flow,1,0,0.15656634757722346,out_of_fold
Wide Coverage Flow Model,logistic_regression,Sivas,2017,high_justice_flow,1,0,0.16903170897584066,out_of_fold
Wide Coverage Flow Model,logistic_regression,Sivas,2018,high_justice_flow,1,0,0.15172462681272253,out_of_fold
Wide Coverage Flow Model,logistic_regression,Sivas,2019,high_justice_flow,1,0,0.1440323698458911,out_of_fold
Wide Coverage Flow Model,logistic_regression,Sivas,2020,high_justice_flow,1,0,0.15195528155617122,out_of_fold
Wide Coverage Flow Model,logistic_regression,Sivas,2021,high_justice_flow,1,0,0.14789490401323968,out_of_fold
Wide Coverage Flow Model,logistic_regression,Tekirdağ,2011,high_justice_flow,1,1,0.9610724959750582,out_of_fold
Wide Coverage Flow Model,logistic_regression,Tekirdağ,2012,high_justice_flow,1,1,0.9660750738329211,out_of_fold
Wide Coverage Flow Model,logistic_regression,Tekirdağ,2013,high_justice_flow,1,1,0.968961063580185,out_of_fold
Wide Coverage Flow Model,logistic_regression,Tekirdağ,2014,high_justice_flow,1,1,0.9762105665022011,out_of_fold
Wide Coverage Flow Model,logistic_regression,Tekirdağ,2015,high_justice_flow,1,1,0.9781259857164762,out_of_fold
Wide Coverage Flow Model,logistic_regression,Tekirdağ,2016,high_justice_flow,1,1,0.9807149214236179,out_of_fold
Wide Coverage Flow Model,logistic_regression,Tekirdağ,2017,high_justice_flow,1,1,0.9845149907466794,out_of_fold
Wide Coverage Flow Model,logistic_regression,Tekirdağ,2018,high_justice_flow,1,1,0.9819249146964607,out_of_fold
Wide Coverage Flow Model,logistic_regression,Tekirdağ,2019,high_justice_flow,1,1,0.9820248519286884,out_of_fold
Wide Coverage Flow Model,logistic_regression,Tekirdağ,2020,high_justice_flow,1,1,0.9889287367806959,out_of_fold
Wide Coverage Flow Model,logistic_regression,Tekirdağ,2021,high_justice_flow,1,1,0.9927073258427366,out_of_fold
Wide Coverage Flow Model,logistic_regression,Tokat,2011,high_justice_flow,1,0,0.08418028166753812,out_of_fold
Wide Coverage Flow Model,logistic_regression,Tokat,2012,high_justice_flow,1,0,0.07606508853323368,out_of_fold
Wide Coverage Flow Model,logistic_regression,Tokat,2013,high_justice_flow,1,0,0.06285938800790158,out_of_fold
Wide Coverage Flow Model,logistic_regression,Tokat,2014,high_justice_flow,1,0,0.06375654895573017,out_of_fold
Wide Coverage Flow Model,logistic_regression,Tokat,2015,high_justice_flow,1,0,0.06919602305040283,out_of_fold
Wide Coverage Flow Model,logistic_regression,Tokat,2016,high_justice_flow,1,0,0.06811285714425855,out_of_fold
Wide Coverage Flow Model,logistic_regression,Tokat,2017,high_justice_flow,1,0,0.07539211877225618,out_of_fold
Wide Coverage Flow Model,logistic_regression,Tokat,2018,high_justice_flow,1,0,0.07994696876824671,out_of_fold
Wide Coverage Flow Model,logistic_regression,Tokat,2019,high_justice_flow,1,0,0.06274873292270619,out_of_fold
Wide Coverage Flow Model,logistic_regression,Tokat,2020,high_justice_flow,1,0,0.07928650550955399,out_of_fold
Wide Coverage Flow Model,logistic_regression,Tokat,2021,high_justice_flow,1,0,0.09228039178067592,out_of_fold
Wide Coverage Flow Model,logistic_regression,Trabzon,2011,high_justice_flow,1,1,0.5647693799942326,out_of_fold
Wide Coverage Flow Model,logistic_regression,Trabzon,2012,high_justice_flow,1,1,0.5527743158846431,out_of_fold
Wide Coverage Flow Model,logistic_regression,Trabzon,2013,high_justice_flow,1,1,0.5458681102766693,out_of_fold
Wide Coverage Flow Model,logistic_regression,Trabzon,2014,high_justice_flow,1,1,0.5385481547378227,out_of_fold
Wide Coverage Flow Model,logistic_regression,Trabzon,2015,high_justice_flow,1,1,0.530056257349666,out_of_fold
Wide Coverage Flow Model,logistic_regression,Trabzon,2016,high_justice_flow,1,1,0.5782508384379977,out_of_fold
Wide Coverage Flow Model,logistic_regression,Trabzon,2017,high_justice_flow,1,1,0.6241873750149642,out_of_fold
Wide Coverage Flow Model,logistic_regression,Trabzon,2018,high_justice_flow,1,1,0.633766696752178,out_of_fold
Wide Coverage Flow Model,logistic_regression,Trabzon,2019,high_justice_flow,1,1,0.6132465188910309,out_of_fold
Wide Coverage Flow Model,logistic_regression,Trabzon,2020,high_justice_flow,1,1,0.6428123668313763,out_of_fold
Wide Coverage Flow Model,logistic_regression,Trabzon,2021,high_justice_flow,1,1,0.6384724611992724,out_of_fold
Wide Coverage Flow Model,logistic_regression,Tunceli,2011,high_justice_flow,0,0,0.2208733241926401,out_of_fold
Wide Coverage Flow Model,logistic_regression,Tunceli,2012,high_justice_flow,0,0,0.20455603692130853,out_of_fold
Wide Coverage Flow Model,logistic_regression,Tunceli,2013,high_justice_flow,0,0,0.19165138093042355,out_of_fold
Wide Coverage Flow Model,logistic_regression,Tunceli,2014,high_justice_flow,0,0,0.16512093569563685,out_of_fold
Wide Coverage Flow Model,logistic_regression,Tunceli,2015,high_justice_flow,0,0,0.11373731213539556,out_of_fold
Wide Coverage Flow Model,logistic_regression,Tunceli,2016,high_justice_flow,0,0,0.09872165608122115,out_of_fold
Wide Coverage Flow Model,logistic_regression,Tunceli,2017,high_justice_flow,0,0,0.10955024717472367,out_of_fold
Wide Coverage Flow Model,logistic_regression,Tunceli,2018,high_justice_flow,0,0,0.06655495693080991,out_of_fold
Wide Coverage Flow Model,logistic_regression,Tunceli,2019,high_justice_flow,0,0,0.06350809528349681,out_of_fold
Wide Coverage Flow Model,logistic_regression,Tunceli,2020,high_justice_flow,0,0,0.061724413893761,out_of_fold
Wide Coverage Flow Model,logistic_regression,Tunceli,2021,high_justice_flow,0,0,0.05773281208342312,out_of_fold
Wide Coverage Flow Model,logistic_regression,Uşak,2011,high_justice_flow,0,1,0.8777646631436432,out_of_fold
Wide Coverage Flow Model,logistic_regression,Uşak,2012,high_justice_flow,0,1,0.8767738652289314,out_of_fold
Wide Coverage Flow Model,logistic_regression,Uşak,2013,high_justice_flow,0,1,0.879868926402278,out_of_fold
Wide Coverage Flow Model,logistic_regression,Uşak,2014,high_justice_flow,0,1,0.8824483256088413,out_of_fold
Wide Coverage Flow Model,logistic_regression,Uşak,2015,high_justice_flow,0,1,0.886405841035399,out_of_fold
Wide Coverage Flow Model,logistic_regression,Uşak,2016,high_justice_flow,0,1,0.8902467900424273,out_of_fold
Wide Coverage Flow Model,logistic_regression,Uşak,2017,high_justice_flow,0,1,0.8964339711968143,out_of_fold
Wide Coverage Flow Model,logistic_regression,Uşak,2018,high_justice_flow,0,1,0.8743864783576053,out_of_fold
Wide Coverage Flow Model,logistic_regression,Uşak,2019,high_justice_flow,0,1,0.8767489962346006,out_of_fold
Wide Coverage Flow Model,logistic_regression,Uşak,2020,high_justice_flow,0,1,0.895106100033278,out_of_fold
Wide Coverage Flow Model,logistic_regression,Uşak,2021,high_justice_flow,0,1,0.8898707152259213,out_of_fold
Wide Coverage Flow Model,logistic_regression,Van,2011,high_justice_flow,1,0,0.31682972329030673,out_of_fold
Wide Coverage Flow Model,logistic_regression,Van,2012,high_justice_flow,1,0,0.3763647915335884,out_of_fold
Wide Coverage Flow Model,logistic_regression,Van,2013,high_justice_flow,1,0,0.3642307475567442,out_of_fold
Wide Coverage Flow Model,logistic_regression,Van,2014,high_justice_flow,1,0,0.3206578701256959,out_of_fold
Wide Coverage Flow Model,logistic_regression,Van,2015,high_justice_flow,1,0,0.3176999159771367,out_of_fold
Wide Coverage Flow Model,logistic_regression,Van,2016,high_justice_flow,1,0,0.3354444751288041,out_of_fold
Wide Coverage Flow Model,logistic_regression,Van,2017,high_justice_flow,1,0,0.40074739726207426,out_of_fold
Wide Coverage Flow Model,logistic_regression,Van,2018,high_justice_flow,1,0,0.351599383828911,out_of_fold
Wide Coverage Flow Model,logistic_regression,Van,2019,high_justice_flow,1,0,0.37186089732204636,out_of_fold
Wide Coverage Flow Model,logistic_regression,Van,2020,high_justice_flow,1,0,0.43986991373923434,out_of_fold
Wide Coverage Flow Model,logistic_regression,Van,2021,high_justice_flow,1,0,0.4709477010790627,out_of_fold
Wide Coverage Flow Model,logistic_regression,Yalova,2011,high_justice_flow,0,0,0.48216943960989334,out_of_fold
Wide Coverage Flow Model,logistic_regression,Yalova,2012,high_justice_flow,0,0,0.47222893487811934,out_of_fold
Wide Coverage Flow Model,logistic_regression,Yalova,2013,high_justice_flow,0,0,0.4663190087313309,out_of_fold
Wide Coverage Flow Model,logistic_regression,Yalova,2014,high_justice_flow,0,1,0.5127520830321334,out_of_fold
Wide Coverage Flow Model,logistic_regression,Yalova,2015,high_justice_flow,0,1,0.5225209618893992,out_of_fold
Wide Coverage Flow Model,logistic_regression,Yalova,2016,high_justice_flow,0,1,0.5215965704147261,out_of_fold
Wide Coverage Flow Model,logistic_regression,Yalova,2017,high_justice_flow,0,1,0.518206751264179,out_of_fold
Wide Coverage Flow Model,logistic_regression,Yalova,2018,high_justice_flow,0,0,0.47911977981343107,out_of_fold
Wide Coverage Flow Model,logistic_regression,Yalova,2019,high_justice_flow,0,0,0.49137255750095743,out_of_fold
Wide Coverage Flow Model,logistic_regression,Yalova,2020,high_justice_flow,0,1,0.5271617832970062,out_of_fold
Wide Coverage Flow Model,logistic_regression,Yalova,2021,high_justice_flow,0,1,0.5767003912822514,out_of_fold
Wide Coverage Flow Model,logistic_regression,Yozgat,2011,high_justice_flow,0,0,0.2106846380115905,out_of_fold
Wide Coverage Flow Model,logistic_regression,Yozgat,2012,high_justice_flow,0,0,0.20096864485922442,out_of_fold
Wide Coverage Flow Model,logistic_regression,Yozgat,2013,high_justice_flow,0,0,0.1844652214092712,out_of_fold
Wide Coverage Flow Model,logistic_regression,Yozgat,2014,high_justice_flow,0,0,0.1984696610906061,out_of_fold
Wide Coverage Flow Model,logistic_regression,Yozgat,2015,high_justice_flow,0,0,0.2053631062520051,out_of_fold
Wide Coverage Flow Model,logistic_regression,Yozgat,2016,high_justice_flow,0,0,0.19907527640369982,out_of_fold
Wide Coverage Flow Model,logistic_regression,Yozgat,2017,high_justice_flow,0,0,0.19600743589594855,out_of_fold
Wide Coverage Flow Model,logistic_regression,Yozgat,2018,high_justice_flow,0,0,0.21568789554283632,out_of_fold
Wide Coverage Flow Model,logistic_regression,Yozgat,2019,high_justice_flow,0,0,0.19569515422259287,out_of_fold
Wide Coverage Flow Model,logistic_regression,Yozgat,2020,high_justice_flow,0,0,0.19837803051763084,out_of_fold
Wide Coverage Flow Model,logistic_regression,Yozgat,2021,high_justice_flow,0,0,0.20651352554553346,out_of_fold
Wide Coverage Flow Model,logistic_regression,Zonguldak,2011,high_justice_flow,1,0,0.27989686073264036,out_of_fold
Wide Coverage Flow Model,logistic_regression,Zonguldak,2012,high_justice_flow,1,0,0.22175304822493788,out_of_fold
Wide Coverage Flow Model,logistic_regression,Zonguldak,2013,high_justice_flow,1,0,0.14606591548829262,out_of_fold
Wide Coverage Flow Model,logistic_regression,Zonguldak,2014,high_justice_flow,1,0,0.15165243611826001,out_of_fold
Wide Coverage Flow Model,logistic_regression,Zonguldak,2015,high_justice_flow,1,0,0.14931580753321316,out_of_fold
Wide Coverage Flow Model,logistic_regression,Zonguldak,2016,high_justice_flow,1,0,0.13606952253578414,out_of_fold
Wide Coverage Flow Model,logistic_regression,Zonguldak,2017,high_justice_flow,1,0,0.14492537070293163,out_of_fold
Wide Coverage Flow Model,logistic_regression,Zonguldak,2018,high_justice_flow,1,0,0.106840301127222,out_of_fold
Wide Coverage Flow Model,logistic_regression,Zonguldak,2019,high_justice_flow,1,0,0.09301364187084205,out_of_fold
Wide Coverage Flow Model,logistic_regression,Zonguldak,2020,high_justice_flow,1,0,0.1037338809586254,out_of_fold
Wide Coverage Flow Model,logistic_regression,Zonguldak,2021,high_justice_flow,1,0,0.11933845881505203,out_of_fold
Wide Coverage Flow Model,logistic_regression,Çanakkale,2011,high_justice_flow,1,1,0.6855334611263515,out_of_fold
Wide Coverage Flow Model,logistic_regression,Çanakkale,2012,high_justice_flow,1,1,0.6905782053208122,out_of_fold
Wide Coverage Flow Model,logistic_regression,Çanakkale,2013,high_justice_flow,1,1,0.6887121779305309,out_of_fold
Wide Coverage Flow Model,logistic_regression,Çanakkale,2014,high_justice_flow,1,1,0.6900444877400199,out_of_fold
Wide Coverage Flow Model,logistic_regression,Çanakkale,2015,high_justice_flow,1,1,0.7120748915414754,out_of_fold
Wide Coverage Flow Model,logistic_regression,Çanakkale,2016,high_justice_flow,1,1,0.7257030407621861,out_of_fold
Wide Coverage Flow Model,logistic_regression,Çanakkale,2017,high_justice_flow,1,1,0.7559428630844747,out_of_fold
Wide Coverage Flow Model,logistic_regression,Çanakkale,2018,high_justice_flow,1,1,0.7087344846091647,out_of_fold
Wide Coverage Flow Model,logistic_regression,Çanakkale,2019,high_justice_flow,1,1,0.7170701897782619,out_of_fold
Wide Coverage Flow Model,logistic_regression,Çanakkale,2020,high_justice_flow,1,1,0.7443635042261587,out_of_fold
Wide Coverage Flow Model,logistic_regression,Çanakkale,2021,high_justice_flow,1,1,0.7452699010505484,out_of_fold
Wide Coverage Flow Model,logistic_regression,Çankırı,2011,high_justice_flow,0,0,0.3418636676056571,out_of_fold
Wide Coverage Flow Model,logistic_regression,Çankırı,2012,high_justice_flow,0,0,0.33231610384927485,out_of_fold
Wide Coverage Flow Model,logistic_regression,Çankırı,2013,high_justice_flow,0,0,0.3128862635536084,out_of_fold
Wide Coverage Flow Model,logistic_regression,Çankırı,2014,high_justice_flow,0,0,0.3366166197112728,out_of_fold
Wide Coverage Flow Model,logistic_regression,Çankırı,2015,high_justice_flow,0,0,0.3328945410081748,out_of_fold
Wide Coverage Flow Model,logistic_regression,Çankırı,2016,high_justice_flow,0,0,0.33141970720507763,out_of_fold
Wide Coverage Flow Model,logistic_regression,Çankırı,2017,high_justice_flow,0,0,0.3369478139381754,out_of_fold
Wide Coverage Flow Model,logistic_regression,Çankırı,2018,high_justice_flow,0,0,0.30769527204839403,out_of_fold
Wide Coverage Flow Model,logistic_regression,Çankırı,2019,high_justice_flow,0,0,0.3017663098578055,out_of_fold
Wide Coverage Flow Model,logistic_regression,Çankırı,2020,high_justice_flow,0,0,0.31603267657311895,out_of_fold
Wide Coverage Flow Model,logistic_regression,Çankırı,2021,high_justice_flow,0,0,0.3025880494673566,out_of_fold
Wide Coverage Flow Model,logistic_regression,Çorum,2011,high_justice_flow,1,0,0.11116784718089151,out_of_fold
Wide Coverage Flow Model,logistic_regression,Çorum,2012,high_justice_flow,0,0,0.09167950226993092,out_of_fold
Wide Coverage Flow Model,logistic_regression,Çorum,2013,high_justice_flow,0,0,0.07836648001683613,out_of_fold
Wide Coverage Flow Model,logistic_regression,Çorum,2014,high_justice_flow,0,0,0.06762083553247729,out_of_fold
Wide Coverage Flow Model,logistic_regression,Çorum,2015,high_justice_flow,0,0,0.07025705799371998,out_of_fold
Wide Coverage Flow Model,logistic_regression,Çorum,2016,high_justice_flow,0,0,0.08205671451838936,out_of_fold
Wide Coverage Flow Model,logistic_regression,Çorum,2017,high_justice_flow,0,0,0.0853796599109479,out_of_fold
Wide Coverage Flow Model,logistic_regression,Çorum,2018,high_justice_flow,0,0,0.06502076696180369,out_of_fold
Wide Coverage Flow Model,logistic_regression,Çorum,2019,high_justice_flow,1,0,0.05438252084268603,out_of_fold
Wide Coverage Flow Model,logistic_regression,Çorum,2020,high_justice_flow,1,0,0.06418984467432434,out_of_fold
Wide Coverage Flow Model,logistic_regression,Çorum,2021,high_justice_flow,1,0,0.07347210777355166,out_of_fold
Wide Coverage Flow Model,logistic_regression,İstanbul,2011,high_justice_flow,1,1,1.0,out_of_fold
Wide Coverage Flow Model,logistic_regression,İstanbul,2012,high_justice_flow,1,1,1.0,out_of_fold
Wide Coverage Flow Model,logistic_regression,İstanbul,2013,high_justice_flow,1,1,1.0,out_of_fold
Wide Coverage Flow Model,logistic_regression,İstanbul,2014,high_justice_flow,1,1,1.0,out_of_fold
Wide Coverage Flow Model,logistic_regression,İstanbul,2015,high_justice_flow,1,1,1.0,out_of_fold
Wide Coverage Flow Model,logistic_regression,İstanbul,2016,high_justice_flow,1,1,1.0,out_of_fold
Wide Coverage Flow Model,logistic_regression,İstanbul,2017,high_justice_flow,1,1,1.0,out_of_fold
Wide Coverage Flow Model,logistic_regression,İstanbul,2018,high_justice_flow,1,1,1.0,out_of_fold
Wide Coverage Flow Model,logistic_regression,İstanbul,2019,high_justice_flow,1,1,1.0,out_of_fold
Wide Coverage Flow Model,logistic_regression,İstanbul,2020,high_justice_flow,1,1,1.0,out_of_fold
Wide Coverage Flow Model,logistic_regression,İstanbul,2021,high_justice_flow,1,1,1.0,out_of_fold
Wide Coverage Flow Model,logistic_regression,İzmir,2011,high_justice_flow,1,1,0.9999994731161328,out_of_fold
Wide Coverage Flow Model,logistic_regression,İzmir,2012,high_justice_flow,1,1,0.999999590102229,out_of_fold
Wide Coverage Flow Model,logistic_regression,İzmir,2013,high_justice_flow,1,1,0.9999997446779841,out_of_fold
Wide Coverage Flow Model,logistic_regression,İzmir,2014,high_justice_flow,1,1,0.9999998557467896,out_of_fold
Wide Coverage Flow Model,logistic_regression,İzmir,2015,high_justice_flow,1,1,0.9999999207773044,out_of_fold
Wide Coverage Flow Model,logistic_regression,İzmir,2016,high_justice_flow,1,1,0.9999999634933592,out_of_fold
Wide Coverage Flow Model,logistic_regression,İzmir,2017,high_justice_flow,1,1,0.9999999868935381,out_of_fold
Wide Coverage Flow Model,logistic_regression,İzmir,2018,high_justice_flow,1,1,0.9999999809010353,out_of_fold
Wide Coverage Flow Model,logistic_regression,İzmir,2019,high_justice_flow,1,1,0.9999999772632743,out_of_fold
Wide Coverage Flow Model,logistic_regression,İzmir,2020,high_justice_flow,1,1,0.9999999916621635,out_of_fold
Wide Coverage Flow Model,logistic_regression,İzmir,2021,high_justice_flow,1,1,0.9999999974177853,out_of_fold
Wide Coverage Flow Model,logistic_regression,Şanlıurfa,2011,high_justice_flow,1,1,0.7391358273632784,out_of_fold
Wide Coverage Flow Model,logistic_regression,Şanlıurfa,2012,high_justice_flow,1,1,0.7900723784133773,out_of_fold
Wide Coverage Flow Model,logistic_regression,Şanlıurfa,2013,high_justice_flow,1,1,0.7826290449912344,out_of_fold
Wide Coverage Flow Model,logistic_regression,Şanlıurfa,2014,high_justice_flow,1,1,0.8077836252720723,out_of_fold
Wide Coverage Flow Model,logistic_regression,Şanlıurfa,2015,high_justice_flow,1,1,0.8359002387808815,out_of_fold
Wide Coverage Flow Model,logistic_regression,Şanlıurfa,2016,high_justice_flow,1,1,0.8380132181387225,out_of_fold
Wide Coverage Flow Model,logistic_regression,Şanlıurfa,2017,high_justice_flow,1,1,0.8638328288846632,out_of_fold
Wide Coverage Flow Model,logistic_regression,Şanlıurfa,2018,high_justice_flow,1,1,0.8645085980389212,out_of_fold
Wide Coverage Flow Model,logistic_regression,Şanlıurfa,2019,high_justice_flow,1,1,0.8594064702341697,out_of_fold
Wide Coverage Flow Model,logistic_regression,Şanlıurfa,2020,high_justice_flow,1,1,0.9095405262877446,out_of_fold
Wide Coverage Flow Model,logistic_regression,Şanlıurfa,2021,high_justice_flow,1,1,0.9440493500815117,out_of_fold
Wide Coverage Flow Model,logistic_regression,Şırnak,2011,high_justice_flow,0,0,0.39753711743827336,out_of_fold
Wide Coverage Flow Model,logistic_regression,Şırnak,2012,high_justice_flow,0,0,0.3990064497927359,out_of_fold
Wide Coverage Flow Model,logistic_regression,Şırnak,2013,high_justice_flow,0,0,0.3867333085928713,out_of_fold
Wide Coverage Flow Model,logistic_regression,Şırnak,2014,high_justice_flow,0,0,0.3461960624764979,out_of_fold
Wide Coverage Flow Model,logistic_regression,Şırnak,2015,high_justice_flow,0,0,0.2594610208565409,out_of_fold
Wide Coverage Flow Model,logistic_regression,Şırnak,2016,high_justice_flow,0,0,0.3322119091058949,out_of_fold
Wide Coverage Flow Model,logistic_regression,Şırnak,2017,high_justice_flow,1,0,0.4059882716372761,out_of_fold
Wide Coverage Flow Model,logistic_regression,Şırnak,2018,high_justice_flow,0,0,0.3441829413772616,out_of_fold
Wide Coverage Flow Model,logistic_regression,Şırnak,2019,high_justice_flow,0,0,0.36342753244500975,out_of_fold
Wide Coverage Flow Model,logistic_regression,Şırnak,2020,high_justice_flow,0,0,0.396291371965166,out_of_fold
Wide Coverage Flow Model,logistic_regression,Şırnak,2021,high_justice_flow,0,0,0.38915795119489915,out_of_fold
Wide Coverage Flow Model,random_forest,Adana,2011,high_justice_flow,1,1,0.961450955589902,out_of_fold
Wide Coverage Flow Model,random_forest,Adana,2012,high_justice_flow,1,1,0.9830149971684783,out_of_fold
Wide Coverage Flow Model,random_forest,Adana,2013,high_justice_flow,1,1,0.9736042828827641,out_of_fold
Wide Coverage Flow Model,random_forest,Adana,2014,high_justice_flow,1,1,0.9896819834362893,out_of_fold
Wide Coverage Flow Model,random_forest,Adana,2015,high_justice_flow,1,1,0.9291549092340946,out_of_fold
Wide Coverage Flow Model,random_forest,Adana,2016,high_justice_flow,1,1,0.964387425700743,out_of_fold
Wide Coverage Flow Model,random_forest,Adana,2017,high_justice_flow,1,1,0.9785486918580301,out_of_fold
Wide Coverage Flow Model,random_forest,Adana,2018,high_justice_flow,1,1,0.963588005288502,out_of_fold
Wide Coverage Flow Model,random_forest,Adana,2019,high_justice_flow,1,1,0.9724755948161831,out_of_fold
Wide Coverage Flow Model,random_forest,Adana,2020,high_justice_flow,1,1,0.9902305481794464,out_of_fold
Wide Coverage Flow Model,random_forest,Adana,2021,high_justice_flow,1,1,0.958090676455563,out_of_fold
Wide Coverage Flow Model,random_forest,Adıyaman,2011,high_justice_flow,0,1,0.5153063394616064,out_of_fold
Wide Coverage Flow Model,random_forest,Adıyaman,2012,high_justice_flow,0,1,0.5444426974455994,out_of_fold
Wide Coverage Flow Model,random_forest,Adıyaman,2013,high_justice_flow,0,1,0.5570604698215615,out_of_fold
Wide Coverage Flow Model,random_forest,Adıyaman,2014,high_justice_flow,0,0,0.4683120971762696,out_of_fold
Wide Coverage Flow Model,random_forest,Adıyaman,2015,high_justice_flow,0,0,0.2823734560375308,out_of_fold
Wide Coverage Flow Model,random_forest,Adıyaman,2016,high_justice_flow,0,0,0.4445470003361814,out_of_fold
Wide Coverage Flow Model,random_forest,Adıyaman,2017,high_justice_flow,0,1,0.7061103346373716,out_of_fold
Wide Coverage Flow Model,random_forest,Adıyaman,2018,high_justice_flow,0,1,0.7402336512654378,out_of_fold
Wide Coverage Flow Model,random_forest,Adıyaman,2019,high_justice_flow,0,1,0.6576636055225168,out_of_fold
Wide Coverage Flow Model,random_forest,Adıyaman,2020,high_justice_flow,0,1,0.7350393342333607,out_of_fold
Wide Coverage Flow Model,random_forest,Adıyaman,2021,high_justice_flow,0,1,0.7173169245840013,out_of_fold
Wide Coverage Flow Model,random_forest,Afyonkarahisar,2011,high_justice_flow,1,1,0.732621378111296,out_of_fold
Wide Coverage Flow Model,random_forest,Afyonkarahisar,2012,high_justice_flow,1,1,0.7436937465323485,out_of_fold
Wide Coverage Flow Model,random_forest,Afyonkarahisar,2013,high_justice_flow,1,1,0.7433362903919977,out_of_fold
Wide Coverage Flow Model,random_forest,Afyonkarahisar,2014,high_justice_flow,1,1,0.8050938831480239,out_of_fold
Wide Coverage Flow Model,random_forest,Afyonkarahisar,2015,high_justice_flow,1,1,0.8041343232307281,out_of_fold
Wide Coverage Flow Model,random_forest,Afyonkarahisar,2016,high_justice_flow,1,1,0.8176409618834282,out_of_fold
Wide Coverage Flow Model,random_forest,Afyonkarahisar,2017,high_justice_flow,1,1,0.9108354063278726,out_of_fold
Wide Coverage Flow Model,random_forest,Afyonkarahisar,2018,high_justice_flow,1,1,0.8495907675221841,out_of_fold
Wide Coverage Flow Model,random_forest,Afyonkarahisar,2019,high_justice_flow,1,1,0.8125844591305998,out_of_fold
Wide Coverage Flow Model,random_forest,Afyonkarahisar,2020,high_justice_flow,1,1,0.8661340608672077,out_of_fold
Wide Coverage Flow Model,random_forest,Afyonkarahisar,2021,high_justice_flow,1,1,0.8855774548601526,out_of_fold
Wide Coverage Flow Model,random_forest,Aksaray,2011,high_justice_flow,0,0,0.05709322520379789,out_of_fold
Wide Coverage Flow Model,random_forest,Aksaray,2012,high_justice_flow,0,0,0.052277016895198286,out_of_fold
Wide Coverage Flow Model,random_forest,Aksaray,2013,high_justice_flow,0,0,0.0726852206408618,out_of_fold
Wide Coverage Flow Model,random_forest,Aksaray,2014,high_justice_flow,0,0,0.07625037002783454,out_of_fold
Wide Coverage Flow Model,random_forest,Aksaray,2015,high_justice_flow,0,0,0.0791794853912901,out_of_fold
Wide Coverage Flow Model,random_forest,Aksaray,2016,high_justice_flow,0,0,0.08745511396498683,out_of_fold
Wide Coverage Flow Model,random_forest,Aksaray,2017,high_justice_flow,0,0,0.14264175278862642,out_of_fold
Wide Coverage Flow Model,random_forest,Aksaray,2018,high_justice_flow,0,0,0.16319222333996183,out_of_fold
Wide Coverage Flow Model,random_forest,Aksaray,2019,high_justice_flow,0,0,0.13371104077589144,out_of_fold
Wide Coverage Flow Model,random_forest,Aksaray,2020,high_justice_flow,0,0,0.1973321914590833,out_of_fold
Wide Coverage Flow Model,random_forest,Aksaray,2021,high_justice_flow,0,0,0.46542595635267836,out_of_fold
Wide Coverage Flow Model,random_forest,Amasya,2011,high_justice_flow,0,0,0.051834089589902356,out_of_fold
Wide Coverage Flow Model,random_forest,Amasya,2012,high_justice_flow,0,0,0.045322832440386145,out_of_fold
Wide Coverage Flow Model,random_forest,Amasya,2013,high_justice_flow,0,0,0.051377950130918934,out_of_fold
Wide Coverage Flow Model,random_forest,Amasya,2014,high_justice_flow,0,0,0.035373078814511794,out_of_fold
Wide Coverage Flow Model,random_forest,Amasya,2015,high_justice_flow,0,0,0.029532567022836114,out_of_fold
Wide Coverage Flow Model,random_forest,Amasya,2016,high_justice_flow,0,0,0.03424442200537516,out_of_fold
Wide Coverage Flow Model,random_forest,Amasya,2017,high_justice_flow,0,0,0.03346978486026761,out_of_fold
Wide Coverage Flow Model,random_forest,Amasya,2018,high_justice_flow,0,0,0.04346316573435552,out_of_fold
Wide Coverage Flow Model,random_forest,Amasya,2019,high_justice_flow,0,0,0.07300364117647204,out_of_fold
Wide Coverage Flow Model,random_forest,Amasya,2020,high_justice_flow,0,0,0.08036772846703279,out_of_fold
Wide Coverage Flow Model,random_forest,Amasya,2021,high_justice_flow,0,0,0.09071600558807065,out_of_fold
Wide Coverage Flow Model,random_forest,Ankara,2011,high_justice_flow,1,1,0.9197312198147829,out_of_fold
Wide Coverage Flow Model,random_forest,Ankara,2012,high_justice_flow,1,1,0.9252277456174943,out_of_fold
Wide Coverage Flow Model,random_forest,Ankara,2013,high_justice_flow,1,1,0.9214943976514419,out_of_fold
Wide Coverage Flow Model,random_forest,Ankara,2014,high_justice_flow,1,1,0.9309583757925346,out_of_fold
Wide Coverage Flow Model,random_forest,Ankara,2015,high_justice_flow,1,1,0.9264334707845403,out_of_fold
Wide Coverage Flow Model,random_forest,Ankara,2016,high_justice_flow,1,1,0.9290293967960542,out_of_fold
Wide Coverage Flow Model,random_forest,Ankara,2017,high_justice_flow,1,1,0.9302289943196795,out_of_fold
Wide Coverage Flow Model,random_forest,Ankara,2018,high_justice_flow,1,1,0.9188026810604795,out_of_fold
Wide Coverage Flow Model,random_forest,Ankara,2019,high_justice_flow,1,1,0.9310696608692784,out_of_fold
Wide Coverage Flow Model,random_forest,Ankara,2020,high_justice_flow,1,1,0.8955517209584002,out_of_fold
Wide Coverage Flow Model,random_forest,Ankara,2021,high_justice_flow,1,1,0.9098152012901383,out_of_fold
Wide Coverage Flow Model,random_forest,Antalya,2011,high_justice_flow,1,1,0.930437116580101,out_of_fold
Wide Coverage Flow Model,random_forest,Antalya,2012,high_justice_flow,1,1,0.9711023911143701,out_of_fold
Wide Coverage Flow Model,random_forest,Antalya,2013,high_justice_flow,1,1,0.9786404863524655,out_of_fold
Wide Coverage Flow Model,random_forest,Antalya,2014,high_justice_flow,1,1,0.9574381967575087,out_of_fold
Wide Coverage Flow Model,random_forest,Antalya,2015,high_justice_flow,1,1,0.9492982432151161,out_of_fold
Wide Coverage Flow Model,random_forest,Antalya,2016,high_justice_flow,1,1,0.9466877807609038,out_of_fold
Wide Coverage Flow Model,random_forest,Antalya,2017,high_justice_flow,1,1,0.9756738918720148,out_of_fold
Wide Coverage Flow Model,random_forest,Antalya,2018,high_justice_flow,1,1,0.989843031442672,out_of_fold
Wide Coverage Flow Model,random_forest,Antalya,2019,high_justice_flow,1,1,0.9832609801606208,out_of_fold
Wide Coverage Flow Model,random_forest,Antalya,2020,high_justice_flow,1,1,0.976594134474978,out_of_fold
Wide Coverage Flow Model,random_forest,Antalya,2021,high_justice_flow,1,1,0.9761578109519737,out_of_fold
Wide Coverage Flow Model,random_forest,Ardahan,2011,high_justice_flow,0,0,0.05791374217248656,out_of_fold
Wide Coverage Flow Model,random_forest,Ardahan,2012,high_justice_flow,0,0,0.05412656920053096,out_of_fold
Wide Coverage Flow Model,random_forest,Ardahan,2013,high_justice_flow,0,0,0.0633626573230099,out_of_fold
Wide Coverage Flow Model,random_forest,Ardahan,2014,high_justice_flow,0,0,0.025696443623677047,out_of_fold
Wide Coverage Flow Model,random_forest,Ardahan,2015,high_justice_flow,0,0,0.03587698131978692,out_of_fold
Wide Coverage Flow Model,random_forest,Ardahan,2016,high_justice_flow,0,0,0.03249676001390696,out_of_fold
Wide Coverage Flow Model,random_forest,Ardahan,2017,high_justice_flow,0,0,0.023104962669615526,out_of_fold
Wide Coverage Flow Model,random_forest,Ardahan,2018,high_justice_flow,0,0,0.03104579070123303,out_of_fold
Wide Coverage Flow Model,random_forest,Ardahan,2019,high_justice_flow,0,0,0.02462016346108966,out_of_fold
Wide Coverage Flow Model,random_forest,Ardahan,2020,high_justice_flow,0,0,0.04007964519104554,out_of_fold
Wide Coverage Flow Model,random_forest,Ardahan,2021,high_justice_flow,0,0,0.037105315979429114,out_of_fold
Wide Coverage Flow Model,random_forest,Artvin,2011,high_justice_flow,0,0,0.09912473238339835,out_of_fold
Wide Coverage Flow Model,random_forest,Artvin,2012,high_justice_flow,0,0,0.09511204324903696,out_of_fold
Wide Coverage Flow Model,random_forest,Artvin,2013,high_justice_flow,0,0,0.08263848081128344,out_of_fold
Wide Coverage Flow Model,random_forest,Artvin,2014,high_justice_flow,0,0,0.07634990942616839,out_of_fold
Wide Coverage Flow Model,random_forest,Artvin,2015,high_justice_flow,0,0,0.07137421336579328,out_of_fold
Wide Coverage Flow Model,random_forest,Artvin,2016,high_justice_flow,0,0,0.0737236502764004,out_of_fold
Wide Coverage Flow Model,random_forest,Artvin,2017,high_justice_flow,0,0,0.06911381507040579,out_of_fold
Wide Coverage Flow Model,random_forest,Artvin,2018,high_justice_flow,0,0,0.05642919957492764,out_of_fold
Wide Coverage Flow Model,random_forest,Artvin,2019,high_justice_flow,0,0,0.05085039942544181,out_of_fold
Wide Coverage Flow Model,random_forest,Artvin,2020,high_justice_flow,0,0,0.05914305168533198,out_of_fold
Wide Coverage Flow Model,random_forest,Artvin,2021,high_justice_flow,0,0,0.11171355553435772,out_of_fold
Wide Coverage Flow Model,random_forest,Aydın,2011,high_justice_flow,1,1,0.9244283089685124,out_of_fold
Wide Coverage Flow Model,random_forest,Aydın,2012,high_justice_flow,1,1,0.9510753658731567,out_of_fold
Wide Coverage Flow Model,random_forest,Aydın,2013,high_justice_flow,1,1,0.9384265563493471,out_of_fold
Wide Coverage Flow Model,random_forest,Aydın,2014,high_justice_flow,1,1,0.982438552526563,out_of_fold
Wide Coverage Flow Model,random_forest,Aydın,2015,high_justice_flow,1,1,0.9905910517838418,out_of_fold
Wide Coverage Flow Model,random_forest,Aydın,2016,high_justice_flow,1,1,0.9774295197160596,out_of_fold
Wide Coverage Flow Model,random_forest,Aydın,2017,high_justice_flow,1,1,0.9553925064928758,out_of_fold
Wide Coverage Flow Model,random_forest,Aydın,2018,high_justice_flow,1,1,0.9399422861337845,out_of_fold
Wide Coverage Flow Model,random_forest,Aydın,2019,high_justice_flow,1,1,0.9396291260504038,out_of_fold
Wide Coverage Flow Model,random_forest,Aydın,2020,high_justice_flow,1,1,0.8961336865390375,out_of_fold
Wide Coverage Flow Model,random_forest,Aydın,2021,high_justice_flow,1,1,0.9115741475291634,out_of_fold
Wide Coverage Flow Model,random_forest,Ağrı,2011,high_justice_flow,0,0,0.18613186427702896,out_of_fold
Wide Coverage Flow Model,random_forest,Ağrı,2012,high_justice_flow,0,0,0.1333902288239274,out_of_fold
Wide Coverage Flow Model,random_forest,Ağrı,2013,high_justice_flow,0,0,0.10013831652054449,out_of_fold
Wide Coverage Flow Model,random_forest,Ağrı,2014,high_justice_flow,0,0,0.03886255648013403,out_of_fold
Wide Coverage Flow Model,random_forest,Ağrı,2015,high_justice_flow,0,0,0.048553402416851604,out_of_fold
Wide Coverage Flow Model,random_forest,Ağrı,2016,high_justice_flow,0,0,0.056169298775395025,out_of_fold
Wide Coverage Flow Model,random_forest,Ağrı,2017,high_justice_flow,0,0,0.06349726329453599,out_of_fold
Wide Coverage Flow Model,random_forest,Ağrı,2018,high_justice_flow,0,0,0.03490695395941386,out_of_fold
Wide Coverage Flow Model,random_forest,Ağrı,2019,high_justice_flow,0,0,0.026596742945804164,out_of_fold
Wide Coverage Flow Model,random_forest,Ağrı,2020,high_justice_flow,0,0,0.039530742766968247,out_of_fold
Wide Coverage Flow Model,random_forest,Ağrı,2021,high_justice_flow,0,0,0.07047455620165793,out_of_fold
Wide Coverage Flow Model,random_forest,Balıkesir,2011,high_justice_flow,1,1,0.9463819608357305,out_of_fold
Wide Coverage Flow Model,random_forest,Balıkesir,2012,high_justice_flow,1,1,0.9566003621306746,out_of_fold
Wide Coverage Flow Model,random_forest,Balıkesir,2013,high_justice_flow,1,1,0.9526931665502602,out_of_fold
Wide Coverage Flow Model,random_forest,Balıkesir,2014,high_justice_flow,1,1,0.9471836055687729,out_of_fold
Wide Coverage Flow Model,random_forest,Balıkesir,2015,high_justice_flow,1,1,0.9211832792751217,out_of_fold
Wide Coverage Flow Model,random_forest,Balıkesir,2016,high_justice_flow,1,1,0.9703856146628158,out_of_fold
Wide Coverage Flow Model,random_forest,Balıkesir,2017,high_justice_flow,1,1,0.9600940310866025,out_of_fold
Wide Coverage Flow Model,random_forest,Balıkesir,2018,high_justice_flow,1,1,0.9079578897137469,out_of_fold
Wide Coverage Flow Model,random_forest,Balıkesir,2019,high_justice_flow,1,1,0.899443678307131,out_of_fold
Wide Coverage Flow Model,random_forest,Balıkesir,2020,high_justice_flow,1,1,0.8803255653942437,out_of_fold
Wide Coverage Flow Model,random_forest,Balıkesir,2021,high_justice_flow,1,1,0.8587224684151199,out_of_fold
Wide Coverage Flow Model,random_forest,Bartın,2011,high_justice_flow,0,0,0.1397059682556411,out_of_fold
Wide Coverage Flow Model,random_forest,Bartın,2012,high_justice_flow,0,0,0.12351448181849052,out_of_fold
Wide Coverage Flow Model,random_forest,Bartın,2013,high_justice_flow,0,0,0.12562822915110247,out_of_fold
Wide Coverage Flow Model,random_forest,Bartın,2014,high_justice_flow,0,0,0.05490276703481089,out_of_fold
Wide Coverage Flow Model,random_forest,Bartın,2015,high_justice_flow,0,0,0.07103683382458321,out_of_fold
Wide Coverage Flow Model,random_forest,Bartın,2016,high_justice_flow,0,0,0.06623205496865456,out_of_fold
Wide Coverage Flow Model,random_forest,Bartın,2017,high_justice_flow,0,0,0.06735745126640852,out_of_fold
Wide Coverage Flow Model,random_forest,Bartın,2018,high_justice_flow,0,0,0.06618466825466297,out_of_fold
Wide Coverage Flow Model,random_forest,Bartın,2019,high_justice_flow,0,0,0.03935903866586165,out_of_fold
Wide Coverage Flow Model,random_forest,Bartın,2020,high_justice_flow,0,0,0.057212716709463256,out_of_fold
Wide Coverage Flow Model,random_forest,Bartın,2021,high_justice_flow,0,0,0.06549743953097048,out_of_fold
Wide Coverage Flow Model,random_forest,Batman,2011,high_justice_flow,0,0,0.1087532512793393,out_of_fold
Wide Coverage Flow Model,random_forest,Batman,2012,high_justice_flow,0,0,0.09685047350156156,out_of_fold
Wide Coverage Flow Model,random_forest,Batman,2013,high_justice_flow,0,0,0.09331737073476314,out_of_fold
Wide Coverage Flow Model,random_forest,Batman,2014,high_justice_flow,1,0,0.0691187245415836,out_of_fold
Wide Coverage Flow Model,random_forest,Batman,2015,high_justice_flow,1,0,0.06987960463112396,out_of_fold
Wide Coverage Flow Model,random_forest,Batman,2016,high_justice_flow,1,0,0.07986483435362157,out_of_fold
Wide Coverage Flow Model,random_forest,Batman,2017,high_justice_flow,1,0,0.18231930916519073,out_of_fold
Wide Coverage Flow Model,random_forest,Batman,2018,high_justice_flow,1,0,0.08584632601296631,out_of_fold
Wide Coverage Flow Model,random_forest,Batman,2019,high_justice_flow,1,0,0.10646171155086404,out_of_fold
Wide Coverage Flow Model,random_forest,Batman,2020,high_justice_flow,1,1,0.7034074960521948,out_of_fold
Wide Coverage Flow Model,random_forest,Batman,2021,high_justice_flow,0,1,0.7096950048960852,out_of_fold
Wide Coverage Flow Model,random_forest,Bayburt,2014,high_justice_flow,0,0,0.04271628428867933,out_of_fold
Wide Coverage Flow Model,random_forest,Bayburt,2015,high_justice_flow,0,0,0.0456141670191003,out_of_fold
Wide Coverage Flow Model,random_forest,Bayburt,2016,high_justice_flow,0,0,0.041573504431423075,out_of_fold
Wide Coverage Flow Model,random_forest,Bayburt,2017,high_justice_flow,0,0,0.05664402198980986,out_of_fold
Wide Coverage Flow Model,random_forest,Bayburt,2018,high_justice_flow,0,0,0.044121728023509076,out_of_fold
Wide Coverage Flow Model,random_forest,Bayburt,2019,high_justice_flow,0,0,0.04725758478040146,out_of_fold
Wide Coverage Flow Model,random_forest,Bayburt,2020,high_justice_flow,0,0,0.0569664536238518,out_of_fold
Wide Coverage Flow Model,random_forest,Bayburt,2021,high_justice_flow,0,0,0.04863089508503636,out_of_fold
Wide Coverage Flow Model,random_forest,Bilecik,2011,high_justice_flow,0,0,0.3091873413277089,out_of_fold
Wide Coverage Flow Model,random_forest,Bilecik,2012,high_justice_flow,0,0,0.29693087382774963,out_of_fold
Wide Coverage Flow Model,random_forest,Bilecik,2013,high_justice_flow,0,0,0.2954026733297283,out_of_fold
Wide Coverage Flow Model,random_forest,Bilecik,2014,high_justice_flow,0,0,0.30771700794509105,out_of_fold
Wide Coverage Flow Model,random_forest,Bilecik,2015,high_justice_flow,0,0,0.310188130785973,out_of_fold
Wide Coverage Flow Model,random_forest,Bilecik,2016,high_justice_flow,0,0,0.3155931953541732,out_of_fold
Wide Coverage Flow Model,random_forest,Bilecik,2017,high_justice_flow,0,0,0.3079932102486386,out_of_fold
Wide Coverage Flow Model,random_forest,Bilecik,2018,high_justice_flow,0,0,0.3280067646419545,out_of_fold
Wide Coverage Flow Model,random_forest,Bilecik,2019,high_justice_flow,0,0,0.3012343189727862,out_of_fold
Wide Coverage Flow Model,random_forest,Bilecik,2020,high_justice_flow,0,0,0.298302173708576,out_of_fold
Wide Coverage Flow Model,random_forest,Bilecik,2021,high_justice_flow,0,0,0.3093776009272383,out_of_fold
Wide Coverage Flow Model,random_forest,Bingöl,2011,high_justice_flow,0,0,0.2181163720272249,out_of_fold
Wide Coverage Flow Model,random_forest,Bingöl,2012,high_justice_flow,0,0,0.19770990926269336,out_of_fold
Wide Coverage Flow Model,random_forest,Bingöl,2013,high_justice_flow,0,0,0.19243175306679874,out_of_fold
Wide Coverage Flow Model,random_forest,Bingöl,2014,high_justice_flow,0,0,0.19029005439516367,out_of_fold
Wide Coverage Flow Model,random_forest,Bingöl,2015,high_justice_flow,0,0,0.18087583630793738,out_of_fold
Wide Coverage Flow Model,random_forest,Bingöl,2016,high_justice_flow,0,0,0.18798147433117177,out_of_fold
Wide Coverage Flow Model,random_forest,Bingöl,2017,high_justice_flow,0,0,0.16078922973304866,out_of_fold
Wide Coverage Flow Model,random_forest,Bingöl,2018,high_justice_flow,0,0,0.1369286585641919,out_of_fold
Wide Coverage Flow Model,random_forest,Bingöl,2019,high_justice_flow,0,0,0.13031799981728265,out_of_fold
Wide Coverage Flow Model,random_forest,Bingöl,2020,high_justice_flow,0,0,0.13415688989746816,out_of_fold
Wide Coverage Flow Model,random_forest,Bingöl,2021,high_justice_flow,0,0,0.12134891300272539,out_of_fold
Wide Coverage Flow Model,random_forest,Bitlis,2011,high_justice_flow,0,0,0.15360608656209362,out_of_fold
Wide Coverage Flow Model,random_forest,Bitlis,2012,high_justice_flow,0,0,0.1679301431954272,out_of_fold
Wide Coverage Flow Model,random_forest,Bitlis,2013,high_justice_flow,0,0,0.20082583639112048,out_of_fold
Wide Coverage Flow Model,random_forest,Bitlis,2014,high_justice_flow,0,0,0.17722135601778224,out_of_fold
Wide Coverage Flow Model,random_forest,Bitlis,2015,high_justice_flow,0,0,0.18652260212175512,out_of_fold
Wide Coverage Flow Model,random_forest,Bitlis,2016,high_justice_flow,0,0,0.17048472333387635,out_of_fold
Wide Coverage Flow Model,random_forest,Bitlis,2017,high_justice_flow,0,0,0.1514436493766438,out_of_fold
Wide Coverage Flow Model,random_forest,Bitlis,2018,high_justice_flow,0,0,0.13326245310344453,out_of_fold
Wide Coverage Flow Model,random_forest,Bitlis,2019,high_justice_flow,0,0,0.1174101803761718,out_of_fold
Wide Coverage Flow Model,random_forest,Bitlis,2020,high_justice_flow,0,0,0.14116570746154575,out_of_fold
Wide Coverage Flow Model,random_forest,Bitlis,2021,high_justice_flow,0,0,0.1253121075440756,out_of_fold
Wide Coverage Flow Model,random_forest,Bolu,2011,high_justice_flow,0,0,0.020607826168171788,out_of_fold
Wide Coverage Flow Model,random_forest,Bolu,2012,high_justice_flow,0,0,0.01167925473960036,out_of_fold
Wide Coverage Flow Model,random_forest,Bolu,2013,high_justice_flow,0,0,0.014558740531586149,out_of_fold
Wide Coverage Flow Model,random_forest,Bolu,2014,high_justice_flow,0,0,0.009389787529905175,out_of_fold
Wide Coverage Flow Model,random_forest,Bolu,2015,high_justice_flow,0,0,0.01467702982145781,out_of_fold
Wide Coverage Flow Model,random_forest,Bolu,2016,high_justice_flow,0,0,0.022709034251136653,out_of_fold
Wide Coverage Flow Model,random_forest,Bolu,2017,high_justice_flow,0,0,0.01976042314002555,out_of_fold
Wide Coverage Flow Model,random_forest,Bolu,2018,high_justice_flow,0,0,0.08085795371076937,out_of_fold
Wide Coverage Flow Model,random_forest,Bolu,2019,high_justice_flow,0,0,0.08448689382750019,out_of_fold
Wide Coverage Flow Model,random_forest,Bolu,2020,high_justice_flow,0,0,0.0816246638898952,out_of_fold
Wide Coverage Flow Model,random_forest,Bolu,2021,high_justice_flow,0,0,0.09576745372616065,out_of_fold
Wide Coverage Flow Model,random_forest,Burdur,2011,high_justice_flow,0,1,0.6864002976190475,out_of_fold
Wide Coverage Flow Model,random_forest,Burdur,2012,high_justice_flow,0,1,0.7436479566629021,out_of_fold
Wide Coverage Flow Model,random_forest,Burdur,2013,high_justice_flow,0,1,0.7506062899962356,out_of_fold
Wide Coverage Flow Model,random_forest,Burdur,2014,high_justice_flow,0,1,0.7621357771757228,out_of_fold
Wide Coverage Flow Model,random_forest,Burdur,2015,high_justice_flow,0,1,0.7648866628032532,out_of_fold
Wide Coverage Flow Model,random_forest,Burdur,2016,high_justice_flow,0,1,0.7681009485175389,out_of_fold
Wide Coverage Flow Model,random_forest,Burdur,2017,high_justice_flow,0,1,0.7526842818508722,out_of_fold
Wide Coverage Flow Model,random_forest,Burdur,2018,high_justice_flow,0,1,0.7490882297548201,out_of_fold
Wide Coverage Flow Model,random_forest,Burdur,2019,high_justice_flow,0,1,0.7519342818508723,out_of_fold
Wide Coverage Flow Model,random_forest,Burdur,2020,high_justice_flow,0,1,0.7458292093871042,out_of_fold
Wide Coverage Flow Model,random_forest,Burdur,2021,high_justice_flow,0,1,0.7388053998632945,out_of_fold
Wide Coverage Flow Model,random_forest,Bursa,2011,high_justice_flow,1,1,0.972258170131802,out_of_fold
Wide Coverage Flow Model,random_forest,Bursa,2012,high_justice_flow,1,1,0.9809316323285201,out_of_fold
Wide Coverage Flow Model,random_forest,Bursa,2013,high_justice_flow,1,1,0.9808632511482968,out_of_fold
Wide Coverage Flow Model,random_forest,Bursa,2014,high_justice_flow,1,1,0.958125631754609,out_of_fold
Wide Coverage Flow Model,random_forest,Bursa,2015,high_justice_flow,1,1,0.9173339650879423,out_of_fold
Wide Coverage Flow Model,random_forest,Bursa,2016,high_justice_flow,1,1,0.9614489542654314,out_of_fold
Wide Coverage Flow Model,random_forest,Bursa,2017,high_justice_flow,1,1,0.9734183029244353,out_of_fold
Wide Coverage Flow Model,random_forest,Bursa,2018,high_justice_flow,1,1,0.9931692269620886,out_of_fold
Wide Coverage Flow Model,random_forest,Bursa,2019,high_justice_flow,1,1,0.9895937590272458,out_of_fold
Wide Coverage Flow Model,random_forest,Bursa,2020,high_justice_flow,1,1,0.9583053203745677,out_of_fold
Wide Coverage Flow Model,random_forest,Bursa,2021,high_justice_flow,1,1,0.96917817496569,out_of_fold
Wide Coverage Flow Model,random_forest,Denizli,2011,high_justice_flow,1,1,0.9984415476241877,out_of_fold
Wide Coverage Flow Model,random_forest,Denizli,2012,high_justice_flow,1,1,0.9948652437719319,out_of_fold
Wide Coverage Flow Model,random_forest,Denizli,2013,high_justice_flow,1,1,0.9962468227193003,out_of_fold
Wide Coverage Flow Model,random_forest,Denizli,2014,high_justice_flow,1,1,0.9983771485338367,out_of_fold
Wide Coverage Flow Model,random_forest,Denizli,2015,high_justice_flow,1,1,0.9959980199782374,out_of_fold
Wide Coverage Flow Model,random_forest,Denizli,2016,high_justice_flow,1,1,0.9980281576839208,out_of_fold
Wide Coverage Flow Model,random_forest,Denizli,2017,high_justice_flow,1,1,0.9872246509910952,out_of_fold
Wide Coverage Flow Model,random_forest,Denizli,2018,high_justice_flow,1,1,0.9870615228610553,out_of_fold
Wide Coverage Flow Model,random_forest,Denizli,2019,high_justice_flow,1,1,0.9957264330763755,out_of_fold
Wide Coverage Flow Model,random_forest,Denizli,2020,high_justice_flow,1,1,0.9901421097591033,out_of_fold
Wide Coverage Flow Model,random_forest,Denizli,2021,high_justice_flow,1,1,0.9733060549525099,out_of_fold
Wide Coverage Flow Model,random_forest,Diyarbakır,2011,high_justice_flow,1,1,0.905626472876926,out_of_fold
Wide Coverage Flow Model,random_forest,Diyarbakır,2012,high_justice_flow,1,1,0.9149517410223866,out_of_fold
Wide Coverage Flow Model,random_forest,Diyarbakır,2013,high_justice_flow,1,1,0.940754742534763,out_of_fold
Wide Coverage Flow Model,random_forest,Diyarbakır,2014,high_justice_flow,1,1,0.9381606746336637,out_of_fold
Wide Coverage Flow Model,random_forest,Diyarbakır,2015,high_justice_flow,1,1,0.9107299249131728,out_of_fold
Wide Coverage Flow Model,random_forest,Diyarbakır,2016,high_justice_flow,1,1,0.9064471248185306,out_of_fold
Wide Coverage Flow Model,random_forest,Diyarbakır,2017,high_justice_flow,1,1,0.9090076060886854,out_of_fold
Wide Coverage Flow Model,random_forest,Diyarbakır,2018,high_justice_flow,1,1,0.9147526725031941,out_of_fold
Wide Coverage Flow Model,random_forest,Diyarbakır,2019,high_justice_flow,1,1,0.9196584543529508,out_of_fold
Wide Coverage Flow Model,random_forest,Diyarbakır,2020,high_justice_flow,1,1,0.9089605132573751,out_of_fold
Wide Coverage Flow Model,random_forest,Diyarbakır,2021,high_justice_flow,1,1,0.8145404399750947,out_of_fold
Wide Coverage Flow Model,random_forest,Düzce,2011,high_justice_flow,0,0,0.09301844797353208,out_of_fold
Wide Coverage Flow Model,random_forest,Düzce,2012,high_justice_flow,0,0,0.15680923769379432,out_of_fold
Wide Coverage Flow Model,random_forest,Düzce,2013,high_justice_flow,0,0,0.1344314188072545,out_of_fold
Wide Coverage Flow Model,random_forest,Düzce,2014,high_justice_flow,0,0,0.18539954261389135,out_of_fold
Wide Coverage Flow Model,random_forest,Düzce,2015,high_justice_flow,0,0,0.16433184251255842,out_of_fold
Wide Coverage Flow Model,random_forest,Düzce,2016,high_justice_flow,0,0,0.34061562296023373,out_of_fold
Wide Coverage Flow Model,random_forest,Düzce,2017,high_justice_flow,0,0,0.4312268963437031,out_of_fold
Wide Coverage Flow Model,random_forest,Düzce,2018,high_justice_flow,0,0,0.44479119644052256,out_of_fold
Wide Coverage Flow Model,random_forest,Düzce,2019,high_justice_flow,0,0,0.4169261107196651,out_of_fold
Wide Coverage Flow Model,random_forest,Düzce,2020,high_justice_flow,0,1,0.5530084244874327,out_of_fold
Wide Coverage Flow Model,random_forest,Düzce,2021,high_justice_flow,0,1,0.6410998833413464,out_of_fold
Wide Coverage Flow Model,random_forest,Edirne,2011,high_justice_flow,1,0,0.43209305236430984,out_of_fold
Wide Coverage Flow Model,random_forest,Edirne,2012,high_justice_flow,1,0,0.48134498472233456,out_of_fold
Wide Coverage Flow Model,random_forest,Edirne,2013,high_justice_flow,1,0,0.47974101302085115,out_of_fold
Wide Coverage Flow Model,random_forest,Edirne,2014,high_justice_flow,1,1,0.5298282873372993,out_of_fold
Wide Coverage Flow Model,random_forest,Edirne,2015,high_justice_flow,1,1,0.5476623396247462,out_of_fold
Wide Coverage Flow Model,random_forest,Edirne,2016,high_justice_flow,1,1,0.5435830641832642,out_of_fold
Wide Coverage Flow Model,random_forest,Edirne,2017,high_justice_flow,1,1,0.5353781649158649,out_of_fold
Wide Coverage Flow Model,random_forest,Edirne,2018,high_justice_flow,1,1,0.5108735565030877,out_of_fold
Wide Coverage Flow Model,random_forest,Edirne,2019,high_justice_flow,1,0,0.4916531083793044,out_of_fold
Wide Coverage Flow Model,random_forest,Edirne,2020,high_justice_flow,1,1,0.6365032710313954,out_of_fold
Wide Coverage Flow Model,random_forest,Edirne,2021,high_justice_flow,1,1,0.7060474981751942,out_of_fold
Wide Coverage Flow Model,random_forest,Elazığ,2011,high_justice_flow,1,0,0.2536330211146177,out_of_fold
Wide Coverage Flow Model,random_forest,Elazığ,2012,high_justice_flow,1,0,0.2531568037083152,out_of_fold
Wide Coverage Flow Model,random_forest,Elazığ,2013,high_justice_flow,1,0,0.2475920452326093,out_of_fold
Wide Coverage Flow Model,random_forest,Elazığ,2014,high_justice_flow,1,0,0.2608406650191537,out_of_fold
Wide Coverage Flow Model,random_forest,Elazığ,2015,high_justice_flow,1,0,0.45334258675482547,out_of_fold
Wide Coverage Flow Model,random_forest,Elazığ,2016,high_justice_flow,1,1,0.6373464703031722,out_of_fold
Wide Coverage Flow Model,random_forest,Elazığ,2017,high_justice_flow,1,1,0.9083304446212855,out_of_fold
Wide Coverage Flow Model,random_forest,Elazığ,2018,high_justice_flow,1,1,0.8052740706082843,out_of_fold
Wide Coverage Flow Model,random_forest,Elazığ,2019,high_justice_flow,0,1,0.768705826926348,out_of_fold
Wide Coverage Flow Model,random_forest,Elazığ,2020,high_justice_flow,0,1,0.8923657795909753,out_of_fold
Wide Coverage Flow Model,random_forest,Elazığ,2021,high_justice_flow,1,1,0.8211478656688622,out_of_fold
Wide Coverage Flow Model,random_forest,Erzincan,2011,high_justice_flow,0,0,0.07761359896267017,out_of_fold
Wide Coverage Flow Model,random_forest,Erzincan,2012,high_justice_flow,0,0,0.06781425498676191,out_of_fold
Wide Coverage Flow Model,random_forest,Erzincan,2013,high_justice_flow,0,0,0.059872631337674544,out_of_fold
Wide Coverage Flow Model,random_forest,Erzincan,2014,high_justice_flow,0,0,0.05340686219720795,out_of_fold
Wide Coverage Flow Model,random_forest,Erzincan,2015,high_justice_flow,0,0,0.04059484551019128,out_of_fold
Wide Coverage Flow Model,random_forest,Erzincan,2016,high_justice_flow,0,0,0.04162262328796906,out_of_fold
Wide Coverage Flow Model,random_forest,Erzincan,2017,high_justice_flow,0,0,0.031136512176857947,out_of_fold
Wide Coverage Flow Model,random_forest,Erzincan,2018,high_justice_flow,0,0,0.02306802048200516,out_of_fold
Wide Coverage Flow Model,random_forest,Erzincan,2019,high_justice_flow,0,0,0.016565394431584987,out_of_fold
Wide Coverage Flow Model,random_forest,Erzincan,2020,high_justice_flow,0,0,0.03157236987053516,out_of_fold
Wide Coverage Flow Model,random_forest,Erzincan,2021,high_justice_flow,0,0,0.0469882513835037,out_of_fold
Wide Coverage Flow Model,random_forest,Erzurum,2011,high_justice_flow,1,1,0.5881699561608632,out_of_fold
Wide Coverage Flow Model,random_forest,Erzurum,2012,high_justice_flow,1,1,0.5885866228275298,out_of_fold
Wide Coverage Flow Model,random_forest,Erzurum,2013,high_justice_flow,1,1,0.5813644006053077,out_of_fold
Wide Coverage Flow Model,random_forest,Erzurum,2014,high_justice_flow,1,1,0.5883757862999363,out_of_fold
Wide Coverage Flow Model,random_forest,Erzurum,2015,high_justice_flow,1,1,0.5809859578938265,out_of_fold
Wide Coverage Flow Model,random_forest,Erzurum,2016,high_justice_flow,1,1,0.5828547872648984,out_of_fold
Wide Coverage Flow Model,random_forest,Erzurum,2017,high_justice_flow,1,1,0.5954395710414226,out_of_fold
Wide Coverage Flow Model,random_forest,Erzurum,2018,high_justice_flow,1,1,0.5768468930611396,out_of_fold
Wide Coverage Flow Model,random_forest,Erzurum,2019,high_justice_flow,1,1,0.5634404115796581,out_of_fold
Wide Coverage Flow Model,random_forest,Erzurum,2020,high_justice_flow,1,1,0.5741763267965608,out_of_fold
Wide Coverage Flow Model,random_forest,Erzurum,2021,high_justice_flow,1,1,0.5847061286738123,out_of_fold
Wide Coverage Flow Model,random_forest,Eskişehir,2011,high_justice_flow,1,1,0.864882319523477,out_of_fold
Wide Coverage Flow Model,random_forest,Eskişehir,2012,high_justice_flow,1,1,0.8579380786043279,out_of_fold
Wide Coverage Flow Model,random_forest,Eskişehir,2013,high_justice_flow,1,1,0.8603045313400659,out_of_fold
Wide Coverage Flow Model,random_forest,Eskişehir,2014,high_justice_flow,1,1,0.868908164271874,out_of_fold
Wide Coverage Flow Model,random_forest,Eskişehir,2015,high_justice_flow,1,1,0.8847001045244837,out_of_fold
Wide Coverage Flow Model,random_forest,Eskişehir,2016,high_justice_flow,1,1,0.849716269891088,out_of_fold
Wide Coverage Flow Model,random_forest,Eskişehir,2017,high_justice_flow,1,1,0.83907122789401,out_of_fold
Wide Coverage Flow Model,random_forest,Eskişehir,2018,high_justice_flow,1,1,0.8547011903977144,out_of_fold
Wide Coverage Flow Model,random_forest,Eskişehir,2019,high_justice_flow,1,1,0.8536436998581297,out_of_fold
Wide Coverage Flow Model,random_forest,Eskişehir,2020,high_justice_flow,1,1,0.8457003947491042,out_of_fold
Wide Coverage Flow Model,random_forest,Eskişehir,2021,high_justice_flow,1,1,0.8660653292361772,out_of_fold
Wide Coverage Flow Model,random_forest,Gaziantep,2011,high_justice_flow,1,1,0.933350279914658,out_of_fold
Wide Coverage Flow Model,random_forest,Gaziantep,2012,high_justice_flow,1,1,0.9361762126553066,out_of_fold
Wide Coverage Flow Model,random_forest,Gaziantep,2013,high_justice_flow,1,1,0.9316516449687501,out_of_fold
Wide Coverage Flow Model,random_forest,Gaziantep,2014,high_justice_flow,1,1,0.9509088727635776,out_of_fold
Wide Coverage Flow Model,random_forest,Gaziantep,2015,high_justice_flow,1,1,0.9475338690638295,out_of_fold
Wide Coverage Flow Model,random_forest,Gaziantep,2016,high_justice_flow,1,1,0.9271888091014736,out_of_fold
Wide Coverage Flow Model,random_forest,Gaziantep,2017,high_justice_flow,1,1,0.9380096410682581,out_of_fold
Wide Coverage Flow Model,random_forest,Gaziantep,2018,high_justice_flow,1,1,0.8738933174841401,out_of_fold
Wide Coverage Flow Model,random_forest,Gaziantep,2019,high_justice_flow,1,1,0.9381669265316003,out_of_fold
Wide Coverage Flow Model,random_forest,Gaziantep,2020,high_justice_flow,1,1,0.8904118088969676,out_of_fold
Wide Coverage Flow Model,random_forest,Gaziantep,2021,high_justice_flow,1,1,0.8557068126725403,out_of_fold
Wide Coverage Flow Model,random_forest,Giresun,2011,high_justice_flow,0,0,0.1840280825905095,out_of_fold
Wide Coverage Flow Model,random_forest,Giresun,2012,high_justice_flow,0,0,0.1283657409402347,out_of_fold
Wide Coverage Flow Model,random_forest,Giresun,2013,high_justice_flow,0,0,0.11051078363002804,out_of_fold
Wide Coverage Flow Model,random_forest,Giresun,2014,high_justice_flow,0,0,0.08765260316480653,out_of_fold
Wide Coverage Flow Model,random_forest,Giresun,2015,high_justice_flow,0,0,0.08043778385015637,out_of_fold
Wide Coverage Flow Model,random_forest,Giresun,2016,high_justice_flow,0,0,0.20261598611697682,out_of_fold
Wide Coverage Flow Model,random_forest,Giresun,2017,high_justice_flow,0,0,0.3458528525195404,out_of_fold
Wide Coverage Flow Model,random_forest,Giresun,2018,high_justice_flow,0,0,0.19121878628595276,out_of_fold
Wide Coverage Flow Model,random_forest,Giresun,2019,high_justice_flow,0,0,0.2384640943260684,out_of_fold
Wide Coverage Flow Model,random_forest,Giresun,2020,high_justice_flow,0,0,0.313663711837627,out_of_fold
Wide Coverage Flow Model,random_forest,Giresun,2021,high_justice_flow,0,1,0.5180555430605593,out_of_fold
Wide Coverage Flow Model,random_forest,Gümüşhane,2012,high_justice_flow,0,0,0.18410640233034492,out_of_fold
Wide Coverage Flow Model,random_forest,Gümüşhane,2013,high_justice_flow,0,0,0.12773740915026136,out_of_fold
Wide Coverage Flow Model,random_forest,Gümüşhane,2014,high_justice_flow,0,0,0.11098460998627031,out_of_fold
Wide Coverage Flow Model,random_forest,Gümüşhane,2015,high_justice_flow,0,0,0.11932057717435883,out_of_fold
Wide Coverage Flow Model,random_forest,Gümüşhane,2016,high_justice_flow,0,0,0.13545998999331005,out_of_fold
Wide Coverage Flow Model,random_forest,Gümüşhane,2017,high_justice_flow,0,0,0.12463812452456173,out_of_fold
Wide Coverage Flow Model,random_forest,Gümüşhane,2018,high_justice_flow,0,0,0.06547934901275879,out_of_fold
Wide Coverage Flow Model,random_forest,Gümüşhane,2019,high_justice_flow,0,0,0.06911437184748316,out_of_fold
Wide Coverage Flow Model,random_forest,Gümüşhane,2020,high_justice_flow,0,0,0.07592891594599306,out_of_fold
Wide Coverage Flow Model,random_forest,Gümüşhane,2021,high_justice_flow,0,0,0.07293747455091652,out_of_fold
Wide Coverage Flow Model,random_forest,Hakkari,2011,high_justice_flow,0,0,0.24584205263910114,out_of_fold
Wide Coverage Flow Model,random_forest,Hakkari,2012,high_justice_flow,0,0,0.20953477011684182,out_of_fold
Wide Coverage Flow Model,random_forest,Hakkari,2013,high_justice_flow,0,0,0.2184422569695657,out_of_fold
Wide Coverage Flow Model,random_forest,Hakkari,2014,high_justice_flow,0,0,0.1911089972816617,out_of_fold
Wide Coverage Flow Model,random_forest,Hakkari,2015,high_justice_flow,0,0,0.18259521657791622,out_of_fold
Wide Coverage Flow Model,random_forest,Hakkari,2016,high_justice_flow,0,0,0.14601456857713196,out_of_fold
Wide Coverage Flow Model,random_forest,Hakkari,2017,high_justice_flow,0,0,0.13750442009124017,out_of_fold
Wide Coverage Flow Model,random_forest,Hakkari,2018,high_justice_flow,0,0,0.14500834471183616,out_of_fold
Wide Coverage Flow Model,random_forest,Hakkari,2019,high_justice_flow,0,0,0.13900329278150642,out_of_fold
Wide Coverage Flow Model,random_forest,Hakkari,2020,high_justice_flow,0,0,0.11706443322596626,out_of_fold
Wide Coverage Flow Model,random_forest,Hakkari,2021,high_justice_flow,0,0,0.12020460452235683,out_of_fold
Wide Coverage Flow Model,random_forest,Hatay,2011,high_justice_flow,1,1,0.9290967889232352,out_of_fold
Wide Coverage Flow Model,random_forest,Hatay,2012,high_justice_flow,1,1,0.9618691638351449,out_of_fold
Wide Coverage Flow Model,random_forest,Hatay,2013,high_justice_flow,1,1,0.976067297475698,out_of_fold
Wide Coverage Flow Model,random_forest,Hatay,2014,high_justice_flow,1,1,0.9813368216536271,out_of_fold
Wide Coverage Flow Model,random_forest,Hatay,2015,high_justice_flow,1,1,0.9934644014688775,out_of_fold
Wide Coverage Flow Model,random_forest,Hatay,2016,high_justice_flow,1,1,0.9625443521076694,out_of_fold
Wide Coverage Flow Model,random_forest,Hatay,2017,high_justice_flow,1,1,0.9748899616992999,out_of_fold
Wide Coverage Flow Model,random_forest,Hatay,2018,high_justice_flow,1,1,0.9902789411624324,out_of_fold
Wide Coverage Flow Model,random_forest,Hatay,2019,high_justice_flow,1,1,0.9830033194972758,out_of_fold
Wide Coverage Flow Model,random_forest,Hatay,2020,high_justice_flow,1,1,0.9842062426238908,out_of_fold
Wide Coverage Flow Model,random_forest,Hatay,2021,high_justice_flow,1,1,0.9786839304238167,out_of_fold
Wide Coverage Flow Model,random_forest,Isparta,2011,high_justice_flow,1,1,0.7252377761666823,out_of_fold
Wide Coverage Flow Model,random_forest,Isparta,2012,high_justice_flow,1,1,0.7451252040367555,out_of_fold
Wide Coverage Flow Model,random_forest,Isparta,2013,high_justice_flow,1,1,0.7935103150695797,out_of_fold
Wide Coverage Flow Model,random_forest,Isparta,2014,high_justice_flow,1,1,0.7499542342592005,out_of_fold
Wide Coverage Flow Model,random_forest,Isparta,2015,high_justice_flow,1,1,0.7700872509828478,out_of_fold
Wide Coverage Flow Model,random_forest,Isparta,2016,high_justice_flow,1,1,0.7644572726278693,out_of_fold
Wide Coverage Flow Model,random_forest,Isparta,2017,high_justice_flow,1,1,0.8247852172469269,out_of_fold
Wide Coverage Flow Model,random_forest,Isparta,2018,high_justice_flow,1,1,0.9601479757607894,out_of_fold
Wide Coverage Flow Model,random_forest,Isparta,2019,high_justice_flow,1,1,0.9462773859844867,out_of_fold
Wide Coverage Flow Model,random_forest,Isparta,2020,high_justice_flow,1,1,0.9295113344454551,out_of_fold
Wide Coverage Flow Model,random_forest,Isparta,2021,high_justice_flow,1,1,0.9128695577925318,out_of_fold
Wide Coverage Flow Model,random_forest,Iğdır,2011,high_justice_flow,0,0,0.053968579654761414,out_of_fold
Wide Coverage Flow Model,random_forest,Iğdır,2012,high_justice_flow,0,0,0.05258211043292633,out_of_fold
Wide Coverage Flow Model,random_forest,Iğdır,2013,high_justice_flow,0,0,0.04218925329006918,out_of_fold
Wide Coverage Flow Model,random_forest,Iğdır,2014,high_justice_flow,0,0,0.04816146738491755,out_of_fold
Wide Coverage Flow Model,random_forest,Iğdır,2015,high_justice_flow,0,0,0.07796149547728297,out_of_fold
Wide Coverage Flow Model,random_forest,Iğdır,2016,high_justice_flow,0,0,0.06198985965696293,out_of_fold
Wide Coverage Flow Model,random_forest,Iğdır,2017,high_justice_flow,0,0,0.08173232881061629,out_of_fold
Wide Coverage Flow Model,random_forest,Iğdır,2018,high_justice_flow,0,0,0.08841927969871413,out_of_fold
Wide Coverage Flow Model,random_forest,Iğdır,2019,high_justice_flow,0,0,0.09156664531251002,out_of_fold
Wide Coverage Flow Model,random_forest,Iğdır,2020,high_justice_flow,0,0,0.10801647032898735,out_of_fold
Wide Coverage Flow Model,random_forest,Iğdır,2021,high_justice_flow,0,0,0.030212854956599977,out_of_fold
Wide Coverage Flow Model,random_forest,Kahramanmaraş,2011,high_justice_flow,1,1,0.9271785714285715,out_of_fold
Wide Coverage Flow Model,random_forest,Kahramanmaraş,2012,high_justice_flow,1,1,0.9514910714285715,out_of_fold
Wide Coverage Flow Model,random_forest,Kahramanmaraş,2013,high_justice_flow,1,1,0.9525149535423927,out_of_fold
Wide Coverage Flow Model,random_forest,Kahramanmaraş,2014,high_justice_flow,1,1,0.9940474210748601,out_of_fold
Wide Coverage Flow Model,random_forest,Kahramanmaraş,2015,high_justice_flow,1,1,0.9902282695374801,out_of_fold
Wide Coverage Flow Model,random_forest,Kahramanmaraş,2016,high_justice_flow,1,1,0.9887973484848485,out_of_fold
Wide Coverage Flow Model,random_forest,Kahramanmaraş,2017,high_justice_flow,1,1,0.9862140151515153,out_of_fold
Wide Coverage Flow Model,random_forest,Kahramanmaraş,2018,high_justice_flow,1,1,0.9979037698412698,out_of_fold
Wide Coverage Flow Model,random_forest,Kahramanmaraş,2019,high_justice_flow,1,1,0.9991609126984126,out_of_fold
Wide Coverage Flow Model,random_forest,Kahramanmaraş,2020,high_justice_flow,1,1,0.9955362919262309,out_of_fold
Wide Coverage Flow Model,random_forest,Kahramanmaraş,2021,high_justice_flow,1,1,0.9986888888888891,out_of_fold
Wide Coverage Flow Model,random_forest,Karabük,2011,high_justice_flow,0,0,0.09119681306754704,out_of_fold
Wide Coverage Flow Model,random_forest,Karabük,2012,high_justice_flow,0,0,0.0709702334309231,out_of_fold
Wide Coverage Flow Model,random_forest,Karabük,2013,high_justice_flow,0,0,0.07161167459067355,out_of_fold
Wide Coverage Flow Model,random_forest,Karabük,2014,high_justice_flow,0,0,0.06357151434441576,out_of_fold
Wide Coverage Flow Model,random_forest,Karabük,2015,high_justice_flow,0,0,0.06726706041825775,out_of_fold
Wide Coverage Flow Model,random_forest,Karabük,2016,high_justice_flow,0,0,0.0705427192981619,out_of_fold
Wide Coverage Flow Model,random_forest,Karabük,2017,high_justice_flow,0,0,0.07155938596482857,out_of_fold
Wide Coverage Flow Model,random_forest,Karabük,2018,high_justice_flow,0,0,0.1284478197635782,out_of_fold
Wide Coverage Flow Model,random_forest,Karabük,2019,high_justice_flow,0,0,0.14762523207294956,out_of_fold
Wide Coverage Flow Model,random_forest,Karabük,2020,high_justice_flow,0,0,0.16216265115770598,out_of_fold
Wide Coverage Flow Model,random_forest,Karabük,2021,high_justice_flow,0,0,0.16371544129027882,out_of_fold
Wide Coverage Flow Model,random_forest,Karaman,2011,high_justice_flow,0,0,0.318859435133115,out_of_fold
Wide Coverage Flow Model,random_forest,Karaman,2012,high_justice_flow,0,0,0.319630230024763,out_of_fold
Wide Coverage Flow Model,random_forest,Karaman,2013,high_justice_flow,0,0,0.31560606587538664,out_of_fold
Wide Coverage Flow Model,random_forest,Karaman,2014,high_justice_flow,0,0,0.3379292721033878,out_of_fold
Wide Coverage Flow Model,random_forest,Karaman,2015,high_justice_flow,0,0,0.32948442422698626,out_of_fold
Wide Coverage Flow Model,random_forest,Karaman,2016,high_justice_flow,0,0,0.3245751883834707,out_of_fold
Wide Coverage Flow Model,random_forest,Karaman,2017,high_justice_flow,0,0,0.3321238651752107,out_of_fold
Wide Coverage Flow Model,random_forest,Karaman,2018,high_justice_flow,0,0,0.3209749481928559,out_of_fold
Wide Coverage Flow Model,random_forest,Karaman,2019,high_justice_flow,0,0,0.3264643579766205,out_of_fold
Wide Coverage Flow Model,random_forest,Karaman,2020,high_justice_flow,0,0,0.32263948955293315,out_of_fold
Wide Coverage Flow Model,random_forest,Karaman,2021,high_justice_flow,0,0,0.34173597415195195,out_of_fold
Wide Coverage Flow Model,random_forest,Kars,2011,high_justice_flow,0,0,0.02457790044658135,out_of_fold
Wide Coverage Flow Model,random_forest,Kars,2012,high_justice_flow,0,0,0.018986021015383044,out_of_fold
Wide Coverage Flow Model,random_forest,Kars,2013,high_justice_flow,0,0,0.016039051318413343,out_of_fold
Wide Coverage Flow Model,random_forest,Kars,2014,high_justice_flow,0,0,0.004593148794724443,out_of_fold
Wide Coverage Flow Model,random_forest,Kars,2015,high_justice_flow,0,0,0.005525112440397767,out_of_fold
Wide Coverage Flow Model,random_forest,Kars,2016,high_justice_flow,0,0,0.003057637053618582,out_of_fold
Wide Coverage Flow Model,random_forest,Kars,2017,high_justice_flow,0,0,0.003390970386951916,out_of_fold
Wide Coverage Flow Model,random_forest,Kars,2018,high_justice_flow,0,0,0.0032037046493894102,out_of_fold
Wide Coverage Flow Model,random_forest,Kars,2019,high_justice_flow,0,0,0.0032037046493894102,out_of_fold
Wide Coverage Flow Model,random_forest,Kars,2020,high_justice_flow,0,0,0.005411984139675228,out_of_fold
Wide Coverage Flow Model,random_forest,Kars,2021,high_justice_flow,0,0,0.007781890506254064,out_of_fold
Wide Coverage Flow Model,random_forest,Kastamonu,2011,high_justice_flow,0,0,0.13797882722786586,out_of_fold
Wide Coverage Flow Model,random_forest,Kastamonu,2012,high_justice_flow,0,0,0.09179196989455535,out_of_fold
Wide Coverage Flow Model,random_forest,Kastamonu,2013,high_justice_flow,0,0,0.08631215066205045,out_of_fold
Wide Coverage Flow Model,random_forest,Kastamonu,2014,high_justice_flow,0,0,0.09157191670145469,out_of_fold
Wide Coverage Flow Model,random_forest,Kastamonu,2015,high_justice_flow,0,0,0.05484965130696767,out_of_fold
Wide Coverage Flow Model,random_forest,Kastamonu,2016,high_justice_flow,0,0,0.06582816920466421,out_of_fold
Wide Coverage Flow Model,random_forest,Kastamonu,2017,high_justice_flow,0,0,0.16135670008313555,out_of_fold
Wide Coverage Flow Model,random_forest,Kastamonu,2018,high_justice_flow,0,0,0.17126878328686945,out_of_fold
Wide Coverage Flow Model,random_forest,Kastamonu,2019,high_justice_flow,0,0,0.11048755855117921,out_of_fold
Wide Coverage Flow Model,random_forest,Kastamonu,2020,high_justice_flow,0,0,0.18947648574602347,out_of_fold
Wide Coverage Flow Model,random_forest,Kastamonu,2021,high_justice_flow,0,0,0.23773912728960872,out_of_fold
Wide Coverage Flow Model,random_forest,Kayseri,2011,high_justice_flow,1,1,0.8451973495773609,out_of_fold
Wide Coverage Flow Model,random_forest,Kayseri,2012,high_justice_flow,1,1,0.8512856382642991,out_of_fold
Wide Coverage Flow Model,random_forest,Kayseri,2013,high_justice_flow,1,1,0.8424928044641123,out_of_fold
Wide Coverage Flow Model,random_forest,Kayseri,2014,high_justice_flow,1,1,0.850850699479675,out_of_fold
Wide Coverage Flow Model,random_forest,Kayseri,2015,high_justice_flow,1,1,0.8810062379796555,out_of_fold
Wide Coverage Flow Model,random_forest,Kayseri,2016,high_justice_flow,1,1,0.9118855715639052,out_of_fold
Wide Coverage Flow Model,random_forest,Kayseri,2017,high_justice_flow,1,1,0.878048329379221,out_of_fold
Wide Coverage Flow Model,random_forest,Kayseri,2018,high_justice_flow,1,1,0.8384870523976798,out_of_fold
Wide Coverage Flow Model,random_forest,Kayseri,2019,high_justice_flow,1,1,0.819926974694745,out_of_fold
Wide Coverage Flow Model,random_forest,Kayseri,2020,high_justice_flow,1,1,0.8143401496837056,out_of_fold
Wide Coverage Flow Model,random_forest,Kayseri,2021,high_justice_flow,1,1,0.8685570573087484,out_of_fold
Wide Coverage Flow Model,random_forest,Kilis,2011,high_justice_flow,0,0,0.14344187696931485,out_of_fold
Wide Coverage Flow Model,random_forest,Kilis,2012,high_justice_flow,0,0,0.12244291055427668,out_of_fold
Wide Coverage Flow Model,random_forest,Kilis,2013,high_justice_flow,0,0,0.08028120467238198,out_of_fold
Wide Coverage Flow Model,random_forest,Kilis,2014,high_justice_flow,0,0,0.06894523872596639,out_of_fold
Wide Coverage Flow Model,random_forest,Kilis,2015,high_justice_flow,0,0,0.07155420801092809,out_of_fold
Wide Coverage Flow Model,random_forest,Kilis,2016,high_justice_flow,0,0,0.06439984572034504,out_of_fold
Wide Coverage Flow Model,random_forest,Kilis,2017,high_justice_flow,0,0,0.09983607859294684,out_of_fold
Wide Coverage Flow Model,random_forest,Kilis,2018,high_justice_flow,0,0,0.061996825880205615,out_of_fold
Wide Coverage Flow Model,random_forest,Kilis,2019,high_justice_flow,0,0,0.07118897676093408,out_of_fold
Wide Coverage Flow Model,random_forest,Kilis,2020,high_justice_flow,0,0,0.09247649179985407,out_of_fold
Wide Coverage Flow Model,random_forest,Kilis,2021,high_justice_flow,0,0,0.08455837342477109,out_of_fold
Wide Coverage Flow Model,random_forest,Kocaeli,2011,high_justice_flow,1,1,0.8992626393974272,out_of_fold
Wide Coverage Flow Model,random_forest,Kocaeli,2012,high_justice_flow,1,1,0.8935961123750756,out_of_fold
Wide Coverage Flow Model,random_forest,Kocaeli,2013,high_justice_flow,1,1,0.8782988693585648,out_of_fold
Wide Coverage Flow Model,random_forest,Kocaeli,2014,high_justice_flow,1,1,0.8730723377901439,out_of_fold
Wide Coverage Flow Model,random_forest,Kocaeli,2015,high_justice_flow,1,1,0.8631087735765799,out_of_fold
Wide Coverage Flow Model,random_forest,Kocaeli,2016,high_justice_flow,1,1,0.8775157719569564,out_of_fold
Wide Coverage Flow Model,random_forest,Kocaeli,2017,high_justice_flow,1,1,0.8998709115140384,out_of_fold
Wide Coverage Flow Model,random_forest,Kocaeli,2018,high_justice_flow,1,1,0.9020530196353769,out_of_fold
Wide Coverage Flow Model,random_forest,Kocaeli,2019,high_justice_flow,1,1,0.9174590459748712,out_of_fold
Wide Coverage Flow Model,random_forest,Kocaeli,2020,high_justice_flow,1,1,0.8803776652608799,out_of_fold
Wide Coverage Flow Model,random_forest,Kocaeli,2021,high_justice_flow,1,1,0.8732284629244433,out_of_fold
Wide Coverage Flow Model,random_forest,Konya,2011,high_justice_flow,1,1,0.8516334803562781,out_of_fold
Wide Coverage Flow Model,random_forest,Konya,2012,high_justice_flow,1,1,0.8718559879513066,out_of_fold
Wide Coverage Flow Model,random_forest,Konya,2013,high_justice_flow,1,1,0.865122663455968,out_of_fold
Wide Coverage Flow Model,random_forest,Konya,2014,high_justice_flow,1,1,0.8551189313407396,out_of_fold
Wide Coverage Flow Model,random_forest,Konya,2015,high_justice_flow,1,1,0.850774588695828,out_of_fold
Wide Coverage Flow Model,random_forest,Konya,2016,high_justice_flow,1,1,0.8466710732768621,out_of_fold
Wide Coverage Flow Model,random_forest,Konya,2017,high_justice_flow,1,1,0.8596703911948628,out_of_fold
Wide Coverage Flow Model,random_forest,Konya,2018,high_justice_flow,1,1,0.8691914090370539,out_of_fold
Wide Coverage Flow Model,random_forest,Konya,2019,high_justice_flow,1,1,0.8851323066599132,out_of_fold
Wide Coverage Flow Model,random_forest,Konya,2020,high_justice_flow,1,1,0.8608227873224407,out_of_fold
Wide Coverage Flow Model,random_forest,Konya,2021,high_justice_flow,1,1,0.8545596776842254,out_of_fold
Wide Coverage Flow Model,random_forest,Kütahya,2011,high_justice_flow,1,1,0.7873397082723322,out_of_fold
Wide Coverage Flow Model,random_forest,Kütahya,2012,high_justice_flow,1,1,0.7913129466558965,out_of_fold
Wide Coverage Flow Model,random_forest,Kütahya,2013,high_justice_flow,1,1,0.762085058621858,out_of_fold
Wide Coverage Flow Model,random_forest,Kütahya,2014,high_justice_flow,1,1,0.7075931669078557,out_of_fold
Wide Coverage Flow Model,random_forest,Kütahya,2015,high_justice_flow,1,1,0.7218919513671403,out_of_fold
Wide Coverage Flow Model,random_forest,Kütahya,2016,high_justice_flow,1,1,0.7159865369665992,out_of_fold
Wide Coverage Flow Model,random_forest,Kütahya,2017,high_justice_flow,0,1,0.7349696572055335,out_of_fold
Wide Coverage Flow Model,random_forest,Kütahya,2018,high_justice_flow,1,1,0.7314778033883123,out_of_fold
Wide Coverage Flow Model,random_forest,Kütahya,2019,high_justice_flow,1,1,0.7096066886448589,out_of_fold
Wide Coverage Flow Model,random_forest,Kütahya,2020,high_justice_flow,1,1,0.6653538277184016,out_of_fold
Wide Coverage Flow Model,random_forest,Kütahya,2021,high_justice_flow,1,1,0.6718190200561837,out_of_fold
Wide Coverage Flow Model,random_forest,Kırklareli,2011,high_justice_flow,0,0,0.41102637743872417,out_of_fold
Wide Coverage Flow Model,random_forest,Kırklareli,2012,high_justice_flow,0,0,0.42720038628205814,out_of_fold
Wide Coverage Flow Model,random_forest,Kırklareli,2013,high_justice_flow,0,0,0.4304758162415914,out_of_fold
Wide Coverage Flow Model,random_forest,Kırklareli,2014,high_justice_flow,0,0,0.41941209357735537,out_of_fold
Wide Coverage Flow Model,random_forest,Kırklareli,2015,high_justice_flow,0,0,0.44275707341772924,out_of_fold
Wide Coverage Flow Model,random_forest,Kırklareli,2016,high_justice_flow,0,0,0.44120115239411123,out_of_fold
Wide Coverage Flow Model,random_forest,Kırklareli,2017,high_justice_flow,0,1,0.5502284396411398,out_of_fold
Wide Coverage Flow Model,random_forest,Kırklareli,2018,high_justice_flow,0,0,0.4950554902120784,out_of_fold
Wide Coverage Flow Model,random_forest,Kırklareli,2019,high_justice_flow,0,0,0.49787223973814176,out_of_fold
Wide Coverage Flow Model,random_forest,Kırklareli,2020,high_justice_flow,0,1,0.6394782107258473,out_of_fold
Wide Coverage Flow Model,random_forest,Kırklareli,2021,high_justice_flow,0,1,0.713583152202499,out_of_fold
Wide Coverage Flow Model,random_forest,Kırıkkale,2011,high_justice_flow,0,0,0.06515009035226899,out_of_fold
Wide Coverage Flow Model,random_forest,Kırıkkale,2012,high_justice_flow,0,0,0.06649050559075179,out_of_fold
Wide Coverage Flow Model,random_forest,Kırıkkale,2013,high_justice_flow,0,0,0.07225680898999215,out_of_fold
Wide Coverage Flow Model,random_forest,Kırıkkale,2014,high_justice_flow,0,0,0.05788166311278066,out_of_fold
Wide Coverage Flow Model,random_forest,Kırıkkale,2015,high_justice_flow,0,0,0.06115013075624829,out_of_fold
Wide Coverage Flow Model,random_forest,Kırıkkale,2016,high_justice_flow,0,0,0.06660990862344779,out_of_fold
Wide Coverage Flow Model,random_forest,Kırıkkale,2017,high_justice_flow,0,0,0.06863351002204918,out_of_fold
Wide Coverage Flow Model,random_forest,Kırıkkale,2018,high_justice_flow,0,0,0.09101904062837315,out_of_fold
Wide Coverage Flow Model,random_forest,Kırıkkale,2019,high_justice_flow,0,0,0.051458394647279276,out_of_fold
Wide Coverage Flow Model,random_forest,Kırıkkale,2020,high_justice_flow,0,0,0.04869925587367155,out_of_fold
Wide Coverage Flow Model,random_forest,Kırıkkale,2021,high_justice_flow,0,0,0.0503183258419471,out_of_fold
Wide Coverage Flow Model,random_forest,Kırşehir,2011,high_justice_flow,0,0,0.07018405481728814,out_of_fold
Wide Coverage Flow Model,random_forest,Kırşehir,2012,high_justice_flow,0,0,0.07098037816179219,out_of_fold
Wide Coverage Flow Model,random_forest,Kırşehir,2013,high_justice_flow,0,0,0.04893657979512797,out_of_fold
Wide Coverage Flow Model,random_forest,Kırşehir,2014,high_justice_flow,0,0,0.07227956954704134,out_of_fold
Wide Coverage Flow Model,random_forest,Kırşehir,2015,high_justice_flow,0,0,0.0823140663002881,out_of_fold
Wide Coverage Flow Model,random_forest,Kırşehir,2016,high_justice_flow,0,0,0.08690142173117618,out_of_fold
Wide Coverage Flow Model,random_forest,Kırşehir,2017,high_justice_flow,0,0,0.08705714435705592,out_of_fold
Wide Coverage Flow Model,random_forest,Kırşehir,2018,high_justice_flow,0,0,0.06112815996175829,out_of_fold
Wide Coverage Flow Model,random_forest,Kırşehir,2019,high_justice_flow,0,0,0.06524611920114609,out_of_fold
Wide Coverage Flow Model,random_forest,Kırşehir,2020,high_justice_flow,0,0,0.09011905972324444,out_of_fold
Wide Coverage Flow Model,random_forest,Kırşehir,2021,high_justice_flow,0,0,0.09267992434956447,out_of_fold
Wide Coverage Flow Model,random_forest,Malatya,2011,high_justice_flow,1,1,0.8799514935028873,out_of_fold
Wide Coverage Flow Model,random_forest,Malatya,2012,high_justice_flow,1,1,0.8762007076424443,out_of_fold
Wide Coverage Flow Model,random_forest,Malatya,2013,high_justice_flow,1,1,0.8810513569930936,out_of_fold
Wide Coverage Flow Model,random_forest,Malatya,2014,high_justice_flow,1,1,0.8687490768386077,out_of_fold
Wide Coverage Flow Model,random_forest,Malatya,2015,high_justice_flow,1,1,0.8616438757659834,out_of_fold
Wide Coverage Flow Model,random_forest,Malatya,2016,high_justice_flow,1,1,0.8398858486258136,out_of_fold
Wide Coverage Flow Model,random_forest,Malatya,2017,high_justice_flow,1,1,0.8479506193981432,out_of_fold
Wide Coverage Flow Model,random_forest,Malatya,2018,high_justice_flow,1,1,0.8444055634644815,out_of_fold
Wide Coverage Flow Model,random_forest,Malatya,2019,high_justice_flow,1,1,0.7612711062389032,out_of_fold
Wide Coverage Flow Model,random_forest,Malatya,2020,high_justice_flow,1,1,0.7744112110029401,out_of_fold
Wide Coverage Flow Model,random_forest,Malatya,2021,high_justice_flow,1,1,0.7425275615145437,out_of_fold
Wide Coverage Flow Model,random_forest,Manisa,2011,high_justice_flow,1,1,0.9907250261402293,out_of_fold
Wide Coverage Flow Model,random_forest,Manisa,2012,high_justice_flow,1,1,0.9941704626481658,out_of_fold
Wide Coverage Flow Model,random_forest,Manisa,2013,high_justice_flow,1,1,0.9933510182037213,out_of_fold
Wide Coverage Flow Model,random_forest,Manisa,2014,high_justice_flow,1,1,0.9717864413232299,out_of_fold
Wide Coverage Flow Model,random_forest,Manisa,2015,high_justice_flow,1,1,0.9827679228047113,out_of_fold
Wide Coverage Flow Model,random_forest,Manisa,2016,high_justice_flow,1,1,0.9787953788321673,out_of_fold
Wide Coverage Flow Model,random_forest,Manisa,2017,high_justice_flow,1,1,0.9802345560851744,out_of_fold
Wide Coverage Flow Model,random_forest,Manisa,2018,high_justice_flow,1,1,0.9583680220487487,out_of_fold
Wide Coverage Flow Model,random_forest,Manisa,2019,high_justice_flow,1,1,0.9783621270383915,out_of_fold
Wide Coverage Flow Model,random_forest,Manisa,2020,high_justice_flow,1,1,0.9534816584614945,out_of_fold
Wide Coverage Flow Model,random_forest,Manisa,2021,high_justice_flow,1,1,0.9589005131491184,out_of_fold
Wide Coverage Flow Model,random_forest,Mardin,2011,high_justice_flow,1,0,0.11005121552064791,out_of_fold
Wide Coverage Flow Model,random_forest,Mardin,2012,high_justice_flow,1,0,0.2153622331608711,out_of_fold
Wide Coverage Flow Model,random_forest,Mardin,2013,high_justice_flow,1,0,0.2003654226367113,out_of_fold
Wide Coverage Flow Model,random_forest,Mardin,2014,high_justice_flow,1,0,0.21358835037634505,out_of_fold
Wide Coverage Flow Model,random_forest,Mardin,2015,high_justice_flow,1,0,0.3511698138836011,out_of_fold
Wide Coverage Flow Model,random_forest,Mardin,2016,high_justice_flow,1,1,0.5273661690698446,out_of_fold
Wide Coverage Flow Model,random_forest,Mardin,2017,high_justice_flow,1,1,0.8617582555677992,out_of_fold
Wide Coverage Flow Model,random_forest,Mardin,2018,high_justice_flow,1,1,0.7232500068655231,out_of_fold
Wide Coverage Flow Model,random_forest,Mardin,2019,high_justice_flow,1,1,0.7364424641263554,out_of_fold
Wide Coverage Flow Model,random_forest,Mardin,2020,high_justice_flow,1,1,0.8375214639444829,out_of_fold
Wide Coverage Flow Model,random_forest,Mardin,2021,high_justice_flow,1,1,0.7688970101172151,out_of_fold
Wide Coverage Flow Model,random_forest,Mersin,2011,high_justice_flow,1,1,0.9895610270714335,out_of_fold
Wide Coverage Flow Model,random_forest,Mersin,2012,high_justice_flow,1,1,0.9919099854047667,out_of_fold
Wide Coverage Flow Model,random_forest,Mersin,2013,high_justice_flow,1,1,0.9787425347940973,out_of_fold
Wide Coverage Flow Model,random_forest,Mersin,2014,high_justice_flow,1,1,0.9385971846267662,out_of_fold
Wide Coverage Flow Model,random_forest,Mersin,2015,high_justice_flow,1,1,0.9687281370077189,out_of_fold
Wide Coverage Flow Model,random_forest,Mersin,2016,high_justice_flow,1,1,0.9629056330929984,out_of_fold
Wide Coverage Flow Model,random_forest,Mersin,2017,high_justice_flow,1,1,0.9640755643573052,out_of_fold
Wide Coverage Flow Model,random_forest,Mersin,2018,high_justice_flow,1,1,0.991768546790394,out_of_fold
Wide Coverage Flow Model,random_forest,Mersin,2019,high_justice_flow,1,1,0.987157423819896,out_of_fold
Wide Coverage Flow Model,random_forest,Mersin,2020,high_justice_flow,1,1,0.9878070036331986,out_of_fold
Wide Coverage Flow Model,random_forest,Mersin,2021,high_justice_flow,1,1,0.9813647543930767,out_of_fold
Wide Coverage Flow Model,random_forest,Muğla,2011,high_justice_flow,1,1,0.8702915621030649,out_of_fold
Wide Coverage Flow Model,random_forest,Muğla,2012,high_justice_flow,1,1,0.8596514105879136,out_of_fold
Wide Coverage Flow Model,random_forest,Muğla,2013,high_justice_flow,1,1,0.8557371038747261,out_of_fold
Wide Coverage Flow Model,random_forest,Muğla,2014,high_justice_flow,1,1,0.9784711738836726,out_of_fold
Wide Coverage Flow Model,random_forest,Muğla,2015,high_justice_flow,1,1,0.9793433699769638,out_of_fold
Wide Coverage Flow Model,random_forest,Muğla,2016,high_justice_flow,1,1,0.9679226385240343,out_of_fold
Wide Coverage Flow Model,random_forest,Muğla,2017,high_justice_flow,1,1,0.9560661356691925,out_of_fold
Wide Coverage Flow Model,random_forest,Muğla,2018,high_justice_flow,1,1,0.9779449475706304,out_of_fold
Wide Coverage Flow Model,random_forest,Muğla,2019,high_justice_flow,1,1,0.9693208653032015,out_of_fold
Wide Coverage Flow Model,random_forest,Muğla,2020,high_justice_flow,1,1,0.9457947516637374,out_of_fold
Wide Coverage Flow Model,random_forest,Muğla,2021,high_justice_flow,1,1,0.9612012724412002,out_of_fold
Wide Coverage Flow Model,random_forest,Muş,2011,high_justice_flow,0,0,0.08536628250522243,out_of_fold
Wide Coverage Flow Model,random_forest,Muş,2012,high_justice_flow,0,0,0.07350587167422334,out_of_fold
Wide Coverage Flow Model,random_forest,Muş,2013,high_justice_flow,0,0,0.09212948499342494,out_of_fold
Wide Coverage Flow Model,random_forest,Muş,2014,high_justice_flow,0,0,0.09024832375700054,out_of_fold
Wide Coverage Flow Model,random_forest,Muş,2015,high_justice_flow,0,0,0.12452469464585501,out_of_fold
Wide Coverage Flow Model,random_forest,Muş,2016,high_justice_flow,0,0,0.10304955165633045,out_of_fold
Wide Coverage Flow Model,random_forest,Muş,2017,high_justice_flow,0,0,0.10723010721188599,out_of_fold
Wide Coverage Flow Model,random_forest,Muş,2018,high_justice_flow,0,0,0.09075752578426576,out_of_fold
Wide Coverage Flow Model,random_forest,Muş,2019,high_justice_flow,0,0,0.060640848219018856,out_of_fold
Wide Coverage Flow Model,random_forest,Muş,2020,high_justice_flow,0,0,0.06600532941038724,out_of_fold
Wide Coverage Flow Model,random_forest,Muş,2021,high_justice_flow,0,0,0.0639557620434225,out_of_fold
Wide Coverage Flow Model,random_forest,Nevşehir,2011,high_justice_flow,0,0,0.024811219884205454,out_of_fold
Wide Coverage Flow Model,random_forest,Nevşehir,2012,high_justice_flow,0,0,0.0313391780371636,out_of_fold
Wide Coverage Flow Model,random_forest,Nevşehir,2013,high_justice_flow,0,0,0.024999739697725266,out_of_fold
Wide Coverage Flow Model,random_forest,Nevşehir,2014,high_justice_flow,0,0,0.016278190735986568,out_of_fold
Wide Coverage Flow Model,random_forest,Nevşehir,2015,high_justice_flow,0,0,0.017888596328224347,out_of_fold
Wide Coverage Flow Model,random_forest,Nevşehir,2016,high_justice_flow,0,0,0.02510722036328331,out_of_fold
Wide Coverage Flow Model,random_forest,Nevşehir,2017,high_justice_flow,0,0,0.024266883529342906,out_of_fold
Wide Coverage Flow Model,random_forest,Nevşehir,2018,high_justice_flow,0,0,0.016213763618058534,out_of_fold
Wide Coverage Flow Model,random_forest,Nevşehir,2019,high_justice_flow,0,0,0.02592084667959365,out_of_fold
Wide Coverage Flow Model,random_forest,Nevşehir,2020,high_justice_flow,0,0,0.037248227631974606,out_of_fold
Wide Coverage Flow Model,random_forest,Nevşehir,2021,high_justice_flow,0,0,0.024168443137531668,out_of_fold
Wide Coverage Flow Model,random_forest,Niğde,2011,high_justice_flow,0,0,0.05893504838624694,out_of_fold
Wide Coverage Flow Model,random_forest,Niğde,2012,high_justice_flow,0,0,0.06424252656024254,out_of_fold
Wide Coverage Flow Model,random_forest,Niğde,2013,high_justice_flow,0,0,0.04895471768871444,out_of_fold
Wide Coverage Flow Model,random_forest,Niğde,2014,high_justice_flow,0,0,0.05774554287261242,out_of_fold
Wide Coverage Flow Model,random_forest,Niğde,2015,high_justice_flow,0,0,0.05267897292209173,out_of_fold
Wide Coverage Flow Model,random_forest,Niğde,2016,high_justice_flow,0,0,0.04414524957021666,out_of_fold
Wide Coverage Flow Model,random_forest,Niğde,2017,high_justice_flow,0,0,0.05518251127056693,out_of_fold
Wide Coverage Flow Model,random_forest,Niğde,2018,high_justice_flow,0,0,0.06955325989286244,out_of_fold
Wide Coverage Flow Model,random_forest,Niğde,2019,high_justice_flow,0,0,0.06558274894348079,out_of_fold
Wide Coverage Flow Model,random_forest,Niğde,2020,high_justice_flow,0,0,0.05480688459104832,out_of_fold
Wide Coverage Flow Model,random_forest,Niğde,2021,high_justice_flow,0,0,0.06654809098601844,out_of_fold
Wide Coverage Flow Model,random_forest,Ordu,2011,high_justice_flow,1,1,0.58639992087521,out_of_fold
Wide Coverage Flow Model,random_forest,Ordu,2012,high_justice_flow,1,1,0.5435039124718486,out_of_fold
Wide Coverage Flow Model,random_forest,Ordu,2013,high_justice_flow,1,1,0.5409721664401026,out_of_fold
Wide Coverage Flow Model,random_forest,Ordu,2014,high_justice_flow,1,1,0.5476090847639664,out_of_fold
Wide Coverage Flow Model,random_forest,Ordu,2015,high_justice_flow,1,1,0.5376392589056378,out_of_fold
Wide Coverage Flow Model,random_forest,Ordu,2016,high_justice_flow,1,1,0.8194027031649576,out_of_fold
Wide Coverage Flow Model,random_forest,Ordu,2017,high_justice_flow,1,1,0.8442886251912328,out_of_fold
Wide Coverage Flow Model,random_forest,Ordu,2018,high_justice_flow,1,1,0.8481630847404779,out_of_fold
Wide Coverage Flow Model,random_forest,Ordu,2019,high_justice_flow,1,1,0.7960441897465829,out_of_fold
Wide Coverage Flow Model,random_forest,Ordu,2020,high_justice_flow,1,1,0.8305593509419765,out_of_fold
Wide Coverage Flow Model,random_forest,Ordu,2021,high_justice_flow,1,1,0.8180568256894513,out_of_fold
Wide Coverage Flow Model,random_forest,Osmaniye,2011,high_justice_flow,0,0,0.3969313512304685,out_of_fold
Wide Coverage Flow Model,random_forest,Osmaniye,2012,high_justice_flow,1,1,0.5265825748493191,out_of_fold
Wide Coverage Flow Model,random_forest,Osmaniye,2013,high_justice_flow,1,0,0.46150099059297145,out_of_fold
Wide Coverage Flow Model,random_forest,Osmaniye,2014,high_justice_flow,1,1,0.5175117544706133,out_of_fold
Wide Coverage Flow Model,random_forest,Osmaniye,2015,high_justice_flow,1,1,0.5675005479828146,out_of_fold
Wide Coverage Flow Model,random_forest,Osmaniye,2016,high_justice_flow,1,1,0.7303277175457284,out_of_fold
Wide Coverage Flow Model,random_forest,Osmaniye,2017,high_justice_flow,1,1,0.7412502545596492,out_of_fold
Wide Coverage Flow Model,random_forest,Osmaniye,2018,high_justice_flow,1,1,0.673265584375642,out_of_fold
Wide Coverage Flow Model,random_forest,Osmaniye,2019,high_justice_flow,1,1,0.5966325917895243,out_of_fold
Wide Coverage Flow Model,random_forest,Osmaniye,2020,high_justice_flow,1,1,0.7557362257121342,out_of_fold
Wide Coverage Flow Model,random_forest,Osmaniye,2021,high_justice_flow,1,1,0.8329113852706488,out_of_fold
Wide Coverage Flow Model,random_forest,Rize,2011,high_justice_flow,0,0,0.02613636564044903,out_of_fold
Wide Coverage Flow Model,random_forest,Rize,2012,high_justice_flow,0,0,0.02694074026427776,out_of_fold
Wide Coverage Flow Model,random_forest,Rize,2013,high_justice_flow,0,0,0.034544134623032734,out_of_fold
Wide Coverage Flow Model,random_forest,Rize,2014,high_justice_flow,0,0,0.045978066469874415,out_of_fold
Wide Coverage Flow Model,random_forest,Rize,2015,high_justice_flow,0,0,0.04188815963757628,out_of_fold
Wide Coverage Flow Model,random_forest,Rize,2016,high_justice_flow,0,0,0.040770167405222345,out_of_fold
Wide Coverage Flow Model,random_forest,Rize,2017,high_justice_flow,0,0,0.04707858468238961,out_of_fold
Wide Coverage Flow Model,random_forest,Rize,2018,high_justice_flow,0,0,0.028567600313802184,out_of_fold
Wide Coverage Flow Model,random_forest,Rize,2019,high_justice_flow,0,0,0.026607662443883403,out_of_fold
Wide Coverage Flow Model,random_forest,Rize,2020,high_justice_flow,0,0,0.08029885853424197,out_of_fold
Wide Coverage Flow Model,random_forest,Rize,2021,high_justice_flow,0,0,0.08047895860567257,out_of_fold
Wide Coverage Flow Model,random_forest,Sakarya,2011,high_justice_flow,1,1,0.8845883893477837,out_of_fold
Wide Coverage Flow Model,random_forest,Sakarya,2012,high_justice_flow,1,1,0.8653092018175509,out_of_fold
Wide Coverage Flow Model,random_forest,Sakarya,2013,high_justice_flow,1,1,0.8460750966370171,out_of_fold
Wide Coverage Flow Model,random_forest,Sakarya,2014,high_justice_flow,1,1,0.8240134694242102,out_of_fold
Wide Coverage Flow Model,random_forest,Sakarya,2015,high_justice_flow,1,1,0.8225737147344554,out_of_fold
Wide Coverage Flow Model,random_forest,Sakarya,2016,high_justice_flow,1,1,0.8121299271982667,out_of_fold
Wide Coverage Flow Model,random_forest,Sakarya,2017,high_justice_flow,1,1,0.8246765772333327,out_of_fold
Wide Coverage Flow Model,random_forest,Sakarya,2018,high_justice_flow,1,1,0.8290807135737898,out_of_fold
Wide Coverage Flow Model,random_forest,Sakarya,2019,high_justice_flow,1,1,0.8503964813742193,out_of_fold
Wide Coverage Flow Model,random_forest,Sakarya,2020,high_justice_flow,1,1,0.8466731059823642,out_of_fold
Wide Coverage Flow Model,random_forest,Sakarya,2021,high_justice_flow,1,1,0.8028298540723557,out_of_fold
Wide Coverage Flow Model,random_forest,Samsun,2011,high_justice_flow,1,1,0.9089756280519046,out_of_fold
Wide Coverage Flow Model,random_forest,Samsun,2012,high_justice_flow,1,1,0.9014696183016083,out_of_fold
Wide Coverage Flow Model,random_forest,Samsun,2013,high_justice_flow,1,1,0.9009601403527067,out_of_fold
Wide Coverage Flow Model,random_forest,Samsun,2014,high_justice_flow,1,1,0.8911254895069527,out_of_fold
Wide Coverage Flow Model,random_forest,Samsun,2015,high_justice_flow,1,1,0.9153773997815877,out_of_fold
Wide Coverage Flow Model,random_forest,Samsun,2016,high_justice_flow,1,1,0.8965363444405321,out_of_fold
Wide Coverage Flow Model,random_forest,Samsun,2017,high_justice_flow,1,1,0.8977992127209969,out_of_fold
Wide Coverage Flow Model,random_forest,Samsun,2018,high_justice_flow,1,1,0.809933291230164,out_of_fold
Wide Coverage Flow Model,random_forest,Samsun,2019,high_justice_flow,1,1,0.7883767644236371,out_of_fold
Wide Coverage Flow Model,random_forest,Samsun,2020,high_justice_flow,1,1,0.8322866709600053,out_of_fold
Wide Coverage Flow Model,random_forest,Samsun,2021,high_justice_flow,1,1,0.8223635760022698,out_of_fold
Wide Coverage Flow Model,random_forest,Siirt,2011,high_justice_flow,0,0,0.1598586561212399,out_of_fold
Wide Coverage Flow Model,random_forest,Siirt,2012,high_justice_flow,0,0,0.15943318558963074,out_of_fold
Wide Coverage Flow Model,random_forest,Siirt,2013,high_justice_flow,0,0,0.14285148294803734,out_of_fold
Wide Coverage Flow Model,random_forest,Siirt,2014,high_justice_flow,0,0,0.2189250327473087,out_of_fold
Wide Coverage Flow Model,random_forest,Siirt,2015,high_justice_flow,0,0,0.2507160526935128,out_of_fold
Wide Coverage Flow Model,random_forest,Siirt,2016,high_justice_flow,0,0,0.24288894717159845,out_of_fold
Wide Coverage Flow Model,random_forest,Siirt,2017,high_justice_flow,0,0,0.2588633091995319,out_of_fold
Wide Coverage Flow Model,random_forest,Siirt,2018,high_justice_flow,0,0,0.11284482907325989,out_of_fold
Wide Coverage Flow Model,random_forest,Siirt,2019,high_justice_flow,0,0,0.09778333946847964,out_of_fold
Wide Coverage Flow Model,random_forest,Siirt,2020,high_justice_flow,0,0,0.1383740518281024,out_of_fold
Wide Coverage Flow Model,random_forest,Siirt,2021,high_justice_flow,0,0,0.12399245341403985,out_of_fold
Wide Coverage Flow Model,random_forest,Sinop,2011,high_justice_flow,0,0,0.13766434146646714,out_of_fold
Wide Coverage Flow Model,random_forest,Sinop,2012,high_justice_flow,0,0,0.12189908756957678,out_of_fold
Wide Coverage Flow Model,random_forest,Sinop,2013,high_justice_flow,0,0,0.12730161161622122,out_of_fold
Wide Coverage Flow Model,random_forest,Sinop,2014,high_justice_flow,0,0,0.06777540276648361,out_of_fold
Wide Coverage Flow Model,random_forest,Sinop,2015,high_justice_flow,0,0,0.0702228992456285,out_of_fold
Wide Coverage Flow Model,random_forest,Sinop,2016,high_justice_flow,0,0,0.0552726515980973,out_of_fold
Wide Coverage Flow Model,random_forest,Sinop,2017,high_justice_flow,0,0,0.06641393659983692,out_of_fold
Wide Coverage Flow Model,random_forest,Sinop,2018,high_justice_flow,0,0,0.07071065589147577,out_of_fold
Wide Coverage Flow Model,random_forest,Sinop,2019,high_justice_flow,0,0,0.05745442194755687,out_of_fold
Wide Coverage Flow Model,random_forest,Sinop,2020,high_justice_flow,0,0,0.0665662762906672,out_of_fold
Wide Coverage Flow Model,random_forest,Sinop,2021,high_justice_flow,0,0,0.0625967017710778,out_of_fold
Wide Coverage Flow Model,random_forest,Sivas,2011,high_justice_flow,1,1,0.5945949112294184,out_of_fold
Wide Coverage Flow Model,random_forest,Sivas,2012,high_justice_flow,1,1,0.6796799827754535,out_of_fold
Wide Coverage Flow Model,random_forest,Sivas,2013,high_justice_flow,1,1,0.6743049827754533,out_of_fold
Wide Coverage Flow Model,random_forest,Sivas,2014,high_justice_flow,1,1,0.6905983835505561,out_of_fold
Wide Coverage Flow Model,random_forest,Sivas,2015,high_justice_flow,1,1,0.7325851469683624,out_of_fold
Wide Coverage Flow Model,random_forest,Sivas,2016,high_justice_flow,1,1,0.6903683600105508,out_of_fold
Wide Coverage Flow Model,random_forest,Sivas,2017,high_justice_flow,1,1,0.6824119727416635,out_of_fold
Wide Coverage Flow Model,random_forest,Sivas,2018,high_justice_flow,1,1,0.703390171837343,out_of_fold
Wide Coverage Flow Model,random_forest,Sivas,2019,high_justice_flow,1,1,0.6885091974856985,out_of_fold
Wide Coverage Flow Model,random_forest,Sivas,2020,high_justice_flow,1,1,0.6987226374803884,out_of_fold
Wide Coverage Flow Model,random_forest,Sivas,2021,high_justice_flow,1,1,0.6772457261285401,out_of_fold
Wide Coverage Flow Model,random_forest,Tekirdağ,2011,high_justice_flow,1,1,0.9678668079619827,out_of_fold
Wide Coverage Flow Model,random_forest,Tekirdağ,2012,high_justice_flow,1,1,0.9574086414151938,out_of_fold
Wide Coverage Flow Model,random_forest,Tekirdağ,2013,high_justice_flow,1,1,0.9584139422955141,out_of_fold
Wide Coverage Flow Model,random_forest,Tekirdağ,2014,high_justice_flow,1,1,0.9780744216188226,out_of_fold
Wide Coverage Flow Model,random_forest,Tekirdağ,2015,high_justice_flow,1,1,0.9745226672328576,out_of_fold
Wide Coverage Flow Model,random_forest,Tekirdağ,2016,high_justice_flow,1,1,0.964094983309307,out_of_fold
Wide Coverage Flow Model,random_forest,Tekirdağ,2017,high_justice_flow,1,1,0.9800869424035785,out_of_fold
Wide Coverage Flow Model,random_forest,Tekirdağ,2018,high_justice_flow,1,1,0.9718260856710481,out_of_fold
Wide Coverage Flow Model,random_forest,Tekirdağ,2019,high_justice_flow,1,1,0.9420274648397027,out_of_fold
Wide Coverage Flow Model,random_forest,Tekirdağ,2020,high_justice_flow,1,1,0.9227468238814687,out_of_fold
Wide Coverage Flow Model,random_forest,Tekirdağ,2021,high_justice_flow,1,1,0.8662637377399725,out_of_fold
Wide Coverage Flow Model,random_forest,Tokat,2011,high_justice_flow,1,0,0.2718362209075275,out_of_fold
Wide Coverage Flow Model,random_forest,Tokat,2012,high_justice_flow,1,0,0.18406281387101564,out_of_fold
Wide Coverage Flow Model,random_forest,Tokat,2013,high_justice_flow,1,0,0.15982679988500162,out_of_fold
Wide Coverage Flow Model,random_forest,Tokat,2014,high_justice_flow,1,0,0.14024830942797675,out_of_fold
Wide Coverage Flow Model,random_forest,Tokat,2015,high_justice_flow,1,0,0.27572695849629975,out_of_fold
Wide Coverage Flow Model,random_forest,Tokat,2016,high_justice_flow,1,0,0.29086352086112577,out_of_fold
Wide Coverage Flow Model,random_forest,Tokat,2017,high_justice_flow,1,0,0.3135453920041671,out_of_fold
Wide Coverage Flow Model,random_forest,Tokat,2018,high_justice_flow,1,0,0.2822880309943507,out_of_fold
Wide Coverage Flow Model,random_forest,Tokat,2019,high_justice_flow,1,0,0.24605090470892998,out_of_fold
Wide Coverage Flow Model,random_forest,Tokat,2020,high_justice_flow,1,0,0.3444210124268825,out_of_fold
Wide Coverage Flow Model,random_forest,Tokat,2021,high_justice_flow,1,0,0.43574869831163915,out_of_fold
Wide Coverage Flow Model,random_forest,Trabzon,2011,high_justice_flow,1,1,0.854579300068612,out_of_fold
Wide Coverage Flow Model,random_forest,Trabzon,2012,high_justice_flow,1,1,0.8469194282919372,out_of_fold
Wide Coverage Flow Model,random_forest,Trabzon,2013,high_justice_flow,1,1,0.8398244106552528,out_of_fold
Wide Coverage Flow Model,random_forest,Trabzon,2014,high_justice_flow,1,1,0.7953094624694238,out_of_fold
Wide Coverage Flow Model,random_forest,Trabzon,2015,high_justice_flow,1,1,0.791446878785168,out_of_fold
Wide Coverage Flow Model,random_forest,Trabzon,2016,high_justice_flow,1,1,0.7909670243652209,out_of_fold
Wide Coverage Flow Model,random_forest,Trabzon,2017,high_justice_flow,1,1,0.8014745027688764,out_of_fold
Wide Coverage Flow Model,random_forest,Trabzon,2018,high_justice_flow,1,1,0.8400144985181445,out_of_fold
Wide Coverage Flow Model,random_forest,Trabzon,2019,high_justice_flow,1,1,0.8277871972710293,out_of_fold
Wide Coverage Flow Model,random_forest,Trabzon,2020,high_justice_flow,1,1,0.870972736685639,out_of_fold
Wide Coverage Flow Model,random_forest,Trabzon,2021,high_justice_flow,1,1,0.8309361401918575,out_of_fold
Wide Coverage Flow Model,random_forest,Tunceli,2011,high_justice_flow,0,0,0.2838793033283605,out_of_fold
Wide Coverage Flow Model,random_forest,Tunceli,2012,high_justice_flow,0,0,0.25763950723049545,out_of_fold
Wide Coverage Flow Model,random_forest,Tunceli,2013,high_justice_flow,0,0,0.25908543097312686,out_of_fold
Wide Coverage Flow Model,random_forest,Tunceli,2014,high_justice_flow,0,0,0.235217691125345,out_of_fold
Wide Coverage Flow Model,random_forest,Tunceli,2015,high_justice_flow,0,0,0.19639154938803494,out_of_fold
Wide Coverage Flow Model,random_forest,Tunceli,2016,high_justice_flow,0,0,0.18347488272136825,out_of_fold
Wide Coverage Flow Model,random_forest,Tunceli,2017,high_justice_flow,0,0,0.16279720894838196,out_of_fold
Wide Coverage Flow Model,random_forest,Tunceli,2018,high_justice_flow,0,0,0.13334411773737162,out_of_fold
Wide Coverage Flow Model,random_forest,Tunceli,2019,high_justice_flow,0,0,0.13734990381681064,out_of_fold
Wide Coverage Flow Model,random_forest,Tunceli,2020,high_justice_flow,0,0,0.14105674272066862,out_of_fold
Wide Coverage Flow Model,random_forest,Tunceli,2021,high_justice_flow,0,0,0.12096807468254886,out_of_fold
Wide Coverage Flow Model,random_forest,Uşak,2011,high_justice_flow,0,1,0.6288004753597097,out_of_fold
Wide Coverage Flow Model,random_forest,Uşak,2012,high_justice_flow,0,1,0.627225737597472,out_of_fold
Wide Coverage Flow Model,random_forest,Uşak,2013,high_justice_flow,0,1,0.6336316719409063,out_of_fold
Wide Coverage Flow Model,random_forest,Uşak,2014,high_justice_flow,0,1,0.6731144705464023,out_of_fold
Wide Coverage Flow Model,random_forest,Uşak,2015,high_justice_flow,0,1,0.7009642077337673,out_of_fold
Wide Coverage Flow Model,random_forest,Uşak,2016,high_justice_flow,0,1,0.8412200810191922,out_of_fold
Wide Coverage Flow Model,random_forest,Uşak,2017,high_justice_flow,0,1,0.8161263813322265,out_of_fold
Wide Coverage Flow Model,random_forest,Uşak,2018,high_justice_flow,0,1,0.8001997476017266,out_of_fold
Wide Coverage Flow Model,random_forest,Uşak,2019,high_justice_flow,0,1,0.7945945517355013,out_of_fold
Wide Coverage Flow Model,random_forest,Uşak,2020,high_justice_flow,0,1,0.8394905917996331,out_of_fold
Wide Coverage Flow Model,random_forest,Uşak,2021,high_justice_flow,0,1,0.8136220985690076,out_of_fold
Wide Coverage Flow Model,random_forest,Van,2011,high_justice_flow,1,0,0.08409300136865092,out_of_fold
Wide Coverage Flow Model,random_forest,Van,2012,high_justice_flow,1,0,0.48111098716582135,out_of_fold
Wide Coverage Flow Model,random_forest,Van,2013,high_justice_flow,1,0,0.40639895863582737,out_of_fold
Wide Coverage Flow Model,random_forest,Van,2014,high_justice_flow,1,1,0.5688297838886962,out_of_fold
Wide Coverage Flow Model,random_forest,Van,2015,high_justice_flow,1,1,0.7623664524426872,out_of_fold
Wide Coverage Flow Model,random_forest,Van,2016,high_justice_flow,1,1,0.7886926764526119,out_of_fold
Wide Coverage Flow Model,random_forest,Van,2017,high_justice_flow,1,1,0.7873121733079578,out_of_fold
Wide Coverage Flow Model,random_forest,Van,2018,high_justice_flow,1,1,0.8349769007969635,out_of_fold
Wide Coverage Flow Model,random_forest,Van,2019,high_justice_flow,1,1,0.8625592845825963,out_of_fold
Wide Coverage Flow Model,random_forest,Van,2020,high_justice_flow,1,1,0.8944319560615636,out_of_fold
Wide Coverage Flow Model,random_forest,Van,2021,high_justice_flow,1,1,0.8321857444567411,out_of_fold
Wide Coverage Flow Model,random_forest,Yalova,2011,high_justice_flow,0,0,0.3624962572052327,out_of_fold
Wide Coverage Flow Model,random_forest,Yalova,2012,high_justice_flow,0,0,0.2932343744264188,out_of_fold
Wide Coverage Flow Model,random_forest,Yalova,2013,high_justice_flow,0,0,0.2982468203138648,out_of_fold
Wide Coverage Flow Model,random_forest,Yalova,2014,high_justice_flow,0,0,0.3157925981387957,out_of_fold
Wide Coverage Flow Model,random_forest,Yalova,2015,high_justice_flow,0,0,0.3080394377674576,out_of_fold
Wide Coverage Flow Model,random_forest,Yalova,2016,high_justice_flow,0,0,0.3041099648757422,out_of_fold
Wide Coverage Flow Model,random_forest,Yalova,2017,high_justice_flow,0,0,0.3054587155402823,out_of_fold
Wide Coverage Flow Model,random_forest,Yalova,2018,high_justice_flow,0,0,0.320503424640669,out_of_fold
Wide Coverage Flow Model,random_forest,Yalova,2019,high_justice_flow,0,0,0.3161941368179304,out_of_fold
Wide Coverage Flow Model,random_forest,Yalova,2020,high_justice_flow,0,0,0.4121307407697614,out_of_fold
Wide Coverage Flow Model,random_forest,Yalova,2021,high_justice_flow,0,0,0.4562586710367198,out_of_fold
Wide Coverage Flow Model,random_forest,Yozgat,2011,high_justice_flow,0,0,0.10710495500602209,out_of_fold
Wide Coverage Flow Model,random_forest,Yozgat,2012,high_justice_flow,0,0,0.09253821275323823,out_of_fold
Wide Coverage Flow Model,random_forest,Yozgat,2013,high_justice_flow,0,0,0.060087160107212725,out_of_fold
Wide Coverage Flow Model,random_forest,Yozgat,2014,high_justice_flow,0,0,0.0435087409311124,out_of_fold
Wide Coverage Flow Model,random_forest,Yozgat,2015,high_justice_flow,0,0,0.04575338897637332,out_of_fold
Wide Coverage Flow Model,random_forest,Yozgat,2016,high_justice_flow,0,0,0.0604640191204393,out_of_fold
Wide Coverage Flow Model,random_forest,Yozgat,2017,high_justice_flow,0,0,0.041843860152272476,out_of_fold
Wide Coverage Flow Model,random_forest,Yozgat,2018,high_justice_flow,0,0,0.03921307319057796,out_of_fold
Wide Coverage Flow Model,random_forest,Yozgat,2019,high_justice_flow,0,0,0.05431671464716059,out_of_fold
Wide Coverage Flow Model,random_forest,Yozgat,2020,high_justice_flow,0,0,0.026647424325219805,out_of_fold
Wide Coverage Flow Model,random_forest,Yozgat,2021,high_justice_flow,0,0,0.06859412729718872,out_of_fold
Wide Coverage Flow Model,random_forest,Zonguldak,2011,high_justice_flow,1,1,0.5708081214307801,out_of_fold
Wide Coverage Flow Model,random_forest,Zonguldak,2012,high_justice_flow,1,1,0.5142340046873084,out_of_fold
Wide Coverage Flow Model,random_forest,Zonguldak,2013,high_justice_flow,1,1,0.500250233814332,out_of_fold
Wide Coverage Flow Model,random_forest,Zonguldak,2014,high_justice_flow,1,0,0.496370859716208,out_of_fold
Wide Coverage Flow Model,random_forest,Zonguldak,2015,high_justice_flow,1,0,0.4779451618508549,out_of_fold
Wide Coverage Flow Model,random_forest,Zonguldak,2016,high_justice_flow,1,1,0.513019170809492,out_of_fold
Wide Coverage Flow Model,random_forest,Zonguldak,2017,high_justice_flow,1,1,0.5167717264763428,out_of_fold
Wide Coverage Flow Model,random_forest,Zonguldak,2018,high_justice_flow,1,0,0.4688134944963002,out_of_fold
Wide Coverage Flow Model,random_forest,Zonguldak,2019,high_justice_flow,1,0,0.4604203909444912,out_of_fold
Wide Coverage Flow Model,random_forest,Zonguldak,2020,high_justice_flow,1,0,0.45036188975283786,out_of_fold
Wide Coverage Flow Model,random_forest,Zonguldak,2021,high_justice_flow,1,0,0.4872563625307068,out_of_fold
Wide Coverage Flow Model,random_forest,Çanakkale,2011,high_justice_flow,1,1,0.8460716904960859,out_of_fold
Wide Coverage Flow Model,random_forest,Çanakkale,2012,high_justice_flow,1,1,0.898215580103211,out_of_fold
Wide Coverage Flow Model,random_forest,Çanakkale,2013,high_justice_flow,1,1,0.9018793732066591,out_of_fold
Wide Coverage Flow Model,random_forest,Çanakkale,2014,high_justice_flow,1,1,0.8962127065399923,out_of_fold
Wide Coverage Flow Model,random_forest,Çanakkale,2015,high_justice_flow,1,1,0.9011154843177701,out_of_fold
Wide Coverage Flow Model,random_forest,Çanakkale,2016,high_justice_flow,1,1,0.8897682620955478,out_of_fold
Wide Coverage Flow Model,random_forest,Çanakkale,2017,high_justice_flow,1,1,0.9065623442211517,out_of_fold
Wide Coverage Flow Model,random_forest,Çanakkale,2018,high_justice_flow,1,1,0.9028030354784642,out_of_fold
Wide Coverage Flow Model,random_forest,Çanakkale,2019,high_justice_flow,1,1,0.9002397787120825,out_of_fold
Wide Coverage Flow Model,random_forest,Çanakkale,2020,high_justice_flow,1,1,0.9437511920169741,out_of_fold
Wide Coverage Flow Model,random_forest,Çanakkale,2021,high_justice_flow,1,1,0.9502004834859541,out_of_fold
Wide Coverage Flow Model,random_forest,Çankırı,2011,high_justice_flow,0,0,0.11647685714641956,out_of_fold
Wide Coverage Flow Model,random_forest,Çankırı,2012,high_justice_flow,0,0,0.11149195051383039,out_of_fold
Wide Coverage Flow Model,random_forest,Çankırı,2013,high_justice_flow,0,0,0.11209437770269998,out_of_fold
Wide Coverage Flow Model,random_forest,Çankırı,2014,high_justice_flow,0,0,0.11465279006309118,out_of_fold
Wide Coverage Flow Model,random_forest,Çankırı,2015,high_justice_flow,0,0,0.109644410216476,out_of_fold
Wide Coverage Flow Model,random_forest,Çankırı,2016,high_justice_flow,0,0,0.09372015395427578,out_of_fold
Wide Coverage Flow Model,random_forest,Çankırı,2017,high_justice_flow,0,0,0.09084819793401343,out_of_fold
Wide Coverage Flow Model,random_forest,Çankırı,2018,high_justice_flow,0,0,0.07443425379373723,out_of_fold
Wide Coverage Flow Model,random_forest,Çankırı,2019,high_justice_flow,0,0,0.08316033405012244,out_of_fold
Wide Coverage Flow Model,random_forest,Çankırı,2020,high_justice_flow,0,0,0.09544652215874416,out_of_fold
Wide Coverage Flow Model,random_forest,Çankırı,2021,high_justice_flow,0,0,0.0812713275369601,out_of_fold
Wide Coverage Flow Model,random_forest,Çorum,2011,high_justice_flow,1,0,0.3365142558948944,out_of_fold
Wide Coverage Flow Model,random_forest,Çorum,2012,high_justice_flow,0,0,0.29879326417415497,out_of_fold
Wide Coverage Flow Model,random_forest,Çorum,2013,high_justice_flow,0,0,0.2734253868823647,out_of_fold
Wide Coverage Flow Model,random_forest,Çorum,2014,high_justice_flow,0,0,0.15035881040540958,out_of_fold
Wide Coverage Flow Model,random_forest,Çorum,2015,high_justice_flow,0,0,0.20334118179882232,out_of_fold
Wide Coverage Flow Model,random_forest,Çorum,2016,high_justice_flow,0,0,0.3023992108772317,out_of_fold
Wide Coverage Flow Model,random_forest,Çorum,2017,high_justice_flow,0,0,0.30953417724166515,out_of_fold
Wide Coverage Flow Model,random_forest,Çorum,2018,high_justice_flow,0,0,0.2506182035672558,out_of_fold
Wide Coverage Flow Model,random_forest,Çorum,2019,high_justice_flow,1,0,0.1289295577764606,out_of_fold
Wide Coverage Flow Model,random_forest,Çorum,2020,high_justice_flow,1,0,0.22735084922445187,out_of_fold
Wide Coverage Flow Model,random_forest,Çorum,2021,high_justice_flow,1,0,0.25722003559363826,out_of_fold
Wide Coverage Flow Model,random_forest,İstanbul,2011,high_justice_flow,1,1,0.9542709878799036,out_of_fold
Wide Coverage Flow Model,random_forest,İstanbul,2012,high_justice_flow,1,1,0.9484039089888121,out_of_fold
Wide Coverage Flow Model,random_forest,İstanbul,2013,high_justice_flow,1,1,0.9490772309385612,out_of_fold
Wide Coverage Flow Model,random_forest,İstanbul,2014,high_justice_flow,1,1,0.9331890832454209,out_of_fold
Wide Coverage Flow Model,random_forest,İstanbul,2015,high_justice_flow,1,1,0.9474727192385336,out_of_fold
Wide Coverage Flow Model,random_forest,İstanbul,2016,high_justice_flow,1,1,0.9481050330403549,out_of_fold
Wide Coverage Flow Model,random_forest,İstanbul,2017,high_justice_flow,1,1,0.95748684439135,out_of_fold
Wide Coverage Flow Model,random_forest,İstanbul,2018,high_justice_flow,1,1,0.9578908905881085,out_of_fold
Wide Coverage Flow Model,random_forest,İstanbul,2019,high_justice_flow,1,1,0.9372202347335755,out_of_fold
Wide Coverage Flow Model,random_forest,İstanbul,2020,high_justice_flow,1,1,0.9267971493157597,out_of_fold
Wide Coverage Flow Model,random_forest,İstanbul,2021,high_justice_flow,1,1,0.8510178279624835,out_of_fold
Wide Coverage Flow Model,random_forest,İzmir,2011,high_justice_flow,1,1,0.9562766708423623,out_of_fold
Wide Coverage Flow Model,random_forest,İzmir,2012,high_justice_flow,1,1,0.9687143789043106,out_of_fold
Wide Coverage Flow Model,random_forest,İzmir,2013,high_justice_flow,1,1,0.9740060455709773,out_of_fold
Wide Coverage Flow Model,random_forest,İzmir,2014,high_justice_flow,1,1,0.9890506325915703,out_of_fold
Wide Coverage Flow Model,random_forest,İzmir,2015,high_justice_flow,1,1,0.9771582714804593,out_of_fold
Wide Coverage Flow Model,random_forest,İzmir,2016,high_justice_flow,1,1,0.9534823436093108,out_of_fold
Wide Coverage Flow Model,random_forest,İzmir,2017,high_justice_flow,1,1,0.9449212631396829,out_of_fold
Wide Coverage Flow Model,random_forest,İzmir,2018,high_justice_flow,1,1,0.9470957193846313,out_of_fold
Wide Coverage Flow Model,random_forest,İzmir,2019,high_justice_flow,1,1,0.976991463476871,out_of_fold
Wide Coverage Flow Model,random_forest,İzmir,2020,high_justice_flow,1,1,0.957888735482155,out_of_fold
Wide Coverage Flow Model,random_forest,İzmir,2021,high_justice_flow,1,1,0.9534213756089127,out_of_fold
Wide Coverage Flow Model,random_forest,Şanlıurfa,2011,high_justice_flow,1,1,0.8475044211990443,out_of_fold
Wide Coverage Flow Model,random_forest,Şanlıurfa,2012,high_justice_flow,1,1,0.8642871505056574,out_of_fold
Wide Coverage Flow Model,random_forest,Şanlıurfa,2013,high_justice_flow,1,1,0.8594187570536341,out_of_fold
Wide Coverage Flow Model,random_forest,Şanlıurfa,2014,high_justice_flow,1,1,0.8824497042177673,out_of_fold
Wide Coverage Flow Model,random_forest,Şanlıurfa,2015,high_justice_flow,1,1,0.9106971276959359,out_of_fold
Wide Coverage Flow Model,random_forest,Şanlıurfa,2016,high_justice_flow,1,1,0.9195012955353206,out_of_fold
Wide Coverage Flow Model,random_forest,Şanlıurfa,2017,high_justice_flow,1,1,0.9036439770745455,out_of_fold
Wide Coverage Flow Model,random_forest,Şanlıurfa,2018,high_justice_flow,1,1,0.8728843886231771,out_of_fold
Wide Coverage Flow Model,random_forest,Şanlıurfa,2019,high_justice_flow,1,1,0.8760837887305892,out_of_fold
Wide Coverage Flow Model,random_forest,Şanlıurfa,2020,high_justice_flow,1,1,0.9097702891227076,out_of_fold
Wide Coverage Flow Model,random_forest,Şanlıurfa,2021,high_justice_flow,1,1,0.8731373327553736,out_of_fold
Wide Coverage Flow Model,random_forest,Şırnak,2011,high_justice_flow,0,0,0.2161801900635055,out_of_fold
Wide Coverage Flow Model,random_forest,Şırnak,2012,high_justice_flow,0,0,0.21072373054363663,out_of_fold
Wide Coverage Flow Model,random_forest,Şırnak,2013,high_justice_flow,0,0,0.14171828837258219,out_of_fold
Wide Coverage Flow Model,random_forest,Şırnak,2014,high_justice_flow,0,0,0.14817237507309358,out_of_fold
Wide Coverage Flow Model,random_forest,Şırnak,2015,high_justice_flow,0,0,0.06772879097286669,out_of_fold
Wide Coverage Flow Model,random_forest,Şırnak,2016,high_justice_flow,0,0,0.15722726519734137,out_of_fold
Wide Coverage Flow Model,random_forest,Şırnak,2017,high_justice_flow,1,0,0.262756345295046,out_of_fold
Wide Coverage Flow Model,random_forest,Şırnak,2018,high_justice_flow,0,0,0.2280164988189787,out_of_fold
Wide Coverage Flow Model,random_forest,Şırnak,2019,high_justice_flow,0,0,0.17873456897139106,out_of_fold
Wide Coverage Flow Model,random_forest,Şırnak,2020,high_justice_flow,0,0,0.38293352399800556,out_of_fold
Wide Coverage Flow Model,random_forest,Şırnak,2021,high_justice_flow,0,0,0.37572575240955836,out_of_fold
Wide Coverage Flow Model,xgboost,Adana,2011,high_justice_flow,1,1,0.9995149374008179,out_of_fold
Wide Coverage Flow Model,xgboost,Adana,2012,high_justice_flow,1,1,0.9994916915893555,out_of_fold
Wide Coverage Flow Model,xgboost,Adana,2013,high_justice_flow,1,1,0.9995222091674805,out_of_fold
Wide Coverage Flow Model,xgboost,Adana,2014,high_justice_flow,1,1,0.9995306730270386,out_of_fold
Wide Coverage Flow Model,xgboost,Adana,2015,high_justice_flow,1,1,0.9992421865463257,out_of_fold
Wide Coverage Flow Model,xgboost,Adana,2016,high_justice_flow,1,1,0.9996730089187622,out_of_fold
Wide Coverage Flow Model,xgboost,Adana,2017,high_justice_flow,1,1,0.9995437264442444,out_of_fold
Wide Coverage Flow Model,xgboost,Adana,2018,high_justice_flow,1,1,0.9996398687362671,out_of_fold
Wide Coverage Flow Model,xgboost,Adana,2019,high_justice_flow,1,1,0.9989155530929565,out_of_fold
Wide Coverage Flow Model,xgboost,Adana,2020,high_justice_flow,1,1,0.9996821880340576,out_of_fold
Wide Coverage Flow Model,xgboost,Adana,2021,high_justice_flow,1,1,0.9979669451713562,out_of_fold
Wide Coverage Flow Model,xgboost,Adıyaman,2011,high_justice_flow,0,1,0.7920356392860413,out_of_fold
Wide Coverage Flow Model,xgboost,Adıyaman,2012,high_justice_flow,0,1,0.85831218957901,out_of_fold
Wide Coverage Flow Model,xgboost,Adıyaman,2013,high_justice_flow,0,1,0.8902490735054016,out_of_fold
Wide Coverage Flow Model,xgboost,Adıyaman,2014,high_justice_flow,0,1,0.8119350671768188,out_of_fold
Wide Coverage Flow Model,xgboost,Adıyaman,2015,high_justice_flow,0,0,0.3925016224384308,out_of_fold
Wide Coverage Flow Model,xgboost,Adıyaman,2016,high_justice_flow,0,1,0.6286278963088989,out_of_fold
Wide Coverage Flow Model,xgboost,Adıyaman,2017,high_justice_flow,0,1,0.9603325724601746,out_of_fold
Wide Coverage Flow Model,xgboost,Adıyaman,2018,high_justice_flow,0,1,0.9342105388641357,out_of_fold
Wide Coverage Flow Model,xgboost,Adıyaman,2019,high_justice_flow,0,1,0.886349618434906,out_of_fold
Wide Coverage Flow Model,xgboost,Adıyaman,2020,high_justice_flow,0,0,0.3233763873577118,out_of_fold
Wide Coverage Flow Model,xgboost,Adıyaman,2021,high_justice_flow,0,1,0.6270064115524292,out_of_fold
Wide Coverage Flow Model,xgboost,Afyonkarahisar,2011,high_justice_flow,1,1,0.9969419836997986,out_of_fold
Wide Coverage Flow Model,xgboost,Afyonkarahisar,2012,high_justice_flow,1,1,0.996494472026825,out_of_fold
Wide Coverage Flow Model,xgboost,Afyonkarahisar,2013,high_justice_flow,1,1,0.9965014457702637,out_of_fold
Wide Coverage Flow Model,xgboost,Afyonkarahisar,2014,high_justice_flow,1,1,0.9990842342376709,out_of_fold
Wide Coverage Flow Model,xgboost,Afyonkarahisar,2015,high_justice_flow,1,1,0.998938262462616,out_of_fold
Wide Coverage Flow Model,xgboost,Afyonkarahisar,2016,high_justice_flow,1,1,0.9981909394264221,out_of_fold
Wide Coverage Flow Model,xgboost,Afyonkarahisar,2017,high_justice_flow,1,1,0.9970782995223999,out_of_fold
Wide Coverage Flow Model,xgboost,Afyonkarahisar,2018,high_justice_flow,1,1,0.9979165196418762,out_of_fold
Wide Coverage Flow Model,xgboost,Afyonkarahisar,2019,high_justice_flow,1,1,0.9966661334037781,out_of_fold
Wide Coverage Flow Model,xgboost,Afyonkarahisar,2020,high_justice_flow,1,1,0.9933331608772278,out_of_fold
Wide Coverage Flow Model,xgboost,Afyonkarahisar,2021,high_justice_flow,1,1,0.9909390211105347,out_of_fold
Wide Coverage Flow Model,xgboost,Aksaray,2011,high_justice_flow,0,0,0.011397307738661766,out_of_fold
Wide Coverage Flow Model,xgboost,Aksaray,2012,high_justice_flow,0,0,0.008597195148468018,out_of_fold
Wide Coverage Flow Model,xgboost,Aksaray,2013,high_justice_flow,0,0,0.008597195148468018,out_of_fold
Wide Coverage Flow Model,xgboost,Aksaray,2014,high_justice_flow,0,0,0.004200959112495184,out_of_fold
Wide Coverage Flow Model,xgboost,Aksaray,2015,high_justice_flow,0,0,0.02329302951693535,out_of_fold
Wide Coverage Flow Model,xgboost,Aksaray,2016,high_justice_flow,0,0,0.018038105219602585,out_of_fold
Wide Coverage Flow Model,xgboost,Aksaray,2017,high_justice_flow,0,0,0.009730566293001175,out_of_fold
Wide Coverage Flow Model,xgboost,Aksaray,2018,high_justice_flow,0,0,0.09865041077136993,out_of_fold
Wide Coverage Flow Model,xgboost,Aksaray,2019,high_justice_flow,0,0,0.052086539566516876,out_of_fold
Wide Coverage Flow Model,xgboost,Aksaray,2020,high_justice_flow,0,0,0.14350204169750214,out_of_fold
Wide Coverage Flow Model,xgboost,Aksaray,2021,high_justice_flow,0,0,0.3121432960033417,out_of_fold
Wide Coverage Flow Model,xgboost,Amasya,2011,high_justice_flow,0,0,0.001181140192784369,out_of_fold
Wide Coverage Flow Model,xgboost,Amasya,2012,high_justice_flow,0,0,0.0012359987013041973,out_of_fold
Wide Coverage Flow Model,xgboost,Amasya,2013,high_justice_flow,0,0,0.0009764438727870584,out_of_fold
Wide Coverage Flow Model,xgboost,Amasya,2014,high_justice_flow,0,0,0.00033685355447232723,out_of_fold
Wide Coverage Flow Model,xgboost,Amasya,2015,high_justice_flow,0,0,0.0009742439142428339,out_of_fold
Wide Coverage Flow Model,xgboost,Amasya,2016,high_justice_flow,0,0,0.001553558511659503,out_of_fold
Wide Coverage Flow Model,xgboost,Amasya,2017,high_justice_flow,0,0,0.0021488326601684093,out_of_fold
Wide Coverage Flow Model,xgboost,Amasya,2018,high_justice_flow,0,0,0.0030909539200365543,out_of_fold
Wide Coverage Flow Model,xgboost,Amasya,2019,high_justice_flow,0,0,0.001079671666957438,out_of_fold
Wide Coverage Flow Model,xgboost,Amasya,2020,high_justice_flow,0,0,0.0010748780332505703,out_of_fold
Wide Coverage Flow Model,xgboost,Amasya,2021,high_justice_flow,0,0,0.0044553219340741634,out_of_fold
Wide Coverage Flow Model,xgboost,Ankara,2011,high_justice_flow,1,1,0.999300479888916,out_of_fold
Wide Coverage Flow Model,xgboost,Ankara,2012,high_justice_flow,1,1,0.9990430474281311,out_of_fold
Wide Coverage Flow Model,xgboost,Ankara,2013,high_justice_flow,1,1,0.9989099502563477,out_of_fold
Wide Coverage Flow Model,xgboost,Ankara,2014,high_justice_flow,1,1,0.9990831613540649,out_of_fold
Wide Coverage Flow Model,xgboost,Ankara,2015,high_justice_flow,1,1,0.9991617202758789,out_of_fold
Wide Coverage Flow Model,xgboost,Ankara,2016,high_justice_flow,1,1,0.998555600643158,out_of_fold
Wide Coverage Flow Model,xgboost,Ankara,2017,high_justice_flow,1,1,0.9983417987823486,out_of_fold
Wide Coverage Flow Model,xgboost,Ankara,2018,high_justice_flow,1,1,0.9989840388298035,out_of_fold
Wide Coverage Flow Model,xgboost,Ankara,2019,high_justice_flow,1,1,0.9986591339111328,out_of_fold
Wide Coverage Flow Model,xgboost,Ankara,2020,high_justice_flow,1,1,0.9968302845954895,out_of_fold
Wide Coverage Flow Model,xgboost,Ankara,2021,high_justice_flow,1,1,0.9959736466407776,out_of_fold
Wide Coverage Flow Model,xgboost,Antalya,2011,high_justice_flow,1,1,0.9994997978210449,out_of_fold
Wide Coverage Flow Model,xgboost,Antalya,2012,high_justice_flow,1,1,0.999519944190979,out_of_fold
Wide Coverage Flow Model,xgboost,Antalya,2013,high_justice_flow,1,1,0.9994544386863708,out_of_fold
Wide Coverage Flow Model,xgboost,Antalya,2014,high_justice_flow,1,1,0.9998053908348083,out_of_fold
Wide Coverage Flow Model,xgboost,Antalya,2015,high_justice_flow,1,1,0.9997653365135193,out_of_fold
Wide Coverage Flow Model,xgboost,Antalya,2016,high_justice_flow,1,1,0.9997259974479675,out_of_fold
Wide Coverage Flow Model,xgboost,Antalya,2017,high_justice_flow,1,1,0.9995133876800537,out_of_fold
Wide Coverage Flow Model,xgboost,Antalya,2018,high_justice_flow,1,1,0.9995730519294739,out_of_fold
Wide Coverage Flow Model,xgboost,Antalya,2019,high_justice_flow,1,1,0.9996577501296997,out_of_fold
Wide Coverage Flow Model,xgboost,Antalya,2020,high_justice_flow,1,1,0.999206006526947,out_of_fold
Wide Coverage Flow Model,xgboost,Antalya,2021,high_justice_flow,1,1,0.9988908171653748,out_of_fold
Wide Coverage Flow Model,xgboost,Ardahan,2011,high_justice_flow,0,0,0.0038883660454303026,out_of_fold
Wide Coverage Flow Model,xgboost,Ardahan,2012,high_justice_flow,0,0,0.0038883660454303026,out_of_fold
Wide Coverage Flow Model,xgboost,Ardahan,2013,high_justice_flow,0,0,0.0032183192670345306,out_of_fold
Wide Coverage Flow Model,xgboost,Ardahan,2014,high_justice_flow,0,0,0.0024099720176309347,out_of_fold
Wide Coverage Flow Model,xgboost,Ardahan,2015,high_justice_flow,0,0,0.00220723869279027,out_of_fold
Wide Coverage Flow Model,xgboost,Ardahan,2016,high_justice_flow,0,0,0.0014690980315208435,out_of_fold
Wide Coverage Flow Model,xgboost,Ardahan,2017,high_justice_flow,0,0,0.0011082206619903445,out_of_fold
Wide Coverage Flow Model,xgboost,Ardahan,2018,high_justice_flow,0,0,0.0006042326567694545,out_of_fold
Wide Coverage Flow Model,xgboost,Ardahan,2019,high_justice_flow,0,0,0.0007841031765565276,out_of_fold
Wide Coverage Flow Model,xgboost,Ardahan,2020,high_justice_flow,0,0,0.0011707196244969964,out_of_fold
Wide Coverage Flow Model,xgboost,Ardahan,2021,high_justice_flow,0,0,0.0003442455199547112,out_of_fold
Wide Coverage Flow Model,xgboost,Artvin,2011,high_justice_flow,0,0,0.0014238681178539991,out_of_fold
Wide Coverage Flow Model,xgboost,Artvin,2012,high_justice_flow,0,0,0.0010913460282608867,out_of_fold
Wide Coverage Flow Model,xgboost,Artvin,2013,high_justice_flow,0,0,0.000789653742685914,out_of_fold
Wide Coverage Flow Model,xgboost,Artvin,2014,high_justice_flow,0,0,0.000973291986156255,out_of_fold
Wide Coverage Flow Model,xgboost,Artvin,2015,high_justice_flow,0,0,0.0004884997615590692,out_of_fold
Wide Coverage Flow Model,xgboost,Artvin,2016,high_justice_flow,0,0,0.0006412257207557559,out_of_fold
Wide Coverage Flow Model,xgboost,Artvin,2017,high_justice_flow,0,0,0.0005088103353045881,out_of_fold
Wide Coverage Flow Model,xgboost,Artvin,2018,high_justice_flow,0,0,0.0004886096576228738,out_of_fold
Wide Coverage Flow Model,xgboost,Artvin,2019,high_justice_flow,0,0,0.0007036823080852628,out_of_fold
Wide Coverage Flow Model,xgboost,Artvin,2020,high_justice_flow,0,0,0.0007924073725007474,out_of_fold
Wide Coverage Flow Model,xgboost,Artvin,2021,high_justice_flow,0,0,0.0007053951267153025,out_of_fold
Wide Coverage Flow Model,xgboost,Aydın,2011,high_justice_flow,1,1,0.9991689920425415,out_of_fold
Wide Coverage Flow Model,xgboost,Aydın,2012,high_justice_flow,1,1,0.9988262057304382,out_of_fold
Wide Coverage Flow Model,xgboost,Aydın,2013,high_justice_flow,1,1,0.999009370803833,out_of_fold
Wide Coverage Flow Model,xgboost,Aydın,2014,high_justice_flow,1,1,0.9989472031593323,out_of_fold
Wide Coverage Flow Model,xgboost,Aydın,2015,high_justice_flow,1,1,0.9991884827613831,out_of_fold
Wide Coverage Flow Model,xgboost,Aydın,2016,high_justice_flow,1,1,0.9991002082824707,out_of_fold
Wide Coverage Flow Model,xgboost,Aydın,2017,high_justice_flow,1,1,0.9974049925804138,out_of_fold
Wide Coverage Flow Model,xgboost,Aydın,2018,high_justice_flow,1,1,0.9983453750610352,out_of_fold
Wide Coverage Flow Model,xgboost,Aydın,2019,high_justice_flow,1,1,0.9987753033638,out_of_fold
Wide Coverage Flow Model,xgboost,Aydın,2020,high_justice_flow,1,1,0.9761960506439209,out_of_fold
Wide Coverage Flow Model,xgboost,Aydın,2021,high_justice_flow,1,1,0.9859985113143921,out_of_fold
Wide Coverage Flow Model,xgboost,Ağrı,2011,high_justice_flow,0,0,0.0055282581597566605,out_of_fold
Wide Coverage Flow Model,xgboost,Ağrı,2012,high_justice_flow,0,0,0.0055282581597566605,out_of_fold
Wide Coverage Flow Model,xgboost,Ağrı,2013,high_justice_flow,0,0,0.005523810628801584,out_of_fold
Wide Coverage Flow Model,xgboost,Ağrı,2014,high_justice_flow,0,0,0.0030039700213819742,out_of_fold
Wide Coverage Flow Model,xgboost,Ağrı,2015,high_justice_flow,0,0,0.001769944909028709,out_of_fold
Wide Coverage Flow Model,xgboost,Ağrı,2016,high_justice_flow,0,0,0.001831586821936071,out_of_fold
Wide Coverage Flow Model,xgboost,Ağrı,2017,high_justice_flow,0,0,0.0019029034301638603,out_of_fold
Wide Coverage Flow Model,xgboost,Ağrı,2018,high_justice_flow,0,0,0.00045864307321608067,out_of_fold
Wide Coverage Flow Model,xgboost,Ağrı,2019,high_justice_flow,0,0,0.0003889754007104784,out_of_fold
Wide Coverage Flow Model,xgboost,Ağrı,2020,high_justice_flow,0,0,0.0005150027573108673,out_of_fold
Wide Coverage Flow Model,xgboost,Ağrı,2021,high_justice_flow,0,0,0.0007034074515104294,out_of_fold
Wide Coverage Flow Model,xgboost,Balıkesir,2011,high_justice_flow,1,1,0.9993352293968201,out_of_fold
Wide Coverage Flow Model,xgboost,Balıkesir,2012,high_justice_flow,1,1,0.9996206760406494,out_of_fold
Wide Coverage Flow Model,xgboost,Balıkesir,2013,high_justice_flow,1,1,0.9996795654296875,out_of_fold
Wide Coverage Flow Model,xgboost,Balıkesir,2014,high_justice_flow,1,1,0.9987994432449341,out_of_fold
Wide Coverage Flow Model,xgboost,Balıkesir,2015,high_justice_flow,1,1,0.9994280934333801,out_of_fold
Wide Coverage Flow Model,xgboost,Balıkesir,2016,high_justice_flow,1,1,0.9995895028114319,out_of_fold
Wide Coverage Flow Model,xgboost,Balıkesir,2017,high_justice_flow,1,1,0.9980100989341736,out_of_fold
Wide Coverage Flow Model,xgboost,Balıkesir,2018,high_justice_flow,1,1,0.9981480836868286,out_of_fold
Wide Coverage Flow Model,xgboost,Balıkesir,2019,high_justice_flow,1,1,0.9989438652992249,out_of_fold
Wide Coverage Flow Model,xgboost,Balıkesir,2020,high_justice_flow,1,1,0.9987896084785461,out_of_fold
Wide Coverage Flow Model,xgboost,Balıkesir,2021,high_justice_flow,1,1,0.9956966638565063,out_of_fold
Wide Coverage Flow Model,xgboost,Bartın,2011,high_justice_flow,0,0,0.0020873115863651037,out_of_fold
Wide Coverage Flow Model,xgboost,Bartın,2012,high_justice_flow,0,0,0.0015568414237350225,out_of_fold
Wide Coverage Flow Model,xgboost,Bartın,2013,high_justice_flow,0,0,0.0018806412117555737,out_of_fold
Wide Coverage Flow Model,xgboost,Bartın,2014,high_justice_flow,0,0,0.0014762002974748611,out_of_fold
Wide Coverage Flow Model,xgboost,Bartın,2015,high_justice_flow,0,0,0.0012144447537139058,out_of_fold
Wide Coverage Flow Model,xgboost,Bartın,2016,high_justice_flow,0,0,0.0005210834206081927,out_of_fold
Wide Coverage Flow Model,xgboost,Bartın,2017,high_justice_flow,0,0,0.0007949250284582376,out_of_fold
Wide Coverage Flow Model,xgboost,Bartın,2018,high_justice_flow,0,0,0.0005901485565118492,out_of_fold
Wide Coverage Flow Model,xgboost,Bartın,2019,high_justice_flow,0,0,0.000570639269426465,out_of_fold
Wide Coverage Flow Model,xgboost,Bartın,2020,high_justice_flow,0,0,0.0006375797092914581,out_of_fold
Wide Coverage Flow Model,xgboost,Bartın,2021,high_justice_flow,0,0,0.0008181476150639355,out_of_fold
Wide Coverage Flow Model,xgboost,Batman,2011,high_justice_flow,0,0,0.0006049987860023975,out_of_fold
Wide Coverage Flow Model,xgboost,Batman,2012,high_justice_flow,0,0,0.0005217024008743465,out_of_fold
Wide Coverage Flow Model,xgboost,Batman,2013,high_justice_flow,0,0,0.0006215764442458749,out_of_fold
Wide Coverage Flow Model,xgboost,Batman,2014,high_justice_flow,1,0,0.0005217024008743465,out_of_fold
Wide Coverage Flow Model,xgboost,Batman,2015,high_justice_flow,1,0,0.0006214073509909213,out_of_fold
Wide Coverage Flow Model,xgboost,Batman,2016,high_justice_flow,1,0,0.0005257040611468256,out_of_fold
Wide Coverage Flow Model,xgboost,Batman,2017,high_justice_flow,1,0,0.005712514277547598,out_of_fold
Wide Coverage Flow Model,xgboost,Batman,2018,high_justice_flow,1,0,0.01159382052719593,out_of_fold
Wide Coverage Flow Model,xgboost,Batman,2019,high_justice_flow,1,0,0.030189482495188713,out_of_fold
Wide Coverage Flow Model,xgboost,Batman,2020,high_justice_flow,1,0,0.42285698652267456,out_of_fold
Wide Coverage Flow Model,xgboost,Batman,2021,high_justice_flow,0,1,0.8433429002761841,out_of_fold
Wide Coverage Flow Model,xgboost,Bayburt,2014,high_justice_flow,0,0,0.001500003389082849,out_of_fold
Wide Coverage Flow Model,xgboost,Bayburt,2015,high_justice_flow,0,0,0.0005606794729828835,out_of_fold
Wide Coverage Flow Model,xgboost,Bayburt,2016,high_justice_flow,0,0,0.0002114909584634006,out_of_fold
Wide Coverage Flow Model,xgboost,Bayburt,2017,high_justice_flow,0,0,0.00043957025627605617,out_of_fold
Wide Coverage Flow Model,xgboost,Bayburt,2018,high_justice_flow,0,0,0.00026185830938629806,out_of_fold
Wide Coverage Flow Model,xgboost,Bayburt,2019,high_justice_flow,0,0,0.00016913539730012417,out_of_fold
Wide Coverage Flow Model,xgboost,Bayburt,2020,high_justice_flow,0,0,0.0006981957703828812,out_of_fold
Wide Coverage Flow Model,xgboost,Bayburt,2021,high_justice_flow,0,0,0.00032348735840059817,out_of_fold
Wide Coverage Flow Model,xgboost,Bilecik,2011,high_justice_flow,0,0,0.002171926898881793,out_of_fold
Wide Coverage Flow Model,xgboost,Bilecik,2012,high_justice_flow,0,0,0.0020120705012232065,out_of_fold
Wide Coverage Flow Model,xgboost,Bilecik,2013,high_justice_flow,0,0,0.0018164649372920394,out_of_fold
Wide Coverage Flow Model,xgboost,Bilecik,2014,high_justice_flow,0,0,0.0013029638212174177,out_of_fold
Wide Coverage Flow Model,xgboost,Bilecik,2015,high_justice_flow,0,0,0.0010321233421564102,out_of_fold
Wide Coverage Flow Model,xgboost,Bilecik,2016,high_justice_flow,0,0,0.0008801570511423051,out_of_fold
Wide Coverage Flow Model,xgboost,Bilecik,2017,high_justice_flow,0,0,0.0007491433643735945,out_of_fold
Wide Coverage Flow Model,xgboost,Bilecik,2018,high_justice_flow,0,0,0.0009242472588084638,out_of_fold
Wide Coverage Flow Model,xgboost,Bilecik,2019,high_justice_flow,0,0,0.0005915307556279004,out_of_fold
Wide Coverage Flow Model,xgboost,Bilecik,2020,high_justice_flow,0,0,0.0003351024352014065,out_of_fold
Wide Coverage Flow Model,xgboost,Bilecik,2021,high_justice_flow,0,0,0.0012221308425068855,out_of_fold
Wide Coverage Flow Model,xgboost,Bingöl,2011,high_justice_flow,0,0,0.003079322399571538,out_of_fold
Wide Coverage Flow Model,xgboost,Bingöl,2012,high_justice_flow,0,0,0.0027135706041008234,out_of_fold
Wide Coverage Flow Model,xgboost,Bingöl,2013,high_justice_flow,0,0,0.0010879940818995237,out_of_fold
Wide Coverage Flow Model,xgboost,Bingöl,2014,high_justice_flow,0,0,0.0006318155792541802,out_of_fold
Wide Coverage Flow Model,xgboost,Bingöl,2015,high_justice_flow,0,0,0.000490900652948767,out_of_fold
Wide Coverage Flow Model,xgboost,Bingöl,2016,high_justice_flow,0,0,0.0013469696277752519,out_of_fold
Wide Coverage Flow Model,xgboost,Bingöl,2017,high_justice_flow,0,0,0.0005226702778600156,out_of_fold
Wide Coverage Flow Model,xgboost,Bingöl,2018,high_justice_flow,0,0,0.0008287556120194495,out_of_fold
Wide Coverage Flow Model,xgboost,Bingöl,2019,high_justice_flow,0,0,0.0009823138825595379,out_of_fold
Wide Coverage Flow Model,xgboost,Bingöl,2020,high_justice_flow,0,0,0.00037524267099797726,out_of_fold
Wide Coverage Flow Model,xgboost,Bingöl,2021,high_justice_flow,0,0,0.0004876799357589334,out_of_fold
Wide Coverage Flow Model,xgboost,Bitlis,2011,high_justice_flow,0,0,0.0032383757643401623,out_of_fold
Wide Coverage Flow Model,xgboost,Bitlis,2012,high_justice_flow,0,0,0.003001159755513072,out_of_fold
Wide Coverage Flow Model,xgboost,Bitlis,2013,high_justice_flow,0,0,0.0027426432352513075,out_of_fold
Wide Coverage Flow Model,xgboost,Bitlis,2014,high_justice_flow,0,0,0.002483649179339409,out_of_fold
Wide Coverage Flow Model,xgboost,Bitlis,2015,high_justice_flow,0,0,0.001723781111650169,out_of_fold
Wide Coverage Flow Model,xgboost,Bitlis,2016,high_justice_flow,0,0,0.0009477512794546783,out_of_fold
Wide Coverage Flow Model,xgboost,Bitlis,2017,high_justice_flow,0,0,0.001725404872559011,out_of_fold
Wide Coverage Flow Model,xgboost,Bitlis,2018,high_justice_flow,0,0,0.0005587674677371979,out_of_fold
Wide Coverage Flow Model,xgboost,Bitlis,2019,high_justice_flow,0,0,0.0004184879653621465,out_of_fold
Wide Coverage Flow Model,xgboost,Bitlis,2020,high_justice_flow,0,0,0.0009470675722695887,out_of_fold
Wide Coverage Flow Model,xgboost,Bitlis,2021,high_justice_flow,0,0,0.0005942598800174892,out_of_fold
Wide Coverage Flow Model,xgboost,Bolu,2011,high_justice_flow,0,0,0.0011093514040112495,out_of_fold
Wide Coverage Flow Model,xgboost,Bolu,2012,high_justice_flow,0,0,0.0010380137246102095,out_of_fold
Wide Coverage Flow Model,xgboost,Bolu,2013,high_justice_flow,0,0,0.0010132519528269768,out_of_fold
Wide Coverage Flow Model,xgboost,Bolu,2014,high_justice_flow,0,0,0.00024135081912390888,out_of_fold
Wide Coverage Flow Model,xgboost,Bolu,2015,high_justice_flow,0,0,0.000895167700946331,out_of_fold
Wide Coverage Flow Model,xgboost,Bolu,2016,high_justice_flow,0,0,0.0008069905452430248,out_of_fold
Wide Coverage Flow Model,xgboost,Bolu,2017,high_justice_flow,0,0,0.0005823905230499804,out_of_fold
Wide Coverage Flow Model,xgboost,Bolu,2018,high_justice_flow,0,0,0.08988998830318451,out_of_fold
Wide Coverage Flow Model,xgboost,Bolu,2019,high_justice_flow,0,0,0.07812339812517166,out_of_fold
Wide Coverage Flow Model,xgboost,Bolu,2020,high_justice_flow,0,0,0.0037141735665500164,out_of_fold
Wide Coverage Flow Model,xgboost,Bolu,2021,high_justice_flow,0,0,0.003288556355983019,out_of_fold
Wide Coverage Flow Model,xgboost,Burdur,2011,high_justice_flow,0,0,0.05294431746006012,out_of_fold
Wide Coverage Flow Model,xgboost,Burdur,2012,high_justice_flow,0,0,0.059370264410972595,out_of_fold
Wide Coverage Flow Model,xgboost,Burdur,2013,high_justice_flow,0,0,0.05784579738974571,out_of_fold
Wide Coverage Flow Model,xgboost,Burdur,2014,high_justice_flow,0,0,0.035050634294748306,out_of_fold
Wide Coverage Flow Model,xgboost,Burdur,2015,high_justice_flow,0,0,0.04450275003910065,out_of_fold
Wide Coverage Flow Model,xgboost,Burdur,2016,high_justice_flow,0,0,0.1286269575357437,out_of_fold
Wide Coverage Flow Model,xgboost,Burdur,2017,high_justice_flow,0,0,0.08810760080814362,out_of_fold
Wide Coverage Flow Model,xgboost,Burdur,2018,high_justice_flow,0,0,0.08665112406015396,out_of_fold
Wide Coverage Flow Model,xgboost,Burdur,2019,high_justice_flow,0,0,0.05764590576291084,out_of_fold
Wide Coverage Flow Model,xgboost,Burdur,2020,high_justice_flow,0,0,0.05309261754155159,out_of_fold
Wide Coverage Flow Model,xgboost,Burdur,2021,high_justice_flow,0,0,0.15057483315467834,out_of_fold
Wide Coverage Flow Model,xgboost,Bursa,2011,high_justice_flow,1,1,0.9998049139976501,out_of_fold
Wide Coverage Flow Model,xgboost,Bursa,2012,high_justice_flow,1,1,0.999721348285675,out_of_fold
Wide Coverage Flow Model,xgboost,Bursa,2013,high_justice_flow,1,1,0.9997166991233826,out_of_fold
Wide Coverage Flow Model,xgboost,Bursa,2014,high_justice_flow,1,1,0.999664306640625,out_of_fold
Wide Coverage Flow Model,xgboost,Bursa,2015,high_justice_flow,1,1,0.9995895028114319,out_of_fold
Wide Coverage Flow Model,xgboost,Bursa,2016,high_justice_flow,1,1,0.9996564388275146,out_of_fold
Wide Coverage Flow Model,xgboost,Bursa,2017,high_justice_flow,1,1,0.9993382096290588,out_of_fold
Wide Coverage Flow Model,xgboost,Bursa,2018,high_justice_flow,1,1,0.9992656111717224,out_of_fold
Wide Coverage Flow Model,xgboost,Bursa,2019,high_justice_flow,1,1,0.999629020690918,out_of_fold
Wide Coverage Flow Model,xgboost,Bursa,2020,high_justice_flow,1,1,0.9953450560569763,out_of_fold
Wide Coverage Flow Model,xgboost,Bursa,2021,high_justice_flow,1,1,0.9964834451675415,out_of_fold
Wide Coverage Flow Model,xgboost,Denizli,2011,high_justice_flow,1,1,0.9998325109481812,out_of_fold
Wide Coverage Flow Model,xgboost,Denizli,2012,high_justice_flow,1,1,0.9997666478157043,out_of_fold
Wide Coverage Flow Model,xgboost,Denizli,2013,high_justice_flow,1,1,0.9997054934501648,out_of_fold
Wide Coverage Flow Model,xgboost,Denizli,2014,high_justice_flow,1,1,0.9992145299911499,out_of_fold
Wide Coverage Flow Model,xgboost,Denizli,2015,high_justice_flow,1,1,0.9994276165962219,out_of_fold
Wide Coverage Flow Model,xgboost,Denizli,2016,high_justice_flow,1,1,0.9986215829849243,out_of_fold
Wide Coverage Flow Model,xgboost,Denizli,2017,high_justice_flow,1,1,0.9983412027359009,out_of_fold
Wide Coverage Flow Model,xgboost,Denizli,2018,high_justice_flow,1,1,0.995512068271637,out_of_fold
Wide Coverage Flow Model,xgboost,Denizli,2019,high_justice_flow,1,1,0.9993560910224915,out_of_fold
Wide Coverage Flow Model,xgboost,Denizli,2020,high_justice_flow,1,1,0.9977092742919922,out_of_fold
Wide Coverage Flow Model,xgboost,Denizli,2021,high_justice_flow,1,1,0.9975558519363403,out_of_fold
Wide Coverage Flow Model,xgboost,Diyarbakır,2011,high_justice_flow,1,1,0.999517560005188,out_of_fold
Wide Coverage Flow Model,xgboost,Diyarbakır,2012,high_justice_flow,1,1,0.9994211196899414,out_of_fold
Wide Coverage Flow Model,xgboost,Diyarbakır,2013,high_justice_flow,1,1,0.9994563460350037,out_of_fold
Wide Coverage Flow Model,xgboost,Diyarbakır,2014,high_justice_flow,1,1,0.9994693398475647,out_of_fold
Wide Coverage Flow Model,xgboost,Diyarbakır,2015,high_justice_flow,1,1,0.9995579123497009,out_of_fold
Wide Coverage Flow Model,xgboost,Diyarbakır,2016,high_justice_flow,1,1,0.9994984865188599,out_of_fold
Wide Coverage Flow Model,xgboost,Diyarbakır,2017,high_justice_flow,1,1,0.9994340538978577,out_of_fold
Wide Coverage Flow Model,xgboost,Diyarbakır,2018,high_justice_flow,1,1,0.9977396726608276,out_of_fold
Wide Coverage Flow Model,xgboost,Diyarbakır,2019,high_justice_flow,1,1,0.9988663196563721,out_of_fold
Wide Coverage Flow Model,xgboost,Diyarbakır,2020,high_justice_flow,1,1,0.9981391429901123,out_of_fold
Wide Coverage Flow Model,xgboost,Diyarbakır,2021,high_justice_flow,1,1,0.9908182621002197,out_of_fold
Wide Coverage Flow Model,xgboost,Düzce,2011,high_justice_flow,0,0,0.0722287967801094,out_of_fold
Wide Coverage Flow Model,xgboost,Düzce,2012,high_justice_flow,0,1,0.5200679302215576,out_of_fold
Wide Coverage Flow Model,xgboost,Düzce,2013,high_justice_flow,0,0,0.14679105579853058,out_of_fold
Wide Coverage Flow Model,xgboost,Düzce,2014,high_justice_flow,0,0,0.27515819668769836,out_of_fold
Wide Coverage Flow Model,xgboost,Düzce,2015,high_justice_flow,0,0,0.24802182614803314,out_of_fold
Wide Coverage Flow Model,xgboost,Düzce,2016,high_justice_flow,0,0,0.19952692091464996,out_of_fold
Wide Coverage Flow Model,xgboost,Düzce,2017,high_justice_flow,0,0,0.26100102066993713,out_of_fold
Wide Coverage Flow Model,xgboost,Düzce,2018,high_justice_flow,0,0,0.02901073545217514,out_of_fold
Wide Coverage Flow Model,xgboost,Düzce,2019,high_justice_flow,0,0,0.04725324735045433,out_of_fold
Wide Coverage Flow Model,xgboost,Düzce,2020,high_justice_flow,0,1,0.73196941614151,out_of_fold
Wide Coverage Flow Model,xgboost,Düzce,2021,high_justice_flow,0,1,0.5492126941680908,out_of_fold
Wide Coverage Flow Model,xgboost,Edirne,2011,high_justice_flow,1,0,0.1324976086616516,out_of_fold
Wide Coverage Flow Model,xgboost,Edirne,2012,high_justice_flow,1,0,0.19067150354385376,out_of_fold
Wide Coverage Flow Model,xgboost,Edirne,2013,high_justice_flow,1,0,0.11941367387771606,out_of_fold
Wide Coverage Flow Model,xgboost,Edirne,2014,high_justice_flow,1,0,0.2264571338891983,out_of_fold
Wide Coverage Flow Model,xgboost,Edirne,2015,high_justice_flow,1,0,0.494755357503891,out_of_fold
Wide Coverage Flow Model,xgboost,Edirne,2016,high_justice_flow,1,1,0.5793236494064331,out_of_fold
Wide Coverage Flow Model,xgboost,Edirne,2017,high_justice_flow,1,0,0.21196120977401733,out_of_fold
Wide Coverage Flow Model,xgboost,Edirne,2018,high_justice_flow,1,0,0.14338645339012146,out_of_fold
Wide Coverage Flow Model,xgboost,Edirne,2019,high_justice_flow,1,0,0.0375199131667614,out_of_fold
Wide Coverage Flow Model,xgboost,Edirne,2020,high_justice_flow,1,0,0.2835582196712494,out_of_fold
Wide Coverage Flow Model,xgboost,Edirne,2021,high_justice_flow,1,0,0.0644267201423645,out_of_fold
Wide Coverage Flow Model,xgboost,Elazığ,2011,high_justice_flow,1,0,0.03448643907904625,out_of_fold
Wide Coverage Flow Model,xgboost,Elazığ,2012,high_justice_flow,1,0,0.03180903568863869,out_of_fold
Wide Coverage Flow Model,xgboost,Elazığ,2013,high_justice_flow,1,0,0.0329846553504467,out_of_fold
Wide Coverage Flow Model,xgboost,Elazığ,2014,high_justice_flow,1,0,0.0962243527173996,out_of_fold
Wide Coverage Flow Model,xgboost,Elazığ,2015,high_justice_flow,1,0,0.062010325491428375,out_of_fold
Wide Coverage Flow Model,xgboost,Elazığ,2016,high_justice_flow,1,0,0.21859264373779297,out_of_fold
Wide Coverage Flow Model,xgboost,Elazığ,2017,high_justice_flow,1,1,0.923515796661377,out_of_fold
Wide Coverage Flow Model,xgboost,Elazığ,2018,high_justice_flow,1,1,0.9563360810279846,out_of_fold
Wide Coverage Flow Model,xgboost,Elazığ,2019,high_justice_flow,0,1,0.6636344194412231,out_of_fold
Wide Coverage Flow Model,xgboost,Elazığ,2020,high_justice_flow,0,1,0.9972081780433655,out_of_fold
Wide Coverage Flow Model,xgboost,Elazığ,2021,high_justice_flow,1,1,0.9313302636146545,out_of_fold
Wide Coverage Flow Model,xgboost,Erzincan,2011,high_justice_flow,0,0,0.0013096549082547426,out_of_fold
Wide Coverage Flow Model,xgboost,Erzincan,2012,high_justice_flow,0,0,0.0010013788705691695,out_of_fold
Wide Coverage Flow Model,xgboost,Erzincan,2013,high_justice_flow,0,0,0.001250961096957326,out_of_fold
Wide Coverage Flow Model,xgboost,Erzincan,2014,high_justice_flow,0,0,0.001425995142199099,out_of_fold
Wide Coverage Flow Model,xgboost,Erzincan,2015,high_justice_flow,0,0,0.0009552380070090294,out_of_fold
Wide Coverage Flow Model,xgboost,Erzincan,2016,high_justice_flow,0,0,0.0010846075601875782,out_of_fold
Wide Coverage Flow Model,xgboost,Erzincan,2017,high_justice_flow,0,0,0.000555909238755703,out_of_fold
Wide Coverage Flow Model,xgboost,Erzincan,2018,high_justice_flow,0,0,0.0004822490445803851,out_of_fold
Wide Coverage Flow Model,xgboost,Erzincan,2019,high_justice_flow,0,0,0.00043643629760481417,out_of_fold
Wide Coverage Flow Model,xgboost,Erzincan,2020,high_justice_flow,0,0,0.0007079107454046607,out_of_fold
Wide Coverage Flow Model,xgboost,Erzincan,2021,high_justice_flow,0,0,0.00037376247928477824,out_of_fold
Wide Coverage Flow Model,xgboost,Erzurum,2011,high_justice_flow,1,1,0.9964239001274109,out_of_fold
Wide Coverage Flow Model,xgboost,Erzurum,2012,high_justice_flow,1,1,0.9977422952651978,out_of_fold
Wide Coverage Flow Model,xgboost,Erzurum,2013,high_justice_flow,1,1,0.9977303147315979,out_of_fold
Wide Coverage Flow Model,xgboost,Erzurum,2014,high_justice_flow,1,1,0.9950119256973267,out_of_fold
Wide Coverage Flow Model,xgboost,Erzurum,2015,high_justice_flow,1,1,0.9950286746025085,out_of_fold
Wide Coverage Flow Model,xgboost,Erzurum,2016,high_justice_flow,1,1,0.993513822555542,out_of_fold
Wide Coverage Flow Model,xgboost,Erzurum,2017,high_justice_flow,1,1,0.9977326393127441,out_of_fold
Wide Coverage Flow Model,xgboost,Erzurum,2018,high_justice_flow,1,1,0.9768145680427551,out_of_fold
Wide Coverage Flow Model,xgboost,Erzurum,2019,high_justice_flow,1,1,0.9840288758277893,out_of_fold
Wide Coverage Flow Model,xgboost,Erzurum,2020,high_justice_flow,1,1,0.9931057095527649,out_of_fold
Wide Coverage Flow Model,xgboost,Erzurum,2021,high_justice_flow,1,1,0.9955465793609619,out_of_fold
Wide Coverage Flow Model,xgboost,Eskişehir,2011,high_justice_flow,1,1,0.9994816184043884,out_of_fold
Wide Coverage Flow Model,xgboost,Eskişehir,2012,high_justice_flow,1,1,0.9986431002616882,out_of_fold
Wide Coverage Flow Model,xgboost,Eskişehir,2013,high_justice_flow,1,1,0.9989404082298279,out_of_fold
Wide Coverage Flow Model,xgboost,Eskişehir,2014,high_justice_flow,1,1,0.99945467710495,out_of_fold
Wide Coverage Flow Model,xgboost,Eskişehir,2015,high_justice_flow,1,1,0.9981995820999146,out_of_fold
Wide Coverage Flow Model,xgboost,Eskişehir,2016,high_justice_flow,1,1,0.998570442199707,out_of_fold
Wide Coverage Flow Model,xgboost,Eskişehir,2017,high_justice_flow,1,1,0.9967942833900452,out_of_fold
Wide Coverage Flow Model,xgboost,Eskişehir,2018,high_justice_flow,1,1,0.998924195766449,out_of_fold
Wide Coverage Flow Model,xgboost,Eskişehir,2019,high_justice_flow,1,1,0.9988623857498169,out_of_fold
Wide Coverage Flow Model,xgboost,Eskişehir,2020,high_justice_flow,1,1,0.9935584664344788,out_of_fold
Wide Coverage Flow Model,xgboost,Eskişehir,2021,high_justice_flow,1,1,0.9932301044464111,out_of_fold
Wide Coverage Flow Model,xgboost,Gaziantep,2011,high_justice_flow,1,1,0.9994978904724121,out_of_fold
Wide Coverage Flow Model,xgboost,Gaziantep,2012,high_justice_flow,1,1,0.9993211030960083,out_of_fold
Wide Coverage Flow Model,xgboost,Gaziantep,2013,high_justice_flow,1,1,0.999265730381012,out_of_fold
Wide Coverage Flow Model,xgboost,Gaziantep,2014,high_justice_flow,1,1,0.9995954632759094,out_of_fold
Wide Coverage Flow Model,xgboost,Gaziantep,2015,high_justice_flow,1,1,0.9996457099914551,out_of_fold
Wide Coverage Flow Model,xgboost,Gaziantep,2016,high_justice_flow,1,1,0.9992570281028748,out_of_fold
Wide Coverage Flow Model,xgboost,Gaziantep,2017,high_justice_flow,1,1,0.9985302686691284,out_of_fold
Wide Coverage Flow Model,xgboost,Gaziantep,2018,high_justice_flow,1,1,0.9970610737800598,out_of_fold
Wide Coverage Flow Model,xgboost,Gaziantep,2019,high_justice_flow,1,1,0.9995207786560059,out_of_fold
Wide Coverage Flow Model,xgboost,Gaziantep,2020,high_justice_flow,1,1,0.992046594619751,out_of_fold
Wide Coverage Flow Model,xgboost,Gaziantep,2021,high_justice_flow,1,1,0.9955964684486389,out_of_fold
Wide Coverage Flow Model,xgboost,Giresun,2011,high_justice_flow,0,0,0.09040717780590057,out_of_fold
Wide Coverage Flow Model,xgboost,Giresun,2012,high_justice_flow,0,0,0.0250503271818161,out_of_fold
Wide Coverage Flow Model,xgboost,Giresun,2013,high_justice_flow,0,0,0.019578274339437485,out_of_fold
Wide Coverage Flow Model,xgboost,Giresun,2014,high_justice_flow,0,0,0.0028694812208414078,out_of_fold
Wide Coverage Flow Model,xgboost,Giresun,2015,high_justice_flow,0,0,0.001753133488819003,out_of_fold
Wide Coverage Flow Model,xgboost,Giresun,2016,high_justice_flow,0,0,0.0108182393014431,out_of_fold
Wide Coverage Flow Model,xgboost,Giresun,2017,high_justice_flow,0,0,0.12196794897317886,out_of_fold
Wide Coverage Flow Model,xgboost,Giresun,2018,high_justice_flow,0,0,0.008302387781441212,out_of_fold
Wide Coverage Flow Model,xgboost,Giresun,2019,high_justice_flow,0,0,0.014700014144182205,out_of_fold
Wide Coverage Flow Model,xgboost,Giresun,2020,high_justice_flow,0,0,0.06443959474563599,out_of_fold
Wide Coverage Flow Model,xgboost,Giresun,2021,high_justice_flow,0,0,0.19430367648601532,out_of_fold
Wide Coverage Flow Model,xgboost,Gümüşhane,2012,high_justice_flow,0,0,0.002323286375030875,out_of_fold
Wide Coverage Flow Model,xgboost,Gümüşhane,2013,high_justice_flow,0,0,0.0016097204061225057,out_of_fold
Wide Coverage Flow Model,xgboost,Gümüşhane,2014,high_justice_flow,0,0,0.0007364744669757783,out_of_fold
Wide Coverage Flow Model,xgboost,Gümüşhane,2015,high_justice_flow,0,0,0.0010892541613429785,out_of_fold
Wide Coverage Flow Model,xgboost,Gümüşhane,2016,high_justice_flow,0,0,0.0011097763199359179,out_of_fold
Wide Coverage Flow Model,xgboost,Gümüşhane,2017,high_justice_flow,0,0,0.0015450528590008616,out_of_fold
Wide Coverage Flow Model,xgboost,Gümüşhane,2018,high_justice_flow,0,0,0.00029102497501298785,out_of_fold
Wide Coverage Flow Model,xgboost,Gümüşhane,2019,high_justice_flow,0,0,0.001158029423095286,out_of_fold
Wide Coverage Flow Model,xgboost,Gümüşhane,2020,high_justice_flow,0,0,0.0019228028832003474,out_of_fold
Wide Coverage Flow Model,xgboost,Gümüşhane,2021,high_justice_flow,0,0,0.0010423015337437391,out_of_fold
Wide Coverage Flow Model,xgboost,Hakkari,2011,high_justice_flow,0,0,0.0011119970586150885,out_of_fold
Wide Coverage Flow Model,xgboost,Hakkari,2012,high_justice_flow,0,0,0.0010303804883733392,out_of_fold
Wide Coverage Flow Model,xgboost,Hakkari,2013,high_justice_flow,0,0,0.0009671177831478417,out_of_fold
Wide Coverage Flow Model,xgboost,Hakkari,2014,high_justice_flow,0,0,0.0009195532184094191,out_of_fold
Wide Coverage Flow Model,xgboost,Hakkari,2015,high_justice_flow,0,0,0.001234086463227868,out_of_fold
Wide Coverage Flow Model,xgboost,Hakkari,2016,high_justice_flow,0,0,0.0006397365359589458,out_of_fold
Wide Coverage Flow Model,xgboost,Hakkari,2017,high_justice_flow,0,0,0.0008121487335301936,out_of_fold
Wide Coverage Flow Model,xgboost,Hakkari,2018,high_justice_flow,0,0,0.00041497856727801263,out_of_fold
Wide Coverage Flow Model,xgboost,Hakkari,2019,high_justice_flow,0,0,0.0005202796892262995,out_of_fold
Wide Coverage Flow Model,xgboost,Hakkari,2020,high_justice_flow,0,0,0.0004298992280382663,out_of_fold
Wide Coverage Flow Model,xgboost,Hakkari,2021,high_justice_flow,0,0,0.0003345339500810951,out_of_fold
Wide Coverage Flow Model,xgboost,Hatay,2011,high_justice_flow,1,1,0.9995642304420471,out_of_fold
Wide Coverage Flow Model,xgboost,Hatay,2012,high_justice_flow,1,1,0.9995642304420471,out_of_fold
Wide Coverage Flow Model,xgboost,Hatay,2013,high_justice_flow,1,1,0.9996969699859619,out_of_fold
Wide Coverage Flow Model,xgboost,Hatay,2014,high_justice_flow,1,1,0.9998013377189636,out_of_fold
Wide Coverage Flow Model,xgboost,Hatay,2015,high_justice_flow,1,1,0.9998483657836914,out_of_fold
Wide Coverage Flow Model,xgboost,Hatay,2016,high_justice_flow,1,1,0.9997158646583557,out_of_fold
Wide Coverage Flow Model,xgboost,Hatay,2017,high_justice_flow,1,1,0.9994601607322693,out_of_fold
Wide Coverage Flow Model,xgboost,Hatay,2018,high_justice_flow,1,1,0.999751627445221,out_of_fold
Wide Coverage Flow Model,xgboost,Hatay,2019,high_justice_flow,1,1,0.9997026324272156,out_of_fold
Wide Coverage Flow Model,xgboost,Hatay,2020,high_justice_flow,1,1,0.9994456171989441,out_of_fold
Wide Coverage Flow Model,xgboost,Hatay,2021,high_justice_flow,1,1,0.9993583559989929,out_of_fold
Wide Coverage Flow Model,xgboost,Isparta,2011,high_justice_flow,1,1,0.9272184371948242,out_of_fold
Wide Coverage Flow Model,xgboost,Isparta,2012,high_justice_flow,1,1,0.9224227070808411,out_of_fold
Wide Coverage Flow Model,xgboost,Isparta,2013,high_justice_flow,1,1,0.8247079849243164,out_of_fold
Wide Coverage Flow Model,xgboost,Isparta,2014,high_justice_flow,1,1,0.9194903373718262,out_of_fold
Wide Coverage Flow Model,xgboost,Isparta,2015,high_justice_flow,1,1,0.9865772724151611,out_of_fold
Wide Coverage Flow Model,xgboost,Isparta,2016,high_justice_flow,1,1,0.7757651805877686,out_of_fold
Wide Coverage Flow Model,xgboost,Isparta,2017,high_justice_flow,1,1,0.6914469599723816,out_of_fold
Wide Coverage Flow Model,xgboost,Isparta,2018,high_justice_flow,1,1,0.9975926280021667,out_of_fold
Wide Coverage Flow Model,xgboost,Isparta,2019,high_justice_flow,1,1,0.9970173835754395,out_of_fold
Wide Coverage Flow Model,xgboost,Isparta,2020,high_justice_flow,1,1,0.9895859360694885,out_of_fold
Wide Coverage Flow Model,xgboost,Isparta,2021,high_justice_flow,1,1,0.9552194476127625,out_of_fold
Wide Coverage Flow Model,xgboost,Iğdır,2011,high_justice_flow,0,0,0.0016636905493214726,out_of_fold
Wide Coverage Flow Model,xgboost,Iğdır,2012,high_justice_flow,0,0,0.0008882372640073299,out_of_fold
Wide Coverage Flow Model,xgboost,Iğdır,2013,high_justice_flow,0,0,0.0008471810142509639,out_of_fold
Wide Coverage Flow Model,xgboost,Iğdır,2014,high_justice_flow,0,0,0.0009328177548013628,out_of_fold
Wide Coverage Flow Model,xgboost,Iğdır,2015,high_justice_flow,0,0,0.0007242875290103257,out_of_fold
Wide Coverage Flow Model,xgboost,Iğdır,2016,high_justice_flow,0,0,0.000655431707855314,out_of_fold
Wide Coverage Flow Model,xgboost,Iğdır,2017,high_justice_flow,0,0,0.0005737489555031061,out_of_fold
Wide Coverage Flow Model,xgboost,Iğdır,2018,high_justice_flow,0,0,0.0004899105988442898,out_of_fold
Wide Coverage Flow Model,xgboost,Iğdır,2019,high_justice_flow,0,0,0.0005097868270240724,out_of_fold
Wide Coverage Flow Model,xgboost,Iğdır,2020,high_justice_flow,0,0,0.0028663435950875282,out_of_fold
Wide Coverage Flow Model,xgboost,Iğdır,2021,high_justice_flow,0,0,0.001109468168579042,out_of_fold
Wide Coverage Flow Model,xgboost,Kahramanmaraş,2011,high_justice_flow,1,1,0.9997692704200745,out_of_fold
Wide Coverage Flow Model,xgboost,Kahramanmaraş,2012,high_justice_flow,1,1,0.9997871518135071,out_of_fold
Wide Coverage Flow Model,xgboost,Kahramanmaraş,2013,high_justice_flow,1,1,0.9997954964637756,out_of_fold
Wide Coverage Flow Model,xgboost,Kahramanmaraş,2014,high_justice_flow,1,1,0.9998763799667358,out_of_fold
Wide Coverage Flow Model,xgboost,Kahramanmaraş,2015,high_justice_flow,1,1,0.9999088048934937,out_of_fold
Wide Coverage Flow Model,xgboost,Kahramanmaraş,2016,high_justice_flow,1,1,0.9998712539672852,out_of_fold
Wide Coverage Flow Model,xgboost,Kahramanmaraş,2017,high_justice_flow,1,1,0.9995556473731995,out_of_fold
Wide Coverage Flow Model,xgboost,Kahramanmaraş,2018,high_justice_flow,1,1,0.9996021389961243,out_of_fold
Wide Coverage Flow Model,xgboost,Kahramanmaraş,2019,high_justice_flow,1,1,0.9989120960235596,out_of_fold
Wide Coverage Flow Model,xgboost,Kahramanmaraş,2020,high_justice_flow,1,1,0.9987103939056396,out_of_fold
Wide Coverage Flow Model,xgboost,Kahramanmaraş,2021,high_justice_flow,1,1,0.9991005659103394,out_of_fold
Wide Coverage Flow Model,xgboost,Karabük,2011,high_justice_flow,0,0,0.00045527404290623963,out_of_fold
Wide Coverage Flow Model,xgboost,Karabük,2012,high_justice_flow,0,0,0.0005563552840612829,out_of_fold
Wide Coverage Flow Model,xgboost,Karabük,2013,high_justice_flow,0,0,0.0006308681331574917,out_of_fold
Wide Coverage Flow Model,xgboost,Karabük,2014,high_justice_flow,0,0,0.0007507935515604913,out_of_fold
Wide Coverage Flow Model,xgboost,Karabük,2015,high_justice_flow,0,0,0.0005779273342341185,out_of_fold
Wide Coverage Flow Model,xgboost,Karabük,2016,high_justice_flow,0,0,0.0006231067236512899,out_of_fold
Wide Coverage Flow Model,xgboost,Karabük,2017,high_justice_flow,0,0,0.0006685930420644581,out_of_fold
Wide Coverage Flow Model,xgboost,Karabük,2018,high_justice_flow,0,0,0.0009947436628863215,out_of_fold
Wide Coverage Flow Model,xgboost,Karabük,2019,high_justice_flow,0,0,0.0015721305971965194,out_of_fold
Wide Coverage Flow Model,xgboost,Karabük,2020,high_justice_flow,0,0,0.0010424986248835921,out_of_fold
Wide Coverage Flow Model,xgboost,Karabük,2021,high_justice_flow,0,0,0.0012429754715412855,out_of_fold
Wide Coverage Flow Model,xgboost,Karaman,2011,high_justice_flow,0,0,0.0011394075118005276,out_of_fold
Wide Coverage Flow Model,xgboost,Karaman,2012,high_justice_flow,0,0,0.0004302003653720021,out_of_fold
Wide Coverage Flow Model,xgboost,Karaman,2013,high_justice_flow,0,0,0.0003973835555370897,out_of_fold
Wide Coverage Flow Model,xgboost,Karaman,2014,high_justice_flow,0,0,0.0052205887623131275,out_of_fold
Wide Coverage Flow Model,xgboost,Karaman,2015,high_justice_flow,0,0,0.0028256368823349476,out_of_fold
Wide Coverage Flow Model,xgboost,Karaman,2016,high_justice_flow,0,0,0.0020459683146327734,out_of_fold
Wide Coverage Flow Model,xgboost,Karaman,2017,high_justice_flow,0,0,0.0017385348910465837,out_of_fold
Wide Coverage Flow Model,xgboost,Karaman,2018,high_justice_flow,0,0,0.0014081387780606747,out_of_fold
Wide Coverage Flow Model,xgboost,Karaman,2019,high_justice_flow,0,0,0.0009162107016891241,out_of_fold
Wide Coverage Flow Model,xgboost,Karaman,2020,high_justice_flow,0,0,0.0005796639015898108,out_of_fold
Wide Coverage Flow Model,xgboost,Karaman,2021,high_justice_flow,0,0,0.001757423859089613,out_of_fold
Wide Coverage Flow Model,xgboost,Kars,2011,high_justice_flow,0,0,0.0022559864446520805,out_of_fold
Wide Coverage Flow Model,xgboost,Kars,2012,high_justice_flow,0,0,0.001962329028174281,out_of_fold
Wide Coverage Flow Model,xgboost,Kars,2013,high_justice_flow,0,0,0.001885878387838602,out_of_fold
Wide Coverage Flow Model,xgboost,Kars,2014,high_justice_flow,0,0,0.0017706224462017417,out_of_fold
Wide Coverage Flow Model,xgboost,Kars,2015,high_justice_flow,0,0,0.0013280387502163649,out_of_fold
Wide Coverage Flow Model,xgboost,Kars,2016,high_justice_flow,0,0,0.001083700219169259,out_of_fold
Wide Coverage Flow Model,xgboost,Kars,2017,high_justice_flow,0,0,0.00107122294139117,out_of_fold
Wide Coverage Flow Model,xgboost,Kars,2018,high_justice_flow,0,0,0.0001836964365793392,out_of_fold
Wide Coverage Flow Model,xgboost,Kars,2019,high_justice_flow,0,0,0.0001527316344436258,out_of_fold
Wide Coverage Flow Model,xgboost,Kars,2020,high_justice_flow,0,0,0.0005622732569463551,out_of_fold
Wide Coverage Flow Model,xgboost,Kars,2021,high_justice_flow,0,0,0.0002839177323039621,out_of_fold
Wide Coverage Flow Model,xgboost,Kastamonu,2011,high_justice_flow,0,0,0.029465489089488983,out_of_fold
Wide Coverage Flow Model,xgboost,Kastamonu,2012,high_justice_flow,0,0,0.010700494050979614,out_of_fold
Wide Coverage Flow Model,xgboost,Kastamonu,2013,high_justice_flow,0,0,0.01296448428183794,out_of_fold
Wide Coverage Flow Model,xgboost,Kastamonu,2014,high_justice_flow,0,0,0.0027911921497434378,out_of_fold
Wide Coverage Flow Model,xgboost,Kastamonu,2015,high_justice_flow,0,0,0.001962468260899186,out_of_fold
Wide Coverage Flow Model,xgboost,Kastamonu,2016,high_justice_flow,0,0,0.002768331440165639,out_of_fold
Wide Coverage Flow Model,xgboost,Kastamonu,2017,high_justice_flow,0,0,0.012954347766935825,out_of_fold
Wide Coverage Flow Model,xgboost,Kastamonu,2018,high_justice_flow,0,0,0.015828557312488556,out_of_fold
Wide Coverage Flow Model,xgboost,Kastamonu,2019,high_justice_flow,0,0,0.009123235940933228,out_of_fold
Wide Coverage Flow Model,xgboost,Kastamonu,2020,high_justice_flow,0,0,0.00998084619641304,out_of_fold
Wide Coverage Flow Model,xgboost,Kastamonu,2021,high_justice_flow,0,0,0.011007646098732948,out_of_fold
Wide Coverage Flow Model,xgboost,Kayseri,2011,high_justice_flow,1,1,0.9986392855644226,out_of_fold
Wide Coverage Flow Model,xgboost,Kayseri,2012,high_justice_flow,1,1,0.9986392855644226,out_of_fold
Wide Coverage Flow Model,xgboost,Kayseri,2013,high_justice_flow,1,1,0.9987248778343201,out_of_fold
Wide Coverage Flow Model,xgboost,Kayseri,2014,high_justice_flow,1,1,0.9988118410110474,out_of_fold
Wide Coverage Flow Model,xgboost,Kayseri,2015,high_justice_flow,1,1,0.9985960125923157,out_of_fold
Wide Coverage Flow Model,xgboost,Kayseri,2016,high_justice_flow,1,1,0.9977789521217346,out_of_fold
Wide Coverage Flow Model,xgboost,Kayseri,2017,high_justice_flow,1,1,0.9982393980026245,out_of_fold
Wide Coverage Flow Model,xgboost,Kayseri,2018,high_justice_flow,1,1,0.9970301389694214,out_of_fold
Wide Coverage Flow Model,xgboost,Kayseri,2019,high_justice_flow,1,1,0.9964633584022522,out_of_fold
Wide Coverage Flow Model,xgboost,Kayseri,2020,high_justice_flow,1,1,0.9931913018226624,out_of_fold
Wide Coverage Flow Model,xgboost,Kayseri,2021,high_justice_flow,1,1,0.9948457479476929,out_of_fold
Wide Coverage Flow Model,xgboost,Kilis,2011,high_justice_flow,0,0,0.01369066908955574,out_of_fold
Wide Coverage Flow Model,xgboost,Kilis,2012,high_justice_flow,0,0,0.008198073133826256,out_of_fold
Wide Coverage Flow Model,xgboost,Kilis,2013,high_justice_flow,0,0,0.005716822575777769,out_of_fold
Wide Coverage Flow Model,xgboost,Kilis,2014,high_justice_flow,0,0,0.0008937453385442495,out_of_fold
Wide Coverage Flow Model,xgboost,Kilis,2015,high_justice_flow,0,0,0.001370222307741642,out_of_fold
Wide Coverage Flow Model,xgboost,Kilis,2016,high_justice_flow,0,0,0.0013568701688200235,out_of_fold
Wide Coverage Flow Model,xgboost,Kilis,2017,high_justice_flow,0,0,0.0024526300840079784,out_of_fold
Wide Coverage Flow Model,xgboost,Kilis,2018,high_justice_flow,0,0,0.0003557723539415747,out_of_fold
Wide Coverage Flow Model,xgboost,Kilis,2019,high_justice_flow,0,0,0.0005326850805431604,out_of_fold
Wide Coverage Flow Model,xgboost,Kilis,2020,high_justice_flow,0,0,0.00045903451973572373,out_of_fold
Wide Coverage Flow Model,xgboost,Kilis,2021,high_justice_flow,0,0,0.0003687414573505521,out_of_fold
Wide Coverage Flow Model,xgboost,Kocaeli,2011,high_justice_flow,1,1,0.9995825886726379,out_of_fold
Wide Coverage Flow Model,xgboost,Kocaeli,2012,high_justice_flow,1,1,0.9987205862998962,out_of_fold
Wide Coverage Flow Model,xgboost,Kocaeli,2013,high_justice_flow,1,1,0.9986775517463684,out_of_fold
Wide Coverage Flow Model,xgboost,Kocaeli,2014,high_justice_flow,1,1,0.998609185218811,out_of_fold
Wide Coverage Flow Model,xgboost,Kocaeli,2015,high_justice_flow,1,1,0.998640239238739,out_of_fold
Wide Coverage Flow Model,xgboost,Kocaeli,2016,high_justice_flow,1,1,0.9982095956802368,out_of_fold
Wide Coverage Flow Model,xgboost,Kocaeli,2017,high_justice_flow,1,1,0.9949945211410522,out_of_fold
Wide Coverage Flow Model,xgboost,Kocaeli,2018,high_justice_flow,1,1,0.9981048107147217,out_of_fold
Wide Coverage Flow Model,xgboost,Kocaeli,2019,high_justice_flow,1,1,0.9987040758132935,out_of_fold
Wide Coverage Flow Model,xgboost,Kocaeli,2020,high_justice_flow,1,1,0.9966069459915161,out_of_fold
Wide Coverage Flow Model,xgboost,Kocaeli,2021,high_justice_flow,1,1,0.9922804832458496,out_of_fold
Wide Coverage Flow Model,xgboost,Konya,2011,high_justice_flow,1,1,0.9996337890625,out_of_fold
Wide Coverage Flow Model,xgboost,Konya,2012,high_justice_flow,1,1,0.9997449517250061,out_of_fold
Wide Coverage Flow Model,xgboost,Konya,2013,high_justice_flow,1,1,0.9997352957725525,out_of_fold
Wide Coverage Flow Model,xgboost,Konya,2014,high_justice_flow,1,1,0.9997168183326721,out_of_fold
Wide Coverage Flow Model,xgboost,Konya,2015,high_justice_flow,1,1,0.9993330836296082,out_of_fold
Wide Coverage Flow Model,xgboost,Konya,2016,high_justice_flow,1,1,0.9981107711791992,out_of_fold
Wide Coverage Flow Model,xgboost,Konya,2017,high_justice_flow,1,1,0.9971089959144592,out_of_fold
Wide Coverage Flow Model,xgboost,Konya,2018,high_justice_flow,1,1,0.9980377554893494,out_of_fold
Wide Coverage Flow Model,xgboost,Konya,2019,high_justice_flow,1,1,0.9989976286888123,out_of_fold
Wide Coverage Flow Model,xgboost,Konya,2020,high_justice_flow,1,1,0.9979726672172546,out_of_fold
Wide Coverage Flow Model,xgboost,Konya,2021,high_justice_flow,1,1,0.998458743095398,out_of_fold
Wide Coverage Flow Model,xgboost,Kütahya,2011,high_justice_flow,1,1,0.9928991794586182,out_of_fold
Wide Coverage Flow Model,xgboost,Kütahya,2012,high_justice_flow,1,1,0.9853606820106506,out_of_fold
Wide Coverage Flow Model,xgboost,Kütahya,2013,high_justice_flow,1,1,0.9893997311592102,out_of_fold
Wide Coverage Flow Model,xgboost,Kütahya,2014,high_justice_flow,1,1,0.9793923497200012,out_of_fold
Wide Coverage Flow Model,xgboost,Kütahya,2015,high_justice_flow,1,1,0.989174485206604,out_of_fold
Wide Coverage Flow Model,xgboost,Kütahya,2016,high_justice_flow,1,1,0.9649772644042969,out_of_fold
Wide Coverage Flow Model,xgboost,Kütahya,2017,high_justice_flow,0,1,0.9678639769554138,out_of_fold
Wide Coverage Flow Model,xgboost,Kütahya,2018,high_justice_flow,1,1,0.9634829759597778,out_of_fold
Wide Coverage Flow Model,xgboost,Kütahya,2019,high_justice_flow,1,1,0.9327175617218018,out_of_fold
Wide Coverage Flow Model,xgboost,Kütahya,2020,high_justice_flow,1,1,0.9066026210784912,out_of_fold
Wide Coverage Flow Model,xgboost,Kütahya,2021,high_justice_flow,1,1,0.9938642978668213,out_of_fold
Wide Coverage Flow Model,xgboost,Kırklareli,2011,high_justice_flow,0,0,0.002971579320728779,out_of_fold
Wide Coverage Flow Model,xgboost,Kırklareli,2012,high_justice_flow,0,0,0.07486994564533234,out_of_fold
Wide Coverage Flow Model,xgboost,Kırklareli,2013,high_justice_flow,0,0,0.11483722925186157,out_of_fold
Wide Coverage Flow Model,xgboost,Kırklareli,2014,high_justice_flow,0,0,0.026170281693339348,out_of_fold
Wide Coverage Flow Model,xgboost,Kırklareli,2015,high_justice_flow,0,0,0.04572199285030365,out_of_fold
Wide Coverage Flow Model,xgboost,Kırklareli,2016,high_justice_flow,0,0,0.05724867433309555,out_of_fold
Wide Coverage Flow Model,xgboost,Kırklareli,2017,high_justice_flow,0,0,0.3233802318572998,out_of_fold
Wide Coverage Flow Model,xgboost,Kırklareli,2018,high_justice_flow,0,0,0.11559318751096725,out_of_fold
Wide Coverage Flow Model,xgboost,Kırklareli,2019,high_justice_flow,0,0,0.04383215680718422,out_of_fold
Wide Coverage Flow Model,xgboost,Kırklareli,2020,high_justice_flow,0,0,0.3729645311832428,out_of_fold
Wide Coverage Flow Model,xgboost,Kırklareli,2021,high_justice_flow,0,0,0.24161101877689362,out_of_fold
Wide Coverage Flow Model,xgboost,Kırıkkale,2011,high_justice_flow,0,0,0.001033289241604507,out_of_fold
Wide Coverage Flow Model,xgboost,Kırıkkale,2012,high_justice_flow,0,0,0.0006274951156228781,out_of_fold
Wide Coverage Flow Model,xgboost,Kırıkkale,2013,high_justice_flow,0,0,0.0005529504269361496,out_of_fold
Wide Coverage Flow Model,xgboost,Kırıkkale,2014,high_justice_flow,0,0,0.0011827709386125207,out_of_fold
Wide Coverage Flow Model,xgboost,Kırıkkale,2015,high_justice_flow,0,0,0.0011051970068365335,out_of_fold
Wide Coverage Flow Model,xgboost,Kırıkkale,2016,high_justice_flow,0,0,0.0006317752413451672,out_of_fold
Wide Coverage Flow Model,xgboost,Kırıkkale,2017,high_justice_flow,0,0,0.0006223787786439061,out_of_fold
Wide Coverage Flow Model,xgboost,Kırıkkale,2018,high_justice_flow,0,0,0.0006391588249243796,out_of_fold
Wide Coverage Flow Model,xgboost,Kırıkkale,2019,high_justice_flow,0,0,0.00076786003774032,out_of_fold
Wide Coverage Flow Model,xgboost,Kırıkkale,2020,high_justice_flow,0,0,0.0010776905110105872,out_of_fold
Wide Coverage Flow Model,xgboost,Kırıkkale,2021,high_justice_flow,0,0,0.000737413065508008,out_of_fold
Wide Coverage Flow Model,xgboost,Kırşehir,2011,high_justice_flow,0,0,0.0015373724745586514,out_of_fold
Wide Coverage Flow Model,xgboost,Kırşehir,2012,high_justice_flow,0,0,0.0010486640967428684,out_of_fold
Wide Coverage Flow Model,xgboost,Kırşehir,2013,high_justice_flow,0,0,0.0010004692012444139,out_of_fold
Wide Coverage Flow Model,xgboost,Kırşehir,2014,high_justice_flow,0,0,0.0010576496133580804,out_of_fold
Wide Coverage Flow Model,xgboost,Kırşehir,2015,high_justice_flow,0,0,0.0004883186775259674,out_of_fold
Wide Coverage Flow Model,xgboost,Kırşehir,2016,high_justice_flow,0,0,0.00096173828933388,out_of_fold
Wide Coverage Flow Model,xgboost,Kırşehir,2017,high_justice_flow,0,0,0.000444958102889359,out_of_fold
Wide Coverage Flow Model,xgboost,Kırşehir,2018,high_justice_flow,0,0,0.0004928807029500604,out_of_fold
Wide Coverage Flow Model,xgboost,Kırşehir,2019,high_justice_flow,0,0,0.000307539536152035,out_of_fold
Wide Coverage Flow Model,xgboost,Kırşehir,2020,high_justice_flow,0,0,0.00032847182592377067,out_of_fold
Wide Coverage Flow Model,xgboost,Kırşehir,2021,high_justice_flow,0,0,0.0004604046407621354,out_of_fold
Wide Coverage Flow Model,xgboost,Malatya,2011,high_justice_flow,1,1,0.9991439580917358,out_of_fold
Wide Coverage Flow Model,xgboost,Malatya,2012,high_justice_flow,1,1,0.9988865256309509,out_of_fold
Wide Coverage Flow Model,xgboost,Malatya,2013,high_justice_flow,1,1,0.9988865256309509,out_of_fold
Wide Coverage Flow Model,xgboost,Malatya,2014,high_justice_flow,1,1,0.9986982345581055,out_of_fold
Wide Coverage Flow Model,xgboost,Malatya,2015,high_justice_flow,1,1,0.9927831888198853,out_of_fold
Wide Coverage Flow Model,xgboost,Malatya,2016,high_justice_flow,1,1,0.9910504817962646,out_of_fold
Wide Coverage Flow Model,xgboost,Malatya,2017,high_justice_flow,1,1,0.9927452206611633,out_of_fold
Wide Coverage Flow Model,xgboost,Malatya,2018,high_justice_flow,1,1,0.9987043142318726,out_of_fold
Wide Coverage Flow Model,xgboost,Malatya,2019,high_justice_flow,1,1,0.9890986680984497,out_of_fold
Wide Coverage Flow Model,xgboost,Malatya,2020,high_justice_flow,1,1,0.9923719167709351,out_of_fold
Wide Coverage Flow Model,xgboost,Malatya,2021,high_justice_flow,1,1,0.9784252047538757,out_of_fold
Wide Coverage Flow Model,xgboost,Manisa,2011,high_justice_flow,1,1,0.9995261430740356,out_of_fold
Wide Coverage Flow Model,xgboost,Manisa,2012,high_justice_flow,1,1,0.9994719624519348,out_of_fold
Wide Coverage Flow Model,xgboost,Manisa,2013,high_justice_flow,1,1,0.999279797077179,out_of_fold
Wide Coverage Flow Model,xgboost,Manisa,2014,high_justice_flow,1,1,0.9991324543952942,out_of_fold
Wide Coverage Flow Model,xgboost,Manisa,2015,high_justice_flow,1,1,0.9995723366737366,out_of_fold
Wide Coverage Flow Model,xgboost,Manisa,2016,high_justice_flow,1,1,0.998974084854126,out_of_fold
Wide Coverage Flow Model,xgboost,Manisa,2017,high_justice_flow,1,1,0.9980407357215881,out_of_fold
Wide Coverage Flow Model,xgboost,Manisa,2018,high_justice_flow,1,1,0.9945573806762695,out_of_fold
Wide Coverage Flow Model,xgboost,Manisa,2019,high_justice_flow,1,1,0.9986186027526855,out_of_fold
Wide Coverage Flow Model,xgboost,Manisa,2020,high_justice_flow,1,1,0.9967239499092102,out_of_fold
Wide Coverage Flow Model,xgboost,Manisa,2021,high_justice_flow,1,1,0.9971513152122498,out_of_fold
Wide Coverage Flow Model,xgboost,Mardin,2011,high_justice_flow,1,0,0.0028355359099805355,out_of_fold
Wide Coverage Flow Model,xgboost,Mardin,2012,high_justice_flow,1,0,0.06290502846240997,out_of_fold
Wide Coverage Flow Model,xgboost,Mardin,2013,high_justice_flow,1,0,0.04493885859847069,out_of_fold
Wide Coverage Flow Model,xgboost,Mardin,2014,high_justice_flow,1,0,0.058001309633255005,out_of_fold
Wide Coverage Flow Model,xgboost,Mardin,2015,high_justice_flow,1,1,0.5351535081863403,out_of_fold
Wide Coverage Flow Model,xgboost,Mardin,2016,high_justice_flow,1,1,0.5573849678039551,out_of_fold
Wide Coverage Flow Model,xgboost,Mardin,2017,high_justice_flow,1,1,0.9904220104217529,out_of_fold
Wide Coverage Flow Model,xgboost,Mardin,2018,high_justice_flow,1,1,0.9574083685874939,out_of_fold
Wide Coverage Flow Model,xgboost,Mardin,2019,high_justice_flow,1,1,0.9498815536499023,out_of_fold
Wide Coverage Flow Model,xgboost,Mardin,2020,high_justice_flow,1,1,0.9921801090240479,out_of_fold
Wide Coverage Flow Model,xgboost,Mardin,2021,high_justice_flow,1,1,0.9824451804161072,out_of_fold
Wide Coverage Flow Model,xgboost,Mersin,2011,high_justice_flow,1,1,0.9995941519737244,out_of_fold
Wide Coverage Flow Model,xgboost,Mersin,2012,high_justice_flow,1,1,0.9995941519737244,out_of_fold
Wide Coverage Flow Model,xgboost,Mersin,2013,high_justice_flow,1,1,0.9996004700660706,out_of_fold
Wide Coverage Flow Model,xgboost,Mersin,2014,high_justice_flow,1,1,0.9995973706245422,out_of_fold
Wide Coverage Flow Model,xgboost,Mersin,2015,high_justice_flow,1,1,0.999258816242218,out_of_fold
Wide Coverage Flow Model,xgboost,Mersin,2016,high_justice_flow,1,1,0.9994847774505615,out_of_fold
Wide Coverage Flow Model,xgboost,Mersin,2017,high_justice_flow,1,1,0.9993246793746948,out_of_fold
Wide Coverage Flow Model,xgboost,Mersin,2018,high_justice_flow,1,1,0.9988266825675964,out_of_fold
Wide Coverage Flow Model,xgboost,Mersin,2019,high_justice_flow,1,1,0.9988325238227844,out_of_fold
Wide Coverage Flow Model,xgboost,Mersin,2020,high_justice_flow,1,1,0.9990397095680237,out_of_fold
Wide Coverage Flow Model,xgboost,Mersin,2021,high_justice_flow,1,1,0.9988389611244202,out_of_fold
Wide Coverage Flow Model,xgboost,Muğla,2011,high_justice_flow,1,1,0.9987332224845886,out_of_fold
Wide Coverage Flow Model,xgboost,Muğla,2012,high_justice_flow,1,1,0.998630166053772,out_of_fold
Wide Coverage Flow Model,xgboost,Muğla,2013,high_justice_flow,1,1,0.998630166053772,out_of_fold
Wide Coverage Flow Model,xgboost,Muğla,2014,high_justice_flow,1,1,0.9987572431564331,out_of_fold
Wide Coverage Flow Model,xgboost,Muğla,2015,high_justice_flow,1,1,0.998548686504364,out_of_fold
Wide Coverage Flow Model,xgboost,Muğla,2016,high_justice_flow,1,1,0.9980947375297546,out_of_fold
Wide Coverage Flow Model,xgboost,Muğla,2017,high_justice_flow,1,1,0.9969813227653503,out_of_fold
Wide Coverage Flow Model,xgboost,Muğla,2018,high_justice_flow,1,1,0.9970716238021851,out_of_fold
Wide Coverage Flow Model,xgboost,Muğla,2019,high_justice_flow,1,1,0.9983910918235779,out_of_fold
Wide Coverage Flow Model,xgboost,Muğla,2020,high_justice_flow,1,1,0.9892380237579346,out_of_fold
Wide Coverage Flow Model,xgboost,Muğla,2021,high_justice_flow,1,1,0.9970923662185669,out_of_fold
Wide Coverage Flow Model,xgboost,Muş,2011,high_justice_flow,0,0,0.003209303831681609,out_of_fold
Wide Coverage Flow Model,xgboost,Muş,2012,high_justice_flow,0,0,0.0027635691221803427,out_of_fold
Wide Coverage Flow Model,xgboost,Muş,2013,high_justice_flow,0,0,0.0022893408313393593,out_of_fold
Wide Coverage Flow Model,xgboost,Muş,2014,high_justice_flow,0,0,0.003425800474360585,out_of_fold
Wide Coverage Flow Model,xgboost,Muş,2015,high_justice_flow,0,0,0.003577296156436205,out_of_fold
Wide Coverage Flow Model,xgboost,Muş,2016,high_justice_flow,0,0,0.0032068793661892414,out_of_fold
Wide Coverage Flow Model,xgboost,Muş,2017,high_justice_flow,0,0,0.0030459577683359385,out_of_fold
Wide Coverage Flow Model,xgboost,Muş,2018,high_justice_flow,0,0,0.0005840770900249481,out_of_fold
Wide Coverage Flow Model,xgboost,Muş,2019,high_justice_flow,0,0,0.0007036575116217136,out_of_fold
Wide Coverage Flow Model,xgboost,Muş,2020,high_justice_flow,0,0,0.0008604496251791716,out_of_fold
Wide Coverage Flow Model,xgboost,Muş,2021,high_justice_flow,0,0,0.0006145712104626,out_of_fold
Wide Coverage Flow Model,xgboost,Nevşehir,2011,high_justice_flow,0,0,0.002317714737728238,out_of_fold
Wide Coverage Flow Model,xgboost,Nevşehir,2012,high_justice_flow,0,0,0.0022489940747618675,out_of_fold
Wide Coverage Flow Model,xgboost,Nevşehir,2013,high_justice_flow,0,0,0.0022008479572832584,out_of_fold
Wide Coverage Flow Model,xgboost,Nevşehir,2014,high_justice_flow,0,0,0.0022318412084132433,out_of_fold
Wide Coverage Flow Model,xgboost,Nevşehir,2015,high_justice_flow,0,0,0.0008943595457822084,out_of_fold
Wide Coverage Flow Model,xgboost,Nevşehir,2016,high_justice_flow,0,0,0.0006620598142035306,out_of_fold
Wide Coverage Flow Model,xgboost,Nevşehir,2017,high_justice_flow,0,0,0.0007619209936819971,out_of_fold
Wide Coverage Flow Model,xgboost,Nevşehir,2018,high_justice_flow,0,0,0.001209511887282133,out_of_fold
Wide Coverage Flow Model,xgboost,Nevşehir,2019,high_justice_flow,0,0,0.0005429695011116564,out_of_fold
Wide Coverage Flow Model,xgboost,Nevşehir,2020,high_justice_flow,0,0,0.0004903703229501843,out_of_fold
Wide Coverage Flow Model,xgboost,Nevşehir,2021,high_justice_flow,0,0,0.0006713024922646582,out_of_fold
Wide Coverage Flow Model,xgboost,Niğde,2011,high_justice_flow,0,0,0.00238496414385736,out_of_fold
Wide Coverage Flow Model,xgboost,Niğde,2012,high_justice_flow,0,0,0.0022212332114577293,out_of_fold
Wide Coverage Flow Model,xgboost,Niğde,2013,high_justice_flow,0,0,0.0019865939393639565,out_of_fold
Wide Coverage Flow Model,xgboost,Niğde,2014,high_justice_flow,0,0,0.006460826378315687,out_of_fold
Wide Coverage Flow Model,xgboost,Niğde,2015,high_justice_flow,0,0,0.0038589471951127052,out_of_fold
Wide Coverage Flow Model,xgboost,Niğde,2016,high_justice_flow,0,0,0.0014047727454453707,out_of_fold
Wide Coverage Flow Model,xgboost,Niğde,2017,high_justice_flow,0,0,0.001962415874004364,out_of_fold
Wide Coverage Flow Model,xgboost,Niğde,2018,high_justice_flow,0,0,0.0016161828534677625,out_of_fold
Wide Coverage Flow Model,xgboost,Niğde,2019,high_justice_flow,0,0,0.005227990914136171,out_of_fold
Wide Coverage Flow Model,xgboost,Niğde,2020,high_justice_flow,0,0,0.007639494724571705,out_of_fold
Wide Coverage Flow Model,xgboost,Niğde,2021,high_justice_flow,0,0,0.012224888429045677,out_of_fold
Wide Coverage Flow Model,xgboost,Ordu,2011,high_justice_flow,1,1,0.9936979413032532,out_of_fold
Wide Coverage Flow Model,xgboost,Ordu,2012,high_justice_flow,1,1,0.9941111207008362,out_of_fold
Wide Coverage Flow Model,xgboost,Ordu,2013,high_justice_flow,1,1,0.9914162755012512,out_of_fold
Wide Coverage Flow Model,xgboost,Ordu,2014,high_justice_flow,1,1,0.9856738448143005,out_of_fold
Wide Coverage Flow Model,xgboost,Ordu,2015,high_justice_flow,1,1,0.9653560519218445,out_of_fold
Wide Coverage Flow Model,xgboost,Ordu,2016,high_justice_flow,1,1,0.9777342677116394,out_of_fold
Wide Coverage Flow Model,xgboost,Ordu,2017,high_justice_flow,1,1,0.9971639513969421,out_of_fold
Wide Coverage Flow Model,xgboost,Ordu,2018,high_justice_flow,1,1,0.9942178726196289,out_of_fold
Wide Coverage Flow Model,xgboost,Ordu,2019,high_justice_flow,1,1,0.9960021376609802,out_of_fold
Wide Coverage Flow Model,xgboost,Ordu,2020,high_justice_flow,1,1,0.9890230894088745,out_of_fold
Wide Coverage Flow Model,xgboost,Ordu,2021,high_justice_flow,1,1,0.9900082349777222,out_of_fold
Wide Coverage Flow Model,xgboost,Osmaniye,2011,high_justice_flow,0,0,0.09652932733297348,out_of_fold
Wide Coverage Flow Model,xgboost,Osmaniye,2012,high_justice_flow,1,0,0.07621268928050995,out_of_fold
Wide Coverage Flow Model,xgboost,Osmaniye,2013,high_justice_flow,1,0,0.14655481278896332,out_of_fold
Wide Coverage Flow Model,xgboost,Osmaniye,2014,high_justice_flow,1,0,0.043530214577913284,out_of_fold
Wide Coverage Flow Model,xgboost,Osmaniye,2015,high_justice_flow,1,0,0.04599515721201897,out_of_fold
Wide Coverage Flow Model,xgboost,Osmaniye,2016,high_justice_flow,1,0,0.3063563108444214,out_of_fold
Wide Coverage Flow Model,xgboost,Osmaniye,2017,high_justice_flow,1,0,0.45664316415786743,out_of_fold
Wide Coverage Flow Model,xgboost,Osmaniye,2018,high_justice_flow,1,0,0.17162752151489258,out_of_fold
Wide Coverage Flow Model,xgboost,Osmaniye,2019,high_justice_flow,1,0,0.08722701668739319,out_of_fold
Wide Coverage Flow Model,xgboost,Osmaniye,2020,high_justice_flow,1,1,0.5346845388412476,out_of_fold
Wide Coverage Flow Model,xgboost,Osmaniye,2021,high_justice_flow,1,1,0.8618725538253784,out_of_fold
Wide Coverage Flow Model,xgboost,Rize,2011,high_justice_flow,0,0,0.001278446288779378,out_of_fold
Wide Coverage Flow Model,xgboost,Rize,2012,high_justice_flow,0,0,0.0006499976734630764,out_of_fold
Wide Coverage Flow Model,xgboost,Rize,2013,high_justice_flow,0,0,0.001195214339531958,out_of_fold
Wide Coverage Flow Model,xgboost,Rize,2014,high_justice_flow,0,0,0.004897539969533682,out_of_fold
Wide Coverage Flow Model,xgboost,Rize,2015,high_justice_flow,0,0,0.009590905159711838,out_of_fold
Wide Coverage Flow Model,xgboost,Rize,2016,high_justice_flow,0,0,0.0075449272990226746,out_of_fold
Wide Coverage Flow Model,xgboost,Rize,2017,high_justice_flow,0,0,0.004160413984209299,out_of_fold
Wide Coverage Flow Model,xgboost,Rize,2018,high_justice_flow,0,0,0.004371722228825092,out_of_fold
Wide Coverage Flow Model,xgboost,Rize,2019,high_justice_flow,0,0,0.0028848943766206503,out_of_fold
Wide Coverage Flow Model,xgboost,Rize,2020,high_justice_flow,0,0,0.009587535634636879,out_of_fold
Wide Coverage Flow Model,xgboost,Rize,2021,high_justice_flow,0,0,0.00816455390304327,out_of_fold
Wide Coverage Flow Model,xgboost,Sakarya,2011,high_justice_flow,1,1,0.9994262456893921,out_of_fold
Wide Coverage Flow Model,xgboost,Sakarya,2012,high_justice_flow,1,1,0.9990330934524536,out_of_fold
Wide Coverage Flow Model,xgboost,Sakarya,2013,high_justice_flow,1,1,0.9990448355674744,out_of_fold
Wide Coverage Flow Model,xgboost,Sakarya,2014,high_justice_flow,1,1,0.9989907145500183,out_of_fold
Wide Coverage Flow Model,xgboost,Sakarya,2015,high_justice_flow,1,1,0.9990133047103882,out_of_fold
Wide Coverage Flow Model,xgboost,Sakarya,2016,high_justice_flow,1,1,0.9986621141433716,out_of_fold
Wide Coverage Flow Model,xgboost,Sakarya,2017,high_justice_flow,1,1,0.9957644939422607,out_of_fold
Wide Coverage Flow Model,xgboost,Sakarya,2018,high_justice_flow,1,1,0.9969621300697327,out_of_fold
Wide Coverage Flow Model,xgboost,Sakarya,2019,high_justice_flow,1,1,0.9970990419387817,out_of_fold
Wide Coverage Flow Model,xgboost,Sakarya,2020,high_justice_flow,1,1,0.9941146969795227,out_of_fold
Wide Coverage Flow Model,xgboost,Sakarya,2021,high_justice_flow,1,1,0.9879581928253174,out_of_fold
Wide Coverage Flow Model,xgboost,Samsun,2011,high_justice_flow,1,1,0.9988160133361816,out_of_fold
Wide Coverage Flow Model,xgboost,Samsun,2012,high_justice_flow,1,1,0.9980752468109131,out_of_fold
Wide Coverage Flow Model,xgboost,Samsun,2013,high_justice_flow,1,1,0.9980340600013733,out_of_fold
Wide Coverage Flow Model,xgboost,Samsun,2014,high_justice_flow,1,1,0.9982439279556274,out_of_fold
Wide Coverage Flow Model,xgboost,Samsun,2015,high_justice_flow,1,1,0.9980955719947815,out_of_fold
Wide Coverage Flow Model,xgboost,Samsun,2016,high_justice_flow,1,1,0.9968960285186768,out_of_fold
Wide Coverage Flow Model,xgboost,Samsun,2017,high_justice_flow,1,1,0.9961280226707458,out_of_fold
Wide Coverage Flow Model,xgboost,Samsun,2018,high_justice_flow,1,1,0.9949559569358826,out_of_fold
Wide Coverage Flow Model,xgboost,Samsun,2019,high_justice_flow,1,1,0.9928705096244812,out_of_fold
Wide Coverage Flow Model,xgboost,Samsun,2020,high_justice_flow,1,1,0.9925928711891174,out_of_fold
Wide Coverage Flow Model,xgboost,Samsun,2021,high_justice_flow,1,1,0.9906846284866333,out_of_fold
Wide Coverage Flow Model,xgboost,Siirt,2011,high_justice_flow,0,0,0.0100626852363348,out_of_fold
Wide Coverage Flow Model,xgboost,Siirt,2012,high_justice_flow,0,0,0.0100626852363348,out_of_fold
Wide Coverage Flow Model,xgboost,Siirt,2013,high_justice_flow,0,0,0.009016955271363258,out_of_fold
Wide Coverage Flow Model,xgboost,Siirt,2014,high_justice_flow,0,0,0.009058143943548203,out_of_fold
Wide Coverage Flow Model,xgboost,Siirt,2015,high_justice_flow,0,0,0.008437073789536953,out_of_fold
Wide Coverage Flow Model,xgboost,Siirt,2016,high_justice_flow,0,0,0.00689679617062211,out_of_fold
Wide Coverage Flow Model,xgboost,Siirt,2017,high_justice_flow,0,0,0.01493003498762846,out_of_fold
Wide Coverage Flow Model,xgboost,Siirt,2018,high_justice_flow,0,0,0.00098501390311867,out_of_fold
Wide Coverage Flow Model,xgboost,Siirt,2019,high_justice_flow,0,0,0.0007095601758919656,out_of_fold
Wide Coverage Flow Model,xgboost,Siirt,2020,high_justice_flow,0,0,0.003483326407149434,out_of_fold
Wide Coverage Flow Model,xgboost,Siirt,2021,high_justice_flow,0,0,0.002229581819847226,out_of_fold
Wide Coverage Flow Model,xgboost,Sinop,2011,high_justice_flow,0,0,0.0021091820672154427,out_of_fold
Wide Coverage Flow Model,xgboost,Sinop,2012,high_justice_flow,0,0,0.0005856705247424543,out_of_fold
Wide Coverage Flow Model,xgboost,Sinop,2013,high_justice_flow,0,0,0.0005639440496452153,out_of_fold
Wide Coverage Flow Model,xgboost,Sinop,2014,high_justice_flow,0,0,0.0007150173769332469,out_of_fold
Wide Coverage Flow Model,xgboost,Sinop,2015,high_justice_flow,0,0,0.0007220494444482028,out_of_fold
Wide Coverage Flow Model,xgboost,Sinop,2016,high_justice_flow,0,0,0.0006791975465603173,out_of_fold
Wide Coverage Flow Model,xgboost,Sinop,2017,high_justice_flow,0,0,0.0009386444580741227,out_of_fold
Wide Coverage Flow Model,xgboost,Sinop,2018,high_justice_flow,0,0,0.000925657746847719,out_of_fold
Wide Coverage Flow Model,xgboost,Sinop,2019,high_justice_flow,0,0,0.0006444323225878179,out_of_fold
Wide Coverage Flow Model,xgboost,Sinop,2020,high_justice_flow,0,0,0.000524910690728575,out_of_fold
Wide Coverage Flow Model,xgboost,Sinop,2021,high_justice_flow,0,0,0.0007220367551781237,out_of_fold
Wide Coverage Flow Model,xgboost,Sivas,2011,high_justice_flow,1,1,0.980970025062561,out_of_fold
Wide Coverage Flow Model,xgboost,Sivas,2012,high_justice_flow,1,1,0.9963072538375854,out_of_fold
Wide Coverage Flow Model,xgboost,Sivas,2013,high_justice_flow,1,1,0.9964486360549927,out_of_fold
Wide Coverage Flow Model,xgboost,Sivas,2014,high_justice_flow,1,1,0.9949066042900085,out_of_fold
Wide Coverage Flow Model,xgboost,Sivas,2015,high_justice_flow,1,1,0.9928357005119324,out_of_fold
Wide Coverage Flow Model,xgboost,Sivas,2016,high_justice_flow,1,1,0.9930036664009094,out_of_fold
Wide Coverage Flow Model,xgboost,Sivas,2017,high_justice_flow,1,1,0.9951627254486084,out_of_fold
Wide Coverage Flow Model,xgboost,Sivas,2018,high_justice_flow,1,1,0.9895244240760803,out_of_fold
Wide Coverage Flow Model,xgboost,Sivas,2019,high_justice_flow,1,1,0.805435836315155,out_of_fold
Wide Coverage Flow Model,xgboost,Sivas,2020,high_justice_flow,1,1,0.9276512265205383,out_of_fold
Wide Coverage Flow Model,xgboost,Sivas,2021,high_justice_flow,1,1,0.9799995422363281,out_of_fold
Wide Coverage Flow Model,xgboost,Tekirdağ,2011,high_justice_flow,1,1,0.9997292160987854,out_of_fold
Wide Coverage Flow Model,xgboost,Tekirdağ,2012,high_justice_flow,1,1,0.9996668100357056,out_of_fold
Wide Coverage Flow Model,xgboost,Tekirdağ,2013,high_justice_flow,1,1,0.9994112253189087,out_of_fold
Wide Coverage Flow Model,xgboost,Tekirdağ,2014,high_justice_flow,1,1,0.9995753169059753,out_of_fold
Wide Coverage Flow Model,xgboost,Tekirdağ,2015,high_justice_flow,1,1,0.9998158812522888,out_of_fold
Wide Coverage Flow Model,xgboost,Tekirdağ,2016,high_justice_flow,1,1,0.9990063309669495,out_of_fold
Wide Coverage Flow Model,xgboost,Tekirdağ,2017,high_justice_flow,1,1,0.9994744658470154,out_of_fold
Wide Coverage Flow Model,xgboost,Tekirdağ,2018,high_justice_flow,1,1,0.9994520545005798,out_of_fold
Wide Coverage Flow Model,xgboost,Tekirdağ,2019,high_justice_flow,1,1,0.999332845211029,out_of_fold
Wide Coverage Flow Model,xgboost,Tekirdağ,2020,high_justice_flow,1,1,0.9985319375991821,out_of_fold
Wide Coverage Flow Model,xgboost,Tekirdağ,2021,high_justice_flow,1,1,0.9978256821632385,out_of_fold
Wide Coverage Flow Model,xgboost,Tokat,2011,high_justice_flow,1,1,0.6473623514175415,out_of_fold
Wide Coverage Flow Model,xgboost,Tokat,2012,high_justice_flow,1,1,0.6064003109931946,out_of_fold
Wide Coverage Flow Model,xgboost,Tokat,2013,high_justice_flow,1,1,0.5352612137794495,out_of_fold
Wide Coverage Flow Model,xgboost,Tokat,2014,high_justice_flow,1,0,0.3341136574745178,out_of_fold
Wide Coverage Flow Model,xgboost,Tokat,2015,high_justice_flow,1,0,0.35861483216285706,out_of_fold
Wide Coverage Flow Model,xgboost,Tokat,2016,high_justice_flow,1,0,0.3136952221393585,out_of_fold
Wide Coverage Flow Model,xgboost,Tokat,2017,high_justice_flow,1,0,0.0752691775560379,out_of_fold
Wide Coverage Flow Model,xgboost,Tokat,2018,high_justice_flow,1,0,0.0659065842628479,out_of_fold
Wide Coverage Flow Model,xgboost,Tokat,2019,high_justice_flow,1,0,0.05223792791366577,out_of_fold
Wide Coverage Flow Model,xgboost,Tokat,2020,high_justice_flow,1,1,0.5637972950935364,out_of_fold
Wide Coverage Flow Model,xgboost,Tokat,2021,high_justice_flow,1,0,0.3899485766887665,out_of_fold
Wide Coverage Flow Model,xgboost,Trabzon,2011,high_justice_flow,1,1,0.9988743662834167,out_of_fold
Wide Coverage Flow Model,xgboost,Trabzon,2012,high_justice_flow,1,1,0.999359667301178,out_of_fold
Wide Coverage Flow Model,xgboost,Trabzon,2013,high_justice_flow,1,1,0.9983357787132263,out_of_fold
Wide Coverage Flow Model,xgboost,Trabzon,2014,high_justice_flow,1,1,0.9979609251022339,out_of_fold
Wide Coverage Flow Model,xgboost,Trabzon,2015,high_justice_flow,1,1,0.9979609251022339,out_of_fold
Wide Coverage Flow Model,xgboost,Trabzon,2016,high_justice_flow,1,1,0.9986149072647095,out_of_fold
Wide Coverage Flow Model,xgboost,Trabzon,2017,high_justice_flow,1,1,0.9981189370155334,out_of_fold
Wide Coverage Flow Model,xgboost,Trabzon,2018,high_justice_flow,1,1,0.9930315017700195,out_of_fold
Wide Coverage Flow Model,xgboost,Trabzon,2019,high_justice_flow,1,1,0.9966585636138916,out_of_fold
Wide Coverage Flow Model,xgboost,Trabzon,2020,high_justice_flow,1,1,0.9966828227043152,out_of_fold
Wide Coverage Flow Model,xgboost,Trabzon,2021,high_justice_flow,1,1,0.9955287575721741,out_of_fold
Wide Coverage Flow Model,xgboost,Tunceli,2011,high_justice_flow,0,0,0.0028746703173965216,out_of_fold
Wide Coverage Flow Model,xgboost,Tunceli,2012,high_justice_flow,0,0,0.002664027502760291,out_of_fold
Wide Coverage Flow Model,xgboost,Tunceli,2013,high_justice_flow,0,0,0.0025603093672543764,out_of_fold
Wide Coverage Flow Model,xgboost,Tunceli,2014,high_justice_flow,0,0,0.0023327632807195187,out_of_fold
Wide Coverage Flow Model,xgboost,Tunceli,2015,high_justice_flow,0,0,0.000869986426550895,out_of_fold
Wide Coverage Flow Model,xgboost,Tunceli,2016,high_justice_flow,0,0,0.0007173379417508841,out_of_fold
Wide Coverage Flow Model,xgboost,Tunceli,2017,high_justice_flow,0,0,0.001248353160917759,out_of_fold
Wide Coverage Flow Model,xgboost,Tunceli,2018,high_justice_flow,0,0,0.00027400627732276917,out_of_fold
Wide Coverage Flow Model,xgboost,Tunceli,2019,high_justice_flow,0,0,0.00026095309294760227,out_of_fold
Wide Coverage Flow Model,xgboost,Tunceli,2020,high_justice_flow,0,0,0.0007614422938786447,out_of_fold
Wide Coverage Flow Model,xgboost,Tunceli,2021,high_justice_flow,0,0,0.0005085436860099435,out_of_fold
Wide Coverage Flow Model,xgboost,Uşak,2011,high_justice_flow,0,0,0.12623250484466553,out_of_fold
Wide Coverage Flow Model,xgboost,Uşak,2012,high_justice_flow,0,0,0.16474288702011108,out_of_fold
Wide Coverage Flow Model,xgboost,Uşak,2013,high_justice_flow,0,0,0.13533848524093628,out_of_fold
Wide Coverage Flow Model,xgboost,Uşak,2014,high_justice_flow,0,1,0.8838027715682983,out_of_fold
Wide Coverage Flow Model,xgboost,Uşak,2015,high_justice_flow,0,1,0.822088360786438,out_of_fold
Wide Coverage Flow Model,xgboost,Uşak,2016,high_justice_flow,0,1,0.9528972506523132,out_of_fold
Wide Coverage Flow Model,xgboost,Uşak,2017,high_justice_flow,0,1,0.958407461643219,out_of_fold
Wide Coverage Flow Model,xgboost,Uşak,2018,high_justice_flow,0,0,0.28782331943511963,out_of_fold
Wide Coverage Flow Model,xgboost,Uşak,2019,high_justice_flow,0,0,0.30660200119018555,out_of_fold
Wide Coverage Flow Model,xgboost,Uşak,2020,high_justice_flow,0,1,0.8600091338157654,out_of_fold
Wide Coverage Flow Model,xgboost,Uşak,2021,high_justice_flow,0,0,0.4193454384803772,out_of_fold
Wide Coverage Flow Model,xgboost,Van,2011,high_justice_flow,1,0,0.26247912645339966,out_of_fold
Wide Coverage Flow Model,xgboost,Van,2012,high_justice_flow,1,1,0.9197683930397034,out_of_fold
Wide Coverage Flow Model,xgboost,Van,2013,high_justice_flow,1,1,0.9079570770263672,out_of_fold
Wide Coverage Flow Model,xgboost,Van,2014,high_justice_flow,1,1,0.9390664100646973,out_of_fold
Wide Coverage Flow Model,xgboost,Van,2015,high_justice_flow,1,1,0.9975119829177856,out_of_fold
Wide Coverage Flow Model,xgboost,Van,2016,high_justice_flow,1,1,0.9985278844833374,out_of_fold
Wide Coverage Flow Model,xgboost,Van,2017,high_justice_flow,1,1,0.9984580278396606,out_of_fold
Wide Coverage Flow Model,xgboost,Van,2018,high_justice_flow,1,1,0.9935010075569153,out_of_fold
Wide Coverage Flow Model,xgboost,Van,2019,high_justice_flow,1,1,0.995917022228241,out_of_fold
Wide Coverage Flow Model,xgboost,Van,2020,high_justice_flow,1,1,0.9955013394355774,out_of_fold
Wide Coverage Flow Model,xgboost,Van,2021,high_justice_flow,1,1,0.9914429783821106,out_of_fold
Wide Coverage Flow Model,xgboost,Yalova,2011,high_justice_flow,0,0,0.003194696269929409,out_of_fold
Wide Coverage Flow Model,xgboost,Yalova,2012,high_justice_flow,0,0,0.002518601482734084,out_of_fold
Wide Coverage Flow Model,xgboost,Yalova,2013,high_justice_flow,0,0,0.002305573783814907,out_of_fold
Wide Coverage Flow Model,xgboost,Yalova,2014,high_justice_flow,0,0,0.002263458212837577,out_of_fold
Wide Coverage Flow Model,xgboost,Yalova,2015,high_justice_flow,0,0,0.008499512448906898,out_of_fold
Wide Coverage Flow Model,xgboost,Yalova,2016,high_justice_flow,0,0,0.0031478670425713062,out_of_fold
Wide Coverage Flow Model,xgboost,Yalova,2017,high_justice_flow,0,0,0.0018865023739635944,out_of_fold
Wide Coverage Flow Model,xgboost,Yalova,2018,high_justice_flow,0,0,0.004054482560604811,out_of_fold
Wide Coverage Flow Model,xgboost,Yalova,2019,high_justice_flow,0,0,0.005789916962385178,out_of_fold
Wide Coverage Flow Model,xgboost,Yalova,2020,high_justice_flow,0,0,0.01704137772321701,out_of_fold
Wide Coverage Flow Model,xgboost,Yalova,2021,high_justice_flow,0,0,0.02096705511212349,out_of_fold
Wide Coverage Flow Model,xgboost,Yozgat,2011,high_justice_flow,0,0,0.40386831760406494,out_of_fold
Wide Coverage Flow Model,xgboost,Yozgat,2012,high_justice_flow,0,0,0.10057420283555984,out_of_fold
Wide Coverage Flow Model,xgboost,Yozgat,2013,high_justice_flow,0,0,0.09857369214296341,out_of_fold
Wide Coverage Flow Model,xgboost,Yozgat,2014,high_justice_flow,0,0,0.021385835483670235,out_of_fold
Wide Coverage Flow Model,xgboost,Yozgat,2015,high_justice_flow,0,0,0.011589957401156425,out_of_fold
Wide Coverage Flow Model,xgboost,Yozgat,2016,high_justice_flow,0,0,0.005723065230995417,out_of_fold
Wide Coverage Flow Model,xgboost,Yozgat,2017,high_justice_flow,0,0,0.003352870000526309,out_of_fold
Wide Coverage Flow Model,xgboost,Yozgat,2018,high_justice_flow,0,0,0.003958393819630146,out_of_fold
Wide Coverage Flow Model,xgboost,Yozgat,2019,high_justice_flow,0,0,0.00271830172277987,out_of_fold
Wide Coverage Flow Model,xgboost,Yozgat,2020,high_justice_flow,0,0,0.001902703195810318,out_of_fold
Wide Coverage Flow Model,xgboost,Yozgat,2021,high_justice_flow,0,0,0.0010750909568741918,out_of_fold
Wide Coverage Flow Model,xgboost,Zonguldak,2011,high_justice_flow,1,1,0.9950786828994751,out_of_fold
Wide Coverage Flow Model,xgboost,Zonguldak,2012,high_justice_flow,1,1,0.9904937148094177,out_of_fold
Wide Coverage Flow Model,xgboost,Zonguldak,2013,high_justice_flow,1,1,0.9869421720504761,out_of_fold
Wide Coverage Flow Model,xgboost,Zonguldak,2014,high_justice_flow,1,1,0.9883169531822205,out_of_fold
Wide Coverage Flow Model,xgboost,Zonguldak,2015,high_justice_flow,1,1,0.9684204459190369,out_of_fold
Wide Coverage Flow Model,xgboost,Zonguldak,2016,high_justice_flow,1,1,0.9795377850532532,out_of_fold
Wide Coverage Flow Model,xgboost,Zonguldak,2017,high_justice_flow,1,1,0.9796417951583862,out_of_fold
Wide Coverage Flow Model,xgboost,Zonguldak,2018,high_justice_flow,1,1,0.899377167224884,out_of_fold
Wide Coverage Flow Model,xgboost,Zonguldak,2019,high_justice_flow,1,1,0.9108003377914429,out_of_fold
Wide Coverage Flow Model,xgboost,Zonguldak,2020,high_justice_flow,1,1,0.8844988942146301,out_of_fold
Wide Coverage Flow Model,xgboost,Zonguldak,2021,high_justice_flow,1,1,0.8424213528633118,out_of_fold
Wide Coverage Flow Model,xgboost,Çanakkale,2011,high_justice_flow,1,1,0.994245707988739,out_of_fold
Wide Coverage Flow Model,xgboost,Çanakkale,2012,high_justice_flow,1,1,0.9989385008811951,out_of_fold
Wide Coverage Flow Model,xgboost,Çanakkale,2013,high_justice_flow,1,1,0.9975142478942871,out_of_fold
Wide Coverage Flow Model,xgboost,Çanakkale,2014,high_justice_flow,1,1,0.9991797804832458,out_of_fold
Wide Coverage Flow Model,xgboost,Çanakkale,2015,high_justice_flow,1,1,0.9989601373672485,out_of_fold
Wide Coverage Flow Model,xgboost,Çanakkale,2016,high_justice_flow,1,1,0.9988952279090881,out_of_fold
Wide Coverage Flow Model,xgboost,Çanakkale,2017,high_justice_flow,1,1,0.9986672401428223,out_of_fold
Wide Coverage Flow Model,xgboost,Çanakkale,2018,high_justice_flow,1,1,0.9946328401565552,out_of_fold
Wide Coverage Flow Model,xgboost,Çanakkale,2019,high_justice_flow,1,1,0.9972660541534424,out_of_fold
Wide Coverage Flow Model,xgboost,Çanakkale,2020,high_justice_flow,1,1,0.995355486869812,out_of_fold
Wide Coverage Flow Model,xgboost,Çanakkale,2021,high_justice_flow,1,1,0.9772229790687561,out_of_fold
Wide Coverage Flow Model,xgboost,Çankırı,2011,high_justice_flow,0,0,0.005234812386333942,out_of_fold
Wide Coverage Flow Model,xgboost,Çankırı,2012,high_justice_flow,0,0,0.00446323724463582,out_of_fold
Wide Coverage Flow Model,xgboost,Çankırı,2013,high_justice_flow,0,0,0.0035957135260105133,out_of_fold
Wide Coverage Flow Model,xgboost,Çankırı,2014,high_justice_flow,0,0,0.0034094348084181547,out_of_fold
Wide Coverage Flow Model,xgboost,Çankırı,2015,high_justice_flow,0,0,0.0015257005579769611,out_of_fold
Wide Coverage Flow Model,xgboost,Çankırı,2016,high_justice_flow,0,0,0.0006258284556679428,out_of_fold
Wide Coverage Flow Model,xgboost,Çankırı,2017,high_justice_flow,0,0,0.000464251555968076,out_of_fold
Wide Coverage Flow Model,xgboost,Çankırı,2018,high_justice_flow,0,0,0.0005258734454400837,out_of_fold
Wide Coverage Flow Model,xgboost,Çankırı,2019,high_justice_flow,0,0,0.00046398097765631974,out_of_fold
Wide Coverage Flow Model,xgboost,Çankırı,2020,high_justice_flow,0,0,0.0003933542757295072,out_of_fold
Wide Coverage Flow Model,xgboost,Çankırı,2021,high_justice_flow,0,0,0.00040545628871768713,out_of_fold
Wide Coverage Flow Model,xgboost,Çorum,2011,high_justice_flow,1,1,0.8286541104316711,out_of_fold
Wide Coverage Flow Model,xgboost,Çorum,2012,high_justice_flow,0,1,0.7583432793617249,out_of_fold
Wide Coverage Flow Model,xgboost,Çorum,2013,high_justice_flow,0,1,0.5958803296089172,out_of_fold
Wide Coverage Flow Model,xgboost,Çorum,2014,high_justice_flow,0,0,0.21987177431583405,out_of_fold
Wide Coverage Flow Model,xgboost,Çorum,2015,high_justice_flow,0,0,0.4559668302536011,out_of_fold
Wide Coverage Flow Model,xgboost,Çorum,2016,high_justice_flow,0,1,0.6746705770492554,out_of_fold
Wide Coverage Flow Model,xgboost,Çorum,2017,high_justice_flow,0,0,0.15346895158290863,out_of_fold
Wide Coverage Flow Model,xgboost,Çorum,2018,high_justice_flow,0,0,0.07564463466405869,out_of_fold
Wide Coverage Flow Model,xgboost,Çorum,2019,high_justice_flow,1,0,0.019416334107518196,out_of_fold
Wide Coverage Flow Model,xgboost,Çorum,2020,high_justice_flow,1,0,0.07979323714971542,out_of_fold
Wide Coverage Flow Model,xgboost,Çorum,2021,high_justice_flow,1,0,0.08948676288127899,out_of_fold
Wide Coverage Flow Model,xgboost,İstanbul,2011,high_justice_flow,1,1,0.9993839263916016,out_of_fold
Wide Coverage Flow Model,xgboost,İstanbul,2012,high_justice_flow,1,1,0.9995415210723877,out_of_fold
Wide Coverage Flow Model,xgboost,İstanbul,2013,high_justice_flow,1,1,0.9996218681335449,out_of_fold
Wide Coverage Flow Model,xgboost,İstanbul,2014,high_justice_flow,1,1,0.9986283779144287,out_of_fold
Wide Coverage Flow Model,xgboost,İstanbul,2015,high_justice_flow,1,1,0.9993460774421692,out_of_fold
Wide Coverage Flow Model,xgboost,İstanbul,2016,high_justice_flow,1,1,0.9995601773262024,out_of_fold
Wide Coverage Flow Model,xgboost,İstanbul,2017,high_justice_flow,1,1,0.9994258880615234,out_of_fold
Wide Coverage Flow Model,xgboost,İstanbul,2018,high_justice_flow,1,1,0.9994258880615234,out_of_fold
Wide Coverage Flow Model,xgboost,İstanbul,2019,high_justice_flow,1,1,0.995550274848938,out_of_fold
Wide Coverage Flow Model,xgboost,İstanbul,2020,high_justice_flow,1,1,0.9973593354225159,out_of_fold
Wide Coverage Flow Model,xgboost,İstanbul,2021,high_justice_flow,1,1,0.9955381751060486,out_of_fold
Wide Coverage Flow Model,xgboost,İzmir,2011,high_justice_flow,1,1,0.9992703795433044,out_of_fold
Wide Coverage Flow Model,xgboost,İzmir,2012,high_justice_flow,1,1,0.9987086057662964,out_of_fold
Wide Coverage Flow Model,xgboost,İzmir,2013,high_justice_flow,1,1,0.9987892508506775,out_of_fold
Wide Coverage Flow Model,xgboost,İzmir,2014,high_justice_flow,1,1,0.998603880405426,out_of_fold
Wide Coverage Flow Model,xgboost,İzmir,2015,high_justice_flow,1,1,0.9982497096061707,out_of_fold
Wide Coverage Flow Model,xgboost,İzmir,2016,high_justice_flow,1,1,0.994417667388916,out_of_fold
Wide Coverage Flow Model,xgboost,İzmir,2017,high_justice_flow,1,1,0.9901442527770996,out_of_fold
Wide Coverage Flow Model,xgboost,İzmir,2018,high_justice_flow,1,1,0.9939931035041809,out_of_fold
Wide Coverage Flow Model,xgboost,İzmir,2019,high_justice_flow,1,1,0.9965672492980957,out_of_fold
Wide Coverage Flow Model,xgboost,İzmir,2020,high_justice_flow,1,1,0.997750461101532,out_of_fold
Wide Coverage Flow Model,xgboost,İzmir,2021,high_justice_flow,1,1,0.9931812882423401,out_of_fold
Wide Coverage Flow Model,xgboost,Şanlıurfa,2011,high_justice_flow,1,1,0.9996402263641357,out_of_fold
Wide Coverage Flow Model,xgboost,Şanlıurfa,2012,high_justice_flow,1,1,0.9996402263641357,out_of_fold
Wide Coverage Flow Model,xgboost,Şanlıurfa,2013,high_justice_flow,1,1,0.9996341466903687,out_of_fold
Wide Coverage Flow Model,xgboost,Şanlıurfa,2014,high_justice_flow,1,1,0.9996296167373657,out_of_fold
Wide Coverage Flow Model,xgboost,Şanlıurfa,2015,high_justice_flow,1,1,0.9995890259742737,out_of_fold
Wide Coverage Flow Model,xgboost,Şanlıurfa,2016,high_justice_flow,1,1,0.999559223651886,out_of_fold
Wide Coverage Flow Model,xgboost,Şanlıurfa,2017,high_justice_flow,1,1,0.9994033575057983,out_of_fold
Wide Coverage Flow Model,xgboost,Şanlıurfa,2018,high_justice_flow,1,1,0.9990997314453125,out_of_fold
Wide Coverage Flow Model,xgboost,Şanlıurfa,2019,high_justice_flow,1,1,0.9988388419151306,out_of_fold
Wide Coverage Flow Model,xgboost,Şanlıurfa,2020,high_justice_flow,1,1,0.9959753155708313,out_of_fold
Wide Coverage Flow Model,xgboost,Şanlıurfa,2021,high_justice_flow,1,1,0.9877447485923767,out_of_fold
Wide Coverage Flow Model,xgboost,Şırnak,2011,high_justice_flow,0,0,0.01732337661087513,out_of_fold
Wide Coverage Flow Model,xgboost,Şırnak,2012,high_justice_flow,0,0,0.016212664544582367,out_of_fold
Wide Coverage Flow Model,xgboost,Şırnak,2013,high_justice_flow,0,0,0.006168582942336798,out_of_fold
Wide Coverage Flow Model,xgboost,Şırnak,2014,high_justice_flow,0,0,0.002236191648989916,out_of_fold
Wide Coverage Flow Model,xgboost,Şırnak,2015,high_justice_flow,0,0,0.003620926756411791,out_of_fold
Wide Coverage Flow Model,xgboost,Şırnak,2016,high_justice_flow,0,0,0.004356731660664082,out_of_fold
Wide Coverage Flow Model,xgboost,Şırnak,2017,high_justice_flow,1,0,0.31859761476516724,out_of_fold
Wide Coverage Flow Model,xgboost,Şırnak,2018,high_justice_flow,0,0,0.22907280921936035,out_of_fold
Wide Coverage Flow Model,xgboost,Şırnak,2019,high_justice_flow,0,0,0.06346938014030457,out_of_fold
Wide Coverage Flow Model,xgboost,Şırnak,2020,high_justice_flow,0,0,0.26947516202926636,out_of_fold
Wide Coverage Flow Model,xgboost,Şırnak,2021,high_justice_flow,0,0,0.052335500717163086,out_of_fold
